State,Item,Cropping,FarmNum,Time,CropNum,PlantHeight,NumberOfLeaves,LeafLength,LeafWidth,PetioleLength,StemDiameter,NumberOfFruits
BoRyeong ,Strawberry,1,17,2020-11-12,3,32.0,10.0,8.5,12.0,12.0,28.0,1.0
BoRyeong ,Strawberry,1,17,2020-11-12,4,23.0,9.0,8.2,13.0,13.0,28.7,4.0
BoRyeong ,Strawberry,1,17,2020-11-19,1,29.8,7.0,11.0,8.0,11.0,25.3,1.0
BoRyeong ,Strawberry,1,17,2020-11-19,2,34.0,6.0,12.0,8.5,8.0,27.2,3.0
BoRyeong ,Strawberry,1,17,2020-11-19,3,31.0,8.0,10.5,7.5,10.0,21.0,2.0
BoRyeong ,Strawberry,1,17,2020-11-19,4,24.0,8.0,10.0,7.0,11.0,23.5,8.0
BoRyeong ,Strawberry,1,17,2020-11-27,1,28.0,7.0,12.0,9.0,11.0,26.0,9.0
BoRyeong ,Strawberry,1,17,2020-11-27,2,32.0,6.0,12.0,8.0,8.0,27.2,9.0
BoRyeong ,Strawberry,1,17,2020-11-27,3,33.0,8.0,11.0,8.0,9.0,22.0,11.0
BoRyeong ,Strawberry,1,17,2020-11-27,4,25.0,8.0,11.0,8.0,12.0,23.6,8.0
BoRyeong ,Strawberry,1,17,2020-12-04,1,30.0,7.0,12.0,9.0,11.0,26.2,12.0
BoRyeong ,Strawberry,1,17,2020-12-04,2,33.0,7.0,13.0,7.0,9.0,27.3,11.0
BoRyeong ,Strawberry,1,17,2020-12-04,3,34.0,8.0,12.0,9.0,9.0,22.5,10.0
BoRyeong ,Strawberry,1,17,2020-12-04,4,27.0,9.0,11.0,11.0,12.0,23.7,11.0
BoRyeong ,Strawberry,1,17,2020-12-10,3,34.0,8.0,12.0,9.0,9.0,23.0,7.0
BoRyeong ,Strawberry,1,17,2020-12-10,4,28.0,8.0,11.0,12.0,12.0,23.8,10.0
BoRyeong ,Strawberry,1,17,2020-12-17,1,31.0,14.0,14.0,9.0,12.0,26.7,5.0
BoRyeong ,Strawberry,1,17,2020-12-17,2,33.0,12.0,12.0,8.0,9.0,28.1,8.0
BoRyeong ,Strawberry,1,17,2020-12-17,3,32.0,13.0,13.0,10.0,8.0,25.3,7.0
BoRyeong ,Strawberry,1,17,2020-12-17,4,29.0,12.0,12.0,9.0,11.0,25.2,10.0
BoRyeong ,Strawberry,1,17,2020-12-24,1,32.0,7.0,14.0,9.0,12.0,26.7,7.0
BoRyeong ,Strawberry,1,17,2020-12-24,2,32.0,7.0,16.0,8.0,12.0,30.2,8.0
BoRyeong ,Strawberry,1,17,2020-12-24,3,31.0,8.0,12.0,9.0,10.0,32.1,7.0
BoRyeong ,Strawberry,1,17,2020-12-24,4,36.0,7.0,14.0,9.0,11.0,28.3,10.0
BoRyeong ,Strawberry,1,17,2021-02-05,4,30.0,7.0,12.0,9.0,10.0,29.5,6.0
BoRyeong ,Strawberry,1,17,2021-02-09,1,26.0,14.0,7.5,5.5,15.5,28.4,4.0
BoRyeong ,Strawberry,1,17,2021-02-09,2,25.5,12.0,6.5,5.5,14.5,31.7,4.0
BoRyeong ,Strawberry,1,17,2021-02-09,3,27.5,11.0,7.0,5.0,13.5,33.7,3.0
BoRyeong ,Strawberry,1,17,2021-02-09,4,27.5,12.0,7.5,6.0,12.5,30.7,4.5
BoRyeong ,Strawberry,1,17,2021-02-19,1,26.5,13.0,7.5,5.5,14.5,28.7,2.5
BoRyeong ,Strawberry,1,17,2021-02-19,2,26.5,12.0,6.5,5.0,14.5,31.9,3.6666666666666665
BoRyeong ,Strawberry,1,17,2021-02-19,3,28.5,12.0,6.5,4.5,15.5,33.9,2.0
BoRyeong ,Strawberry,1,17,2021-02-19,4,28.5,14.0,7.0,5.0,12.5,31.2,4.5
BoRyeong ,Strawberry,1,17,2021-02-26,1,27.5,14.0,7.5,5.5,14.5,28.9,2.0
BoRyeong ,Strawberry,1,17,2021-02-26,2,27.0,13.0,7.0,5.0,12.0,32.2,2.75
BoRyeong ,Strawberry,1,17,2021-02-26,3,25.5,14.0,5.5,4.5,13.5,34.2,1.5
BoRyeong ,Strawberry,1,17,2021-02-26,4,26.5,12.0,5.5,4.5,11.5,31.5,2.5
BoRyeong ,Strawberry,1,17,2021-03-05,1,25.0,15.0,6.5,5.0,12.5,29.2,1.0
BoRyeong ,Strawberry,1,17,2021-03-05,2,27.5,17.0,6.5,4.5,13.5,32.5,2.0
BoRyeong ,Strawberry,1,17,2021-03-05,3,26.5,17.0,6.5,5.0,14.5,34.6,1.0
BoRyeong ,Strawberry,1,17,2021-03-10,1,26.0,15.0,6.5,5.5,13.5,29.4,1.0
BoRyeong ,Strawberry,1,17,2021-03-10,2,28.0,17.0,6.5,5.0,14.5,32.7,2.0
BoRyeong ,Strawberry,1,17,2021-03-10,3,27.5,18.0,6.5,5.5,15.5,34.8,1.0
BoRyeong ,Strawberry,1,17,2021-03-10,4,28.5,16.0,6.0,5.0,12.5,31.9,1.0
BoRyeong ,Strawberry,1,17,2021-03-18,1,28.0,16.0,5.5,4.5,11.5,29.8,1.0
BoRyeong ,Strawberry,1,17,2021-03-18,2,29.5,17.0,6.5,5.5,14.5,33.2,2.5
BoRyeong ,Strawberry,1,17,2021-03-18,3,28.5,19.0,5.5,4.5,12.5,35.2,1.0
BoRyeong ,Strawberry,1,17,2021-03-18,4,28.5,17.0,6.0,5.5,13.5,32.4,2.0
BoRyeong ,Strawberry,1,17,2021-03-25,3,24.5,15.0,5.5,4.5,11.5,35.7,1.0
BoRyeong ,Strawberry,1,17,2021-03-25,4,26.5,14.0,5.5,4.5,10.5,32.6,2.0
BoRyeong ,Strawberry,1,17,2021-04-01,3,25.5,16.0,5.0,4.5,12.5,36.3,1.0
BoRyeong ,Strawberry,1,17,2021-04-01,4,26.5,16.0,5.5,5.0,13.0,33.4,2.0
BoRyeong ,Strawberry,1,17,2021-04-06,1,22.5,15.0,5.5,4.5,10.0,30.9,1.0
BoRyeong ,Strawberry,1,17,2021-04-06,2,28.5,21.0,5.5,5.0,11.5,34.7,2.0
BoRyeong ,Strawberry,1,17,2021-04-06,3,26.5,17.0,5.5,5.0,13.5,36.9,1.5
BoRyeong ,Strawberry,1,17,2021-04-06,4,27.5,18.0,5.5,4.0,12.5,33.9,2.0
BoRyeong ,Strawberry,1,17,2021-04-13,1,27.0,19.0,6.5,5.5,14.5,31.4,1.0
BoRyeong ,Strawberry,1,17,2021-04-13,2,30.5,23.0,6.0,5.0,13.5,35.1,1.5
BoRyeong ,Strawberry,1,17,2021-04-13,3,27.5,22.0,6.0,5.5,14.5,37.4,1.5
BoRyeong ,Strawberry,1,17,2021-04-13,4,28.5,22.0,5.5,4.5,13.5,34.4,2.0
BoRyeong ,Strawberry,1,17,2021-04-22,1,33.5,22.0,7.5,6.5,19.5,32.2,1.0
BoRyeong ,Strawberry,1,17,2021-04-22,2,32.5,24.0,6.5,5.5,21.5,36.3,2.0
BoRyeong ,Strawberry,1,17,2021-04-22,3,31.5,24.0,6.5,5.0,20.5,38.2,2.0
BoRyeong ,Strawberry,1,17,2021-04-22,4,30.5,23.0,6.0,5.0,19.5,35.3,1.0
BoRyeong ,Strawberry,1,17,2021-04-29,1,34.5,23.0,7.5,7.0,20.5,32.6,1.0
BoRyeong ,Strawberry,1,17,2021-04-29,2,33.5,25.0,7.0,6.0,22.5,36.8,2.0
BoRyeong ,Strawberry,1,17,2021-04-29,3,32.5,25.0,7.0,5.5,21.5,39.4,2.0
BoRyeong ,Strawberry,1,17,2021-04-29,4,31.5,24.0,6.5,5.5,20.5,36.2,1.0
BoRyeong ,Strawberry,1,17,2021-05-13,1,39.5,29.0,7.5,7.0,19.0,32.8,1.0
BoRyeong ,Strawberry,1,17,2021-05-13,2,37.5,28.0,8.5,7.5,21.0,37.1,1.0
BoRyeong ,Strawberry,1,17,2021-05-13,3,36.5,30.0,8.0,7.0,22.5,39.6,1.0
BoRyeong ,Strawberry,1,17,2021-05-13,4,37.5,24.0,6.5,7.0,23.5,36.4,2.0
BoRyeong ,Strawberry,1,17,2021-05-20,1,49.0,25.0,8.0,7.5,19.0,33.5,1.0
BoRyeong ,Strawberry,1,17,2021-05-20,2,48.0,26.0,8.5,8.0,21.5,37.5,1.5
BoRyeong ,Strawberry,1,17,2021-05-20,3,47.0,26.0,8.5,7.0,22.5,40.0,1.5
BoRyeong ,Strawberry,1,17,2021-05-20,4,49.5,23.0,8.5,7.5,24.0,37.0,2.5
BoRyeong ,Strawberry,1,17,2021-05-26,1,53.0,27.0,9.5,8.5,21.5,35.5,2.0
BoRyeong ,Strawberry,1,17,2021-05-26,2,51.0,28.0,9.5,8.5,22.0,38.0,1.5
BoRyeong ,Strawberry,1,17,2021-05-26,3,50.0,27.0,10.5,8.5,24.5,40.0,1.5
BoRyeong ,Strawberry,1,17,2021-05-26,4,52.0,25.0,9.5,8.0,23.5,38.5,2.5
GangJin,Strawberry,1,38,2020-11-19,1,19.1,9.0,10.0,8.6,6.7,16.86,1.0
GangJin,Strawberry,1,38,2020-11-19,3,20.5,7.0,10.0,8.9,8.4,14.94,1.0
GangJin,Strawberry,1,38,2020-11-19,4,21.7,7.0,10.2,9.6,12.7,16.77,1.0
GangJin,Strawberry,1,38,2020-11-25,1,21.1,6.0,9.9,8.0,9.8,15.49,3.0
GangJin,Strawberry,1,38,2020-11-25,2,23.1,8.0,9.4,8.3,8.8,16.18,3.0
GangJin,Strawberry,1,38,2020-11-25,3,21.2,7.0,10.2,9.1,10.3,16.1,6.0
GangJin,Strawberry,1,38,2020-11-25,4,20.5,6.0,10.2,8.5,8.1,15.37,4.0
GangJin,Strawberry,1,38,2020-12-02,1,22.4,6.0,10.5,8.4,10.7,16.5,9.0
GangJin,Strawberry,1,38,2020-12-02,2,22.6,7.0,9.8,8.5,10.0,16.48,6.0
GangJin,Strawberry,1,38,2020-12-02,3,22.4,7.0,10.4,9.6,10.5,16.09,8.0
GangJin,Strawberry,1,38,2020-12-02,4,22.5,7.0,10.2,9.0,9.4,15.87,7.0
GangJin,Strawberry,1,38,2020-12-09,1,23.0,7.0,10.5,8.4,10.7,16.77,9.0
GangJin,Strawberry,1,38,2020-12-09,2,23.3,7.0,10.1,8.8,9.8,17.93,7.0
GangJin,Strawberry,1,38,2020-12-09,3,22.8,8.0,10.8,9.9,11.3,17.9,8.0
GangJin,Strawberry,1,38,2020-12-09,4,22.0,7.0,10.6,9.2,10.1,17.67,8.0
GangJin,Strawberry,1,38,2020-12-16,1,23.1,7.0,10.3,8.4,10.6,18.06,9.0
GangJin,Strawberry,1,38,2020-12-16,2,23.4,7.0,10.0,8.9,10.1,18.42,7.0
GangJin,Strawberry,1,38,2020-12-16,3,22.7,8.0,8.5,8.1,12.4,17.51,8.0
GangJin,Strawberry,1,38,2020-12-16,4,22.0,7.0,10.6,9.1,9.6,17.38,8.0
GangJin,Strawberry,1,38,2020-12-24,1,23.4,8.0,10.3,8.0,11.7,18.09,5.0
GangJin,Strawberry,1,38,2020-12-24,2,23.6,8.0,9.0,8.0,10.2,18.01,7.0
GangJin,Strawberry,1,38,2020-12-24,3,23.7,9.0,9.4,7.8,10.2,17.87,8.0
GangJin,Strawberry,1,38,2020-12-24,4,23.5,8.0,9.7,7.8,9.6,17.16,9.0
GangJin,Strawberry,1,38,2021-01-06,1,22.5,9.0,10.5,6.5,10.1,18.2,5.5
GangJin,Strawberry,1,38,2021-01-06,2,23.5,9.0,9.0,7.9,10.9,18.88,3.5
GangJin,Strawberry,1,38,2021-01-06,3,24.1,10.0,9.7,7.8,11.3,19.27,5.0
GangJin,Strawberry,1,38,2021-01-06,4,23.5,8.0,10.1,7.8,10.3,15.77,4.5
GangJin,Strawberry,1,38,2021-01-13,1,23.8,8.0,6.7,7.5,10.1,16.62,5.0
GangJin,Strawberry,1,38,2021-01-13,2,23.5,8.0,9.1,7.8,11.1,17.69,3.5
GangJin,Strawberry,1,38,2021-01-13,3,24.0,8.0,9.7,8.0,10.1,16.27,5.0
GangJin,Strawberry,1,38,2021-01-13,4,23.5,8.0,9.8,7.8,10.5,14.82,5.5
GangJin,Strawberry,1,38,2021-01-20,1,24.0,8.0,7.5,6.5,10.0,17.88,4.0
GangJin,Strawberry,1,38,2021-01-20,2,23.8,8.0,7.5,6.3,8.3,17.91,2.5
GangJin,Strawberry,1,38,2021-01-20,3,22.5,9.0,9.4,7.8,11.1,16.5,1.0
GangJin,Strawberry,1,38,2021-01-20,4,23.6,9.0,7.5,6.2,9.5,14.81,3.5
GangJin,Strawberry,1,38,2021-01-27,1,22.7,9.0,7.0,6.1,11.1,17.96,4.0
GangJin,Strawberry,1,38,2021-01-27,2,23.8,9.0,7.4,6.5,8.2,18.3,4.0
GangJin,Strawberry,1,38,2021-01-27,3,23.2,9.0,6.1,5.0,8.5,16.73,1.0
GangJin,Strawberry,1,38,2021-01-27,4,23.4,8.0,7.6,6.2,9.5,15.67,2.5
GangJin,Strawberry,1,38,2021-02-03,1,24.0,9.0,7.2,5.9,11.4,15.67,4.0
GangJin,Strawberry,1,38,2021-02-03,2,23.8,10.0,7.5,6.3,8.1,17.5,3.0
GangJin,Strawberry,1,38,2021-02-03,3,24.2,10.0,6.2,5.1,8.5,15.76,1.0
GangJin,Strawberry,1,38,2021-02-03,4,24.0,9.0,7.4,6.1,10.0,16.6,4.0
GangJin,Strawberry,1,38,2021-02-09,1,23.7,9.0,7.0,6.0,11.2,16.0,3.0
GangJin,Strawberry,1,38,2021-02-09,2,23.5,9.0,7.5,6.4,9.0,18.1,2.5
GangJin,Strawberry,1,38,2021-02-09,3,23.8,10.0,6.4,5.1,9.0,18.1,5.0
GangJin,Strawberry,1,38,2021-02-09,4,23.5,9.0,7.4,6.3,9.5,16.71,2.5
GangJin,Strawberry,1,38,2021-02-17,1,23.5,10.0,7.0,6.0,11.2,17.02,2.0
GangJin,Strawberry,1,38,2021-02-17,2,24.0,10.0,6.4,5.7,6.5,19.72,3.5
GangJin,Strawberry,1,38,2021-02-17,3,24.5,10.0,6.7,5.6,8.5,17.01,4.0
GangJin,Strawberry,1,38,2021-02-17,4,24.2,10.0,5.5,5.0,6.0,16.1,1.5
GangJin,Strawberry,1,38,2021-02-24,1,23.2,10.0,7.8,6.8,10.5,16.74,3.0
GangJin,Strawberry,1,38,2021-02-24,2,24.0,11.0,6.6,6.1,7.5,20.64,4.0
GangJin,Strawberry,1,38,2021-02-24,3,23.7,11.0,7.0,6.0,6.6,17.65,2.5
GangJin,Strawberry,1,38,2021-02-24,4,23.7,10.0,5.5,5.5,7.7,16.1,5.0
GangJin,Strawberry,1,38,2021-03-04,1,23.4,10.0,6.7,5.1,10.3,17.0,3.0
GangJin,Strawberry,1,38,2021-03-04,2,24.2,11.0,7.8,6.9,8.0,19.4,2.5
GangJin,Strawberry,1,38,2021-03-04,3,24.3,10.0,8.2,6.4,9.1,17.73,3.5
GangJin,Strawberry,1,38,2021-03-04,4,24.4,11.0,7.1,6.2,8.8,18.06,3.0
GangJin,Strawberry,1,38,2021-03-09,1,21.0,8.0,5.5,4.8,10.5,14.77,2.0
GangJin,Strawberry,1,38,2021-03-09,2,19.3,8.0,8.0,7.1,8.8,14.24,2.5
GangJin,Strawberry,1,38,2021-03-09,3,23.2,10.0,8.5,9.8,10.2,19.04,2.5
GangJin,Strawberry,1,38,2021-03-09,4,18.8,8.0,7.4,6.4,9.0,18.6,3.0
GangJin,Strawberry,1,38,2021-03-17,1,21.2,9.0,10.4,7.1,7.3,15.13,2.0
GangJin,Strawberry,1,38,2021-03-17,2,20.2,10.0,8.3,7.6,9.0,14.37,6.0
GangJin,Strawberry,1,38,2021-03-17,3,25.4,9.0,8.5,7.4,14.0,20.23,1.5
GangJin,Strawberry,1,38,2021-03-17,4,22.0,8.0,8.4,7.0,10.2,19.3,3.5
GangJin,Strawberry,1,38,2021-03-25,2,22.6,9.0,9.1,8.1,11.4,14.46,2.0
GangJin,Strawberry,1,38,2021-03-25,3,28.4,10.0,8.5,7.8,13.2,20.23,1.5
GangJin,Strawberry,1,38,2021-03-25,4,24.7,8.0,8.0,7.6,13.7,19.04,1.5
GangJin,Strawberry,1,38,2021-04-01,2,21.5,9.0,8.3,7.0,10.2,18.05,1.5
GangJin,Strawberry,1,38,2021-04-01,3,27.4,9.0,8.3,7.0,10.2,18.05,2.0
GangJin,Strawberry,1,38,2021-04-01,4,27.2,8.0,8.3,6.5,12.2,24.71,1.5
GangJin,Strawberry,1,38,2021-04-08,2,23.0,8.0,8.5,7.0,10.5,13.73,2.0
GangJin,Strawberry,1,38,2021-04-08,3,29.7,8.0,8.4,7.3,17.5,24.83,2.0
GangJin,Strawberry,1,38,2021-04-08,4,29.0,9.0,9.4,7.5,15.0,23.77,1.0
GangJin,Strawberry,1,38,2021-04-15,1,25.5,9.0,8.9,7.0,9.0,15.15,1.0
GangJin,Strawberry,1,38,2021-04-15,2,4.5,9.0,8.2,7.4,12.0,14.12,2.0
GangJin,Strawberry,1,38,2021-04-15,3,31.0,8.0,8.7,7.4,18.3,24.83,1.5
GangJin,Strawberry,1,38,2021-04-15,4,39.5,8.0,9.6,7.6,16.1,23.58,1.5
GangJin,Strawberry,1,38,2021-04-22,1,26.0,8.0,9.3,7.4,10.0,15.71,2.0
GangJin,Strawberry,1,38,2021-04-22,2,29.0,9.0,8.7,7.8,13.5,15.15,2.0
GangJin,Strawberry,1,38,2021-04-22,3,35.5,8.0,9.0,7.9,19.0,25.88,1.5
GangJin,Strawberry,1,38,2021-04-22,4,33.6,11.0,10.0,8.0,16.4,22.49,1.5
GangJin,Strawberry,1,38,2021-04-29,1,26.1,9.0,8.0,6.0,13.3,16.8,2.0
GangJin,Strawberry,1,38,2021-04-29,2,28.4,10.0,9.2,7.3,10.5,16.37,2.0
GangJin,Strawberry,1,38,2021-04-29,3,34.0,9.0,8.8,8.0,21.1,25.57,1.0
GangJin,Strawberry,1,38,2021-04-29,4,35.0,10.0,9.3,7.5,19.1,23.92,3.0
GangJin,Strawberry,1,38,2021-05-07,1,31.0,9.0,7.8,6.4,14.5,17.02,2.0
GangJin,Strawberry,1,38,2021-05-07,2,28.1,10.0,10.5,9.3,13.2,16.67,2.0
GangJin,Strawberry,1,38,2021-05-07,3,37.5,9.0,9.3,8.3,22.2,27.32,2.5
GangJin,Strawberry,1,38,2021-05-07,4,38.6,9.0,12.5,10.2,23.3,17.7,1.5
GangJin,Strawberry,1,38,2021-05-13,1,26.8,9.0,8.3,6.4,15.0,17.27,1.0
GangJin,Strawberry,1,38,2021-05-13,2,28.8,10.0,7.7,6.4,14.6,16.98,3.0
GangJin,Strawberry,1,38,2021-05-13,3,36.9,10.0,8.5,7.3,12.0,24.26,3.0
GangJin,Strawberry,1,38,2021-05-13,4,38.2,9.0,9.4,8.5,22.4,18.28,2.5
GangJin,Strawberry,1,38,2021-05-21,1,32.3,9.0,7.7,5.4,16.6,17.61,1.0
GangJin,Strawberry,1,38,2021-05-21,2,28.5,8.0,9.9,7.5,14.5,17.21,3.0
GangJin,Strawberry,1,38,2021-05-21,3,39.3,10.0,9.3,8.3,22.5,26.38,3.0
GangJin,Strawberry,1,38,2021-05-21,4,40.5,9.0,10.6,8.4,25.6,18.92,2.0
GeoChang,Strawberry,1,51,2020-11-06,1,25.0,6.0,9.3,7.0,10.1,14.73,3.0
GeoChang,Strawberry,1,51,2020-11-06,2,25.9,8.0,10.0,8.2,11.2,15.52,1.0
GeoChang,Strawberry,1,51,2020-11-06,3,27.2,9.0,11.8,8.2,13.9,17.23,3.0
GeoChang,Strawberry,1,51,2020-11-06,4,29.7,7.0,12.0,9.6,13.0,16.8,4.0
GeoChang,Strawberry,1,51,2020-11-12,1,22.6,6.0,9.6,7.4,12.5,14.16,6.0
GeoChang,Strawberry,1,51,2020-11-12,2,26.1,7.0,10.7,7.5,12.9,15.14,3.0
GeoChang,Strawberry,1,51,2020-11-12,3,28.9,7.0,12.0,8.7,15.8,16.49,6.0
GeoChang,Strawberry,1,51,2020-11-12,4,30.5,6.0,12.5,9.4,13.1,16.87,8.0
GeoChang,Strawberry,1,51,2020-11-19,1,23.3,6.0,8.5,6.3,14.0,14.83,7.0
GeoChang,Strawberry,1,51,2020-11-19,2,26.3,7.0,10.7,7.9,13.8,15.37,6.0
GeoChang,Strawberry,1,51,2020-11-19,3,28.9,8.0,9.8,7.7,16.7,16.39,8.0
GeoChang,Strawberry,1,51,2020-11-19,4,28.0,7.0,12.9,9.7,12.7,16.52,12.0
GeoChang,Strawberry,1,51,2020-12-24,1,24.0,9.0,6.4,4.5,12.4,16.77,0.0
GeoChang,Strawberry,1,51,2020-12-24,2,31.5,7.0,9.7,6.5,18.3,16.05,3.0
GeoChang,Strawberry,1,51,2020-12-24,3,30.1,11.0,9.4,7.0,16.4,17.39,1.0
GeoChang,Strawberry,1,51,2020-12-24,4,30.5,10.0,9.3,6.7,18.7,17.44,2.5
GeoChang,Strawberry,1,51,2020-12-30,2,32.6,9.0,9.5,6.4,18.1,16.26,0.0
GeoChang,Strawberry,1,51,2020-12-30,3,29.3,10.0,9.3,6.6,17.8,17.19,3.0
GeoChang,Strawberry,1,51,2020-12-30,4,30.5,9.0,12.0,7.2,16.9,16.8,4.0
GeoChang,Strawberry,1,51,2021-01-11,1,24.3,11.0,6.9,4.4,13.5,18.29,2.0
GeoChang,Strawberry,1,51,2021-01-11,2,34.7,9.0,9.8,7.2,16.2,16.6,2.0
GeoChang,Strawberry,1,51,2021-01-11,3,31.6,13.0,8.0,5.9,14.2,18.88,6.0
GeoChang,Strawberry,1,51,2021-01-11,4,32.6,9.0,11.1,7.2,19.6,17.3,4.0
GeoChang,Strawberry,1,51,2021-02-03,1,25.0,7.0,7.3,5.5,13.0,14.68,4.5
GeoChang,Strawberry,1,51,2021-02-03,2,32.8,12.0,7.0,5.1,13.5,18.86,7.0
GeoChang,Strawberry,1,51,2021-02-03,3,26.1,7.0,6.7,4.5,12.2,14.84,2.0
GeoChang,Strawberry,1,51,2021-02-03,4,24.7,4.0,6.3,4.1,12.3,16.37,1.0
GeoChang,Strawberry,1,51,2021-02-09,1,25.9,7.0,9.6,6.7,15.7,14.83,5.0
GeoChang,Strawberry,1,51,2021-02-09,2,29.9,12.0,8.4,6.0,13.6,19.13,7.0
GeoChang,Strawberry,1,51,2021-02-09,3,25.9,7.0,6.0,4.3,14.4,16.33,3.0
GeoChang,Strawberry,1,51,2021-02-09,4,24.9,5.0,7.5,5.6,13.0,16.54,2.0
GeoChang,Strawberry,1,51,2021-02-16,1,24.9,9.0,7.3,5.5,13.5,14.02,4.5
GeoChang,Strawberry,1,51,2021-02-16,2,34.2,13.0,8.7,6.0,14.1,19.57,7.0
GeoChang,Strawberry,1,51,2021-02-16,3,26.7,7.0,6.0,4.4,14.5,16.35,4.5
GeoChang,Strawberry,1,51,2021-02-16,4,25.0,5.0,7.6,5.7,17.1,16.84,5.0
GeoChang,Strawberry,1,51,2021-02-25,1,24.5,8.0,7.5,5.9,14.2,15.1,2.6666666666666665
GeoChang,Strawberry,1,51,2021-02-25,2,30.9,14.0,8.9,6.9,16.1,18.15,6.0
GeoChang,Strawberry,1,51,2021-02-25,3,26.5,8.0,6.3,4.0,15.1,16.23,6.5
GeoChang,Strawberry,1,51,2021-02-25,4,24.0,5.0,7.0,5.7,16.5,14.47,3.5
GeoChang,Strawberry,1,51,2021-03-05,1,25.1,9.0,8.0,5.7,13.6,15.18,1.5
GeoChang,Strawberry,1,51,2021-03-05,2,34.5,12.0,9.3,7.0,17.0,19.33,4.0
GeoChang,Strawberry,1,51,2021-03-05,3,26.3,8.0,6.7,4.0,15.5,17.55,4.0
GeoChang,Strawberry,1,51,2021-03-05,4,32.1,8.0,10.1,7.8,18.3,16.82,4.5
GeoChang,Strawberry,1,51,2021-03-10,1,25.3,9.0,7.5,5.1,12.4,15.87,1.5
GeoChang,Strawberry,1,51,2021-03-10,2,31.8,12.0,9.3,7.2,17.0,19.45,3.6666666666666665
GeoChang,Strawberry,1,51,2021-03-10,3,27.0,8.0,6.8,4.8,15.9,17.83,3.5
GeoChang,Strawberry,1,51,2021-03-10,4,32.0,10.0,10.2,8.0,18.1,17.49,4.0
GeoChang,Strawberry,1,51,2021-03-25,1,26.1,11.0,7.7,5.2,12.4,16.72,1.0
GeoChang,Strawberry,1,51,2021-03-25,2,32.6,13.0,9.7,7.3,17.5,19.63,1.3333333333333333
GeoChang,Strawberry,1,51,2021-03-25,3,25.5,8.0,6.5,4.0,15.9,17.91,0.5
GeoChang,Strawberry,1,51,2021-03-25,4,29.5,6.0,10.9,8.6,18.2,16.4,2.0
GeoChang,Strawberry,1,51,2021-03-31,1,20.0,11.0,7.7,5.6,9.6,15.23,0.0
GeoChang,Strawberry,1,51,2021-03-31,2,32.3,12.0,8.2,6.3,17.1,17.61,1.0
GeoChang,Strawberry,1,51,2021-03-31,3,27.2,9.0,6.5,4.2,16.2,18.36,0.0
GeoChang,Strawberry,1,51,2021-03-31,4,29.4,7.0,7.0,5.4,18.1,17.28,1.5
GeoChang,Strawberry,1,51,2021-04-07,1,20.3,11.0,8.0,5.8,12.2,15.58,0.0
GeoChang,Strawberry,1,51,2021-04-07,2,32.2,10.0,8.5,6.5,16.5,15.18,1.0
GeoChang,Strawberry,1,51,2021-04-07,4,29.5,8.0,9.3,7.0,17.8,14.75,1.0
GeoChang,Strawberry,1,51,2021-04-13,1,23.3,11.0,10.2,6.5,12.3,16.09,1.0
GeoChang,Strawberry,1,51,2021-04-13,2,31.8,10.0,8.4,6.1,16.1,16.26,5.0
GeoChang,Strawberry,1,51,2021-04-13,4,29.0,8.0,9.8,7.1,17.1,17.45,3.0
GimJe,Strawberry,1,20,2020-11-03,4,31.2,5.0,13.3,11.2,15.5,17.22,0.0
GimJe,Strawberry,1,20,2020-11-24,1,32.5,6.0,13.0,9.2,15.6,20.52,7.0
GimJe,Strawberry,1,20,2020-11-24,2,29.5,6.0,10.8,8.3,13.2,19.96,5.0
GimJe,Strawberry,1,20,2020-11-24,3,32.7,7.0,14.6,11.7,14.5,21.64,7.0
GimJe,Strawberry,1,20,2020-11-24,4,32.5,6.0,13.7,10.6,14.6,21.84,7.0
GimJe,Strawberry,1,20,2020-12-01,1,31.5,6.0,12.6,8.7,18.5,21.44,9.0
GimJe,Strawberry,1,20,2020-12-01,2,29.2,7.0,12.7,7.5,13.2,20.23,8.0
GimJe,Strawberry,1,20,2020-12-01,3,33.2,7.0,12.5,8.6,15.1,21.81,9.0
GimJe,Strawberry,1,20,2020-12-01,4,32.5,7.0,12.8,9.2,15.2,22.45,8.0
GimJe,Strawberry,1,20,2020-12-08,1,33.7,7.0,12.7,8.8,18.9,21.48,10.0
GimJe,Strawberry,1,20,2020-12-08,2,30.5,7.0,12.7,7.6,15.2,20.52,10.0
GimJe,Strawberry,1,20,2020-12-08,3,33.5,7.0,12.6,8.7,15.7,21.97,9.0
GimJe,Strawberry,1,20,2020-12-08,4,32.9,7.0,12.9,9.3,15.9,22.48,8.0
GimJe,Strawberry,1,20,2020-12-15,1,34.3,7.0,12.5,8.7,19.4,22.25,12.0
GimJe,Strawberry,1,20,2020-12-15,2,31.2,7.0,12.6,7.9,15.8,20.87,11.0
GimJe,Strawberry,1,20,2020-12-15,3,33.5,7.0,12.6,9.0,16.1,21.95,9.0
GimJe,Strawberry,1,20,2020-12-15,4,32.9,8.0,11.7,8.9,18.0,23.01,8.0
GimJe,Strawberry,1,20,2020-12-22,1,34.5,7.0,12.5,8.7,19.7,22.51,9.0
GimJe,Strawberry,1,20,2020-12-22,2,31.5,8.0,12.7,7.9,15.7,20.96,4.5
GimJe,Strawberry,1,20,2020-12-22,3,33.5,8.0,10.2,8.2,16.2,22.21,8.0
GimJe,Strawberry,1,20,2020-12-22,4,33.0,8.0,12.1,8.9,18.2,23.28,6.0
GimJe,Strawberry,1,20,2020-12-29,1,34.5,5.0,12.5,8.7,19.7,19.72,4.5
GimJe,Strawberry,1,20,2020-12-29,2,31.7,6.0,12.7,7.9,15.7,20.26,5.0
GimJe,Strawberry,1,20,2020-12-29,3,33.6,7.0,10.4,8.5,17.5,21.24,3.0
GimJe,Strawberry,1,20,2020-12-29,4,33.1,7.0,12.1,8.9,18.2,22.32,3.0
GimJe,Strawberry,1,20,2021-01-07,1,34.7,5.0,12.7,9.1,19.8,20.03,4.0
GimJe,Strawberry,1,20,2021-01-07,2,31.8,6.0,13.0,8.0,16.2,20.46,5.0
GimJe,Strawberry,1,20,2021-01-07,3,33.8,7.0,9.8,7.3,20.3,21.73,2.5
GimJe,Strawberry,1,20,2021-01-07,4,33.1,7.0,9.8,7.6,16.6,22.1,2.0
GimJe,Strawberry,1,20,2021-01-13,1,35.0,5.0,13.0,9.1,20.1,20.06,3.0
GimJe,Strawberry,1,20,2021-01-13,2,32.1,6.0,13.1,8.0,16.9,20.47,4.0
GimJe,Strawberry,1,20,2021-01-13,3,33.8,7.0,9.9,7.5,20.7,21.83,2.5
GimJe,Strawberry,1,20,2021-01-13,4,33.1,7.0,10.0,7.6,17.2,22.17,2.0
GimJe,Strawberry,1,20,2021-01-21,1,35.4,5.0,13.0,9.2,20.7,20.09,5.0
GimJe,Strawberry,1,20,2021-01-21,2,32.6,5.0,13.3,8.0,17.1,20.54,7.0
GimJe,Strawberry,1,20,2021-01-21,3,33.2,6.0,10.0,7.5,20.8,21.85,6.0
GimJe,Strawberry,1,20,2021-01-21,4,33.1,7.0,10.0,7.6,17.2,22.4,6.0
GimJe,Strawberry,1,20,2021-01-27,1,35.4,5.0,13.0,9.2,20.7,21.0,9.0
GimJe,Strawberry,1,20,2021-01-27,2,32.9,5.0,13.4,8.0,17.3,20.76,12.0
GimJe,Strawberry,1,20,2021-01-27,3,33.5,6.0,10.1,7.5,20.8,21.92,9.0
GimJe,Strawberry,1,20,2021-01-27,4,33.0,7.0,10.0,7.6,17.2,22.51,11.0
GimJe,Strawberry,1,20,2021-02-03,1,35.8,5.0,13.0,9.2,20.9,21.02,6.0
GimJe,Strawberry,1,20,2021-02-03,2,33.5,5.0,13.4,8.0,18.3,20.78,7.0
GimJe,Strawberry,1,20,2021-02-03,3,33.7,6.0,10.2,7.5,21.6,22.03,5.0
GimJe,Strawberry,1,20,2021-02-03,4,32.8,7.0,10.0,7.6,17.2,22.64,10.0
GimJe,Strawberry,1,20,2021-02-10,1,35.8,5.0,13.0,9.2,20.9,21.12,6.0
GimJe,Strawberry,1,20,2021-02-10,2,33.7,5.0,13.4,8.0,18.5,20.8,5.0
GimJe,Strawberry,1,20,2021-02-10,3,34.0,7.0,8.2,5.5,12.5,22.21,5.0
GimJe,Strawberry,1,20,2021-02-10,4,32.7,7.0,10.0,7.6,16.9,22.91,9.0
GimJe,Strawberry,1,20,2021-02-17,1,36.6,5.0,13.1,9.3,21.8,21.16,5.0
GimJe,Strawberry,1,20,2021-02-17,2,34.9,5.0,13.5,8.0,19.3,20.95,4.0
GimJe,Strawberry,1,20,2021-02-17,3,34.7,7.0,8.4,5.5,12.8,22.32,4.0
GimJe,Strawberry,1,20,2021-02-17,4,32.7,8.0,9.7,7.1,17.8,23.01,6.0
GimJe,Strawberry,1,20,2021-02-24,1,37.1,6.0,12.0,8.2,20.3,21.17,1.0
GimJe,Strawberry,1,20,2021-02-24,3,35.0,6.0,8.5,5.5,13.0,23.49,2.0
GimJe,Strawberry,1,20,2021-02-24,4,32.5,8.0,9.7,7.1,17.8,23.08,3.0
GimJe,Strawberry,1,20,2021-03-04,1,37.1,6.0,12.0,8.2,20.3,21.17,2.0
GimJe,Strawberry,1,20,2021-03-04,4,32.5,8.0,6.2,5.8,16.2,23.11,1.0
GimJe,Strawberry,1,20,2021-03-10,1,37.4,7.0,4.9,4.0,14.6,21.19,5.0
GimJe,Strawberry,1,20,2021-03-10,3,35.2,10.0,6.0,4.6,11.7,23.57,0.0
GimJe,Strawberry,1,20,2021-03-10,4,31.7,10.0,6.6,5.7,11.1,23.25,2.0
GimJe,Strawberry,1,20,2021-03-17,1,35.1,6.0,7.0,6.8,14.1,19.95,10.0
GimJe,Strawberry,1,20,2021-03-17,3,35.4,11.0,5.8,4.5,10.1,22.19,1.0
GimJe,Strawberry,1,20,2021-03-17,4,32.8,10.0,8.2,6.9,12.2,22.05,3.0
GimJe,Strawberry,1,20,2021-03-24,1,35.1,7.0,9.9,8.1,19.0,19.91,11.0
GimJe,Strawberry,1,20,2021-03-24,2,30.0,9.0,7.1,5.6,14.9,19.22,0.0
GimJe,Strawberry,1,20,2021-03-24,3,29.1,11.0,8.8,7.7,19.4,20.47,3.0
GimJe,Strawberry,1,20,2021-03-24,4,32.8,9.0,8.4,7.0,13.5,22.03,3.0
GimJe,Strawberry,1,20,2021-03-31,1,35.1,7.0,7.2,5.5,16.5,19.91,5.5
GimJe,Strawberry,1,20,2021-03-31,2,35.8,10.0,8.7,6.5,19.1,19.25,1.0
GimJe,Strawberry,1,20,2021-03-31,3,33.0,11.0,10.5,9.3,21.1,20.98,4.0
GimJe,Strawberry,1,20,2021-03-31,4,30.0,10.0,9.3,7.2,12.1,21.32,2.0
GimJe,Strawberry,1,20,2021-04-08,1,35.2,7.0,9.0,6.4,18.1,19.56,5.0
GimJe,Strawberry,1,20,2021-04-08,2,40.0,8.0,9.3,7.0,20.2,19.25,5.0
GimJe,Strawberry,1,20,2021-04-08,3,39.5,9.0,12.0,10.5,21.2,21.37,4.5
GimJe,Strawberry,1,20,2021-04-08,4,29.6,10.0,9.0,5.7,18.3,21.71,0.0
GimJe,Strawberry,1,20,2021-04-14,1,38.5,7.0,9.1,6.4,18.1,19.58,3.0
GimJe,Strawberry,1,20,2021-04-14,2,42.0,9.0,11.4,8.8,24.8,20.38,6.5
GimJe,Strawberry,1,20,2021-04-14,3,42.2,10.0,8.6,6.7,24.3,21.71,4.0
GimJe,Strawberry,1,20,2021-04-14,4,33.8,10.0,7.0,4.9,19.2,22.15,1.5
GimJe,Strawberry,1,23,2020-10-28,1,36.8,4.0,14.3,10.4,17.1,14.68,1.0
GimJe,Strawberry,1,23,2020-10-28,2,35.3,6.0,16.1,10.3,17.3,17.69,0.0
GimJe,Strawberry,1,23,2020-10-28,3,31.9,6.0,13.7,10.4,16.6,14.85,1.0
GimJe,Strawberry,1,23,2020-10-28,4,30.5,5.0,12.1,8.7,12.6,15.05,1.0
GimJe,Strawberry,1,23,2020-11-04,1,39.5,5.0,13.5,9.5,18.7,16.11,4.0
GimJe,Strawberry,1,23,2020-11-04,2,37.7,6.0,16.1,10.3,17.4,18.4,2.0
GimJe,Strawberry,1,23,2020-11-04,3,34.5,6.0,13.9,10.5,16.8,16.82,2.0
GimJe,Strawberry,1,23,2020-11-04,4,31.8,5.0,12.2,9.0,12.6,15.8,2.0
GimJe,Strawberry,1,23,2020-11-11,1,40.7,5.0,13.6,9.6,19.2,16.74,7.0
GimJe,Strawberry,1,23,2020-11-11,2,39.3,6.0,14.8,10.6,20.1,18.83,3.0
GimJe,Strawberry,1,23,2020-11-11,3,35.1,5.0,13.9,10.7,17.0,17.1,4.0
GimJe,Strawberry,1,23,2020-11-11,4,32.5,6.0,14.9,10.3,15.1,16.63,6.0
GimJe,Strawberry,1,23,2020-11-18,1,40.8,6.0,14.9,10.0,24.0,18.53,12.0
GimJe,Strawberry,1,23,2020-11-18,2,39.5,6.0,15.0,10.8,20.1,18.61,6.0
GimJe,Strawberry,1,23,2020-11-18,3,36.8,6.0,14.2,10.2,18.7,17.33,9.0
GimJe,Strawberry,1,23,2020-11-18,4,33.2,6.0,13.5,9.6,18.0,17.0,9.0
GimJe,Strawberry,1,23,2020-11-25,1,41.3,6.0,14.9,10.1,24.0,18.88,13.0
GimJe,Strawberry,1,23,2020-11-25,2,39.6,6.0,15.2,10.9,20.2,19.77,9.0
GimJe,Strawberry,1,23,2020-11-25,3,37.2,6.0,14.4,10.3,19.0,18.72,13.0
GimJe,Strawberry,1,23,2020-11-25,4,33.9,5.0,13.5,9.8,18.2,17.13,11.0
GimJe,Strawberry,1,23,2020-12-02,1,41.4,7.0,11.5,9.1,22.5,19.06,15.0
GimJe,Strawberry,1,23,2020-12-02,2,40.1,7.0,14.4,10.0,22.8,19.3,10.0
GimJe,Strawberry,1,23,2020-12-02,3,37.6,5.0,14.4,10.3,19.0,18.62,16.0
GimJe,Strawberry,1,23,2020-12-02,4,34.0,6.0,11.6,8.6,16.5,17.34,12.0
GimJe,Strawberry,1,23,2020-12-09,1,41.4,7.0,11.5,9.1,22.6,19.08,13.0
GimJe,Strawberry,1,23,2020-12-09,2,41.0,7.0,14.4,10.0,24.0,19.76,11.0
GimJe,Strawberry,1,23,2020-12-09,3,37.8,6.0,13.3,9.5,22.6,18.92,16.0
GimJe,Strawberry,1,23,2020-12-09,4,34.0,6.0,11.8,8.6,17.4,17.55,11.0
GimJe,Strawberry,1,23,2020-12-16,1,41.4,7.0,11.5,9.1,22.6,19.15,11.0
GimJe,Strawberry,1,23,2020-12-16,2,41.2,8.0,11.2,7.5,26.5,19.87,8.0
GimJe,Strawberry,1,23,2020-12-16,3,37.8,6.0,13.3,9.5,22.6,19.3,14.0
GimJe,Strawberry,1,23,2020-12-16,4,34.0,6.0,11.8,8.7,17.5,17.66,11.0
GimJe,Strawberry,1,23,2020-12-23,1,41.4,7.0,11.7,9.2,22.9,19.25,8.0
GimJe,Strawberry,1,23,2020-12-23,2,41.2,8.0,11.3,7.6,26.6,20.24,8.0
GimJe,Strawberry,1,23,2020-12-23,3,38.1,6.0,13.4,9.7,22.7,20.7,9.0
GimJe,Strawberry,1,23,2020-12-23,4,34.0,7.0,9.1,7.1,17.2,17.94,3.5
GimJe,Strawberry,1,23,2020-12-30,1,41.4,6.0,11.7,9.2,22.9,20.03,3.5
GimJe,Strawberry,1,23,2020-12-30,2,41.2,7.0,11.3,7.6,26.6,20.26,1.5
GimJe,Strawberry,1,23,2020-12-30,3,38.1,6.0,13.5,9.7,22.7,20.18,7.0
GimJe,Strawberry,1,23,2020-12-30,4,34.1,7.0,9.1,7.1,17.2,17.91,5.0
GimJe,Strawberry,1,23,2021-01-07,1,41.4,6.0,11.7,9.2,22.9,20.06,2.0
GimJe,Strawberry,1,23,2021-01-07,2,41.2,8.0,9.2,7.0,21.2,20.45,1.5
GimJe,Strawberry,1,23,2021-01-07,3,38.4,6.0,13.5,9.8,23.2,21.06,2.5
GimJe,Strawberry,1,23,2021-01-07,4,34.1,7.0,9.5,7.1,17.5,19.62,3.0
GimJe,Strawberry,1,23,2021-01-13,1,41.4,6.0,11.6,9.2,22.8,20.15,2.0
GimJe,Strawberry,1,23,2021-01-13,2,41.2,8.0,9.2,7.0,21.3,20.68,1.0
GimJe,Strawberry,1,23,2021-01-13,3,39.0,6.0,13.5,9.9,23.6,21.87,1.0
GimJe,Strawberry,1,23,2021-01-13,4,34.1,7.0,9.5,7.2,17.6,19.65,2.0
GimJe,Strawberry,1,23,2021-01-21,1,41.4,6.0,10.3,7.2,20.4,20.41,4.0
GimJe,Strawberry,1,23,2021-01-21,2,41.2,7.0,9.2,7.0,21.3,20.74,4.0
GimJe,Strawberry,1,23,2021-01-21,3,39.3,6.0,13.7,9.9,23.9,21.89,1.0
GimJe,Strawberry,1,23,2021-01-27,1,41.2,6.0,14.8,10.3,24.0,20.43,6.0
GimJe,Strawberry,1,23,2021-01-27,2,41.0,7.0,9.5,7.0,21.3,21.09,5.0
GimJe,Strawberry,1,23,2021-01-27,3,40.5,6.0,10.5,7.3,20.5,21.93,3.0
GimJe,Strawberry,1,23,2021-02-03,1,41.2,6.0,10.3,7.2,20.2,21.06,5.0
GimJe,Strawberry,1,23,2021-02-03,2,40.8,7.0,9.5,7.0,21.3,21.33,5.0
GimJe,Strawberry,1,23,2021-02-03,3,39.8,6.0,10.6,7.4,20.9,21.99,3.0
GimJe,Strawberry,1,23,2021-02-10,2,40.5,6.0,9.6,7.0,21.3,21.36,5.0
GimJe,Strawberry,1,23,2021-02-10,4,37.3,7.0,7.8,6.1,17.6,21.35,0.0
GimJe,Strawberry,1,23,2021-02-17,1,41.0,6.0,10.3,7.2,19.6,22.32,0.0
GimJe,Strawberry,1,23,2021-02-17,2,40.3,6.0,9.6,7.0,21.2,21.43,5.0
GimJe,Strawberry,1,23,2021-02-17,4,34.3,7.0,7.8,6.1,17.6,21.96,1.0
GimJe,Strawberry,1,23,2021-02-24,1,40.8,7.0,7.5,6.1,20.3,22.35,2.0
GimJe,Strawberry,1,23,2021-02-24,2,40.3,8.0,5.6,4.7,17.3,21.85,2.0
GimJe,Strawberry,1,23,2021-02-24,4,36.1,8.0,7.8,6.1,19.9,22.07,2.0
GimJe,Strawberry,1,23,2021-03-04,1,32.7,5.0,7.7,6.7,14.5,20.95,6.0
GimJe,Strawberry,1,23,2021-03-04,2,39.5,7.0,7.5,6.5,13.7,21.55,2.0
GimJe,Strawberry,1,23,2021-03-04,3,32.4,5.0,8.1,6.6,16.5,20.05,1.0
GimJe,Strawberry,1,23,2021-03-04,4,36.1,7.0,7.2,5.2,13.0,21.75,3.0
GimJe,Strawberry,1,23,2021-03-10,1,32.2,8.0,8.4,7.8,15.8,20.95,4.0
GimJe,Strawberry,1,23,2021-03-10,2,39.5,8.0,7.6,6.6,13.9,21.65,4.0
GimJe,Strawberry,1,23,2021-03-10,3,32.2,7.0,8.2,7.4,17.0,20.08,2.0
GimJe,Strawberry,1,23,2021-03-10,4,31.2,6.0,6.9,5.7,13.8,21.8,2.6666666666666665
GimJe,Strawberry,1,23,2021-03-17,1,32.4,10.0,5.6,5.2,12.1,20.18,2.5
GimJe,Strawberry,1,23,2021-03-17,2,39.5,9.0,9.3,7.9,17.8,21.12,4.0
GimJe,Strawberry,1,23,2021-03-17,3,33.5,7.0,9.0,7.5,17.8,19.74,4.0
GimJe,Strawberry,1,23,2021-03-17,4,28.0,8.0,8.4,7.0,18.4,21.08,2.5
GimJe,Strawberry,1,23,2021-03-24,1,35.5,8.0,10.1,8.2,23.8,19.52,2.5
GimJe,Strawberry,1,23,2021-03-24,2,39.4,10.0,5.9,4.4,11.9,22.23,3.0
GimJe,Strawberry,1,23,2021-03-24,3,36.5,9.0,8.5,6.5,22.3,19.39,4.0
GimJe,Strawberry,1,23,2021-03-24,4,31.7,9.0,7.3,6.1,16.9,21.89,3.0
GimJe,Strawberry,1,23,2021-03-31,1,37.8,8.0,8.5,7.1,18.7,19.43,5.0
GimJe,Strawberry,1,23,2021-03-31,2,39.4,9.0,5.9,4.4,11.9,22.23,1.0
GimJe,Strawberry,1,23,2021-03-31,3,39.0,8.0,9.7,7.3,25.0,19.78,4.0
GimJe,Strawberry,1,23,2021-03-31,4,37.9,10.0,8.0,7.3,27.3,22.51,2.0
GimJe,Strawberry,1,23,2021-04-08,1,42.7,7.0,8.6,7.5,18.9,19.32,1.0
GimJe,Strawberry,1,23,2021-04-08,2,41.2,9.0,10.9,8.9,24.8,22.63,1.0
GimJe,Strawberry,1,23,2021-04-08,3,43.0,10.0,8.5,6.1,30.3,19.9,1.0
GimJe,Strawberry,1,23,2021-04-08,4,40.8,12.0,5.3,4.6,22.0,24.53,0.0
GimJe,Strawberry,1,23,2021-04-14,1,38.0,8.0,11.6,8.9,25.1,20.63,1.0
GimJe,Strawberry,1,23,2021-04-14,2,42.5,8.0,10.9,8.9,25.4,20.9,1.0
GimJe,Strawberry,1,23,2021-04-14,4,45.0,11.0,8.3,7.7,32.5,24.63,0.0
GimJe,Strawberry,1,25,2020-10-27,2,29.5,5.0,9.5,4.5,15.7,13.5,0.0
GimJe,Strawberry,1,25,2020-10-27,3,30.3,5.0,8.4,4.0,16.4,15.41,0.0
GimJe,Strawberry,1,25,2020-11-03,1,33.1,5.0,10.6,4.4,17.4,15.41,0.0
GimJe,Strawberry,1,25,2020-11-03,2,32.3,5.0,9.5,4.2,14.0,14.8,1.0
GimJe,Strawberry,1,25,2020-11-03,3,31.4,5.0,8.0,4.1,16.0,16.1,1.0
GimJe,Strawberry,1,25,2020-11-03,4,27.4,5.0,9.0,4.1,13.6,14.8,0.0
GimJe,Strawberry,1,25,2020-11-10,1,34.8,6.0,10.4,4.2,21.0,15.65,1.0
GimJe,Strawberry,1,25,2020-11-10,2,37.5,6.0,11.3,4.6,17.5,15.98,6.0
GimJe,Strawberry,1,25,2020-11-10,3,38.1,6.0,10.2,4.2,16.7,16.18,6.0
GimJe,Strawberry,1,25,2020-11-10,4,34.2,5.0,7.0,4.2,12.5,15.16,2.0
GimJe,Strawberry,1,25,2020-11-17,1,39.5,6.0,11.0,4.1,20.1,16.45,5.0
GimJe,Strawberry,1,25,2020-11-17,2,39.0,7.0,11.1,4.9,22.5,16.79,10.0
GimJe,Strawberry,1,25,2020-11-17,3,40.4,7.0,10.2,4.8,23.3,16.3,8.0
GimJe,Strawberry,1,25,2020-11-17,4,40.3,6.0,10.6,4.2,19.4,15.45,4.0
GimJe,Strawberry,1,25,2020-11-24,1,40.1,7.0,10.3,4.8,25.0,17.4,9.0
GimJe,Strawberry,1,25,2020-11-24,2,39.5,8.0,8.5,4.1,23.9,16.98,10.0
GimJe,Strawberry,1,25,2020-11-24,3,41.7,7.0,10.6,4.3,25.5,16.88,9.0
GimJe,Strawberry,1,25,2020-11-24,4,41.3,4.0,11.2,4.5,19.5,15.6,5.0
GimJe,Strawberry,1,25,2020-12-01,1,41.2,6.0,10.5,4.9,25.1,18.02,11.0
GimJe,Strawberry,1,25,2020-12-01,2,40.2,7.0,8.4,4.1,24.0,17.27,9.0
GimJe,Strawberry,1,25,2020-12-01,3,42.0,5.0,10.7,4.4,25.2,17.13,9.0
GimJe,Strawberry,1,25,2020-12-01,4,41.8,5.0,10.6,4.8,23.4,16.96,5.0
GimJe,Strawberry,1,25,2020-12-08,1,41.3,6.0,8.7,4.1,26.3,18.56,9.0
GimJe,Strawberry,1,25,2020-12-08,2,40.2,7.0,8.5,4.2,24.5,17.58,8.0
GimJe,Strawberry,1,25,2020-12-08,3,42.3,6.0,11.7,4.6,25.5,17.27,8.0
GimJe,Strawberry,1,25,2020-12-08,4,42.0,5.0,11.2,4.9,23.5,17.59,3.0
GimJe,Strawberry,1,25,2020-12-15,1,41.3,6.0,9.0,4.6,26.2,18.7,8.0
GimJe,Strawberry,1,25,2020-12-15,2,40.5,8.0,9.2,4.1,21.2,17.76,6.0
GimJe,Strawberry,1,25,2020-12-15,3,42.3,6.0,11.0,4.4,25.5,18.91,6.0
GimJe,Strawberry,1,25,2020-12-15,4,42.0,5.0,11.2,5.0,23.5,17.26,2.0
GimJe,Strawberry,1,25,2020-12-22,1,39.0,5.0,9.0,3.9,26.2,18.86,3.5
GimJe,Strawberry,1,25,2020-12-22,2,40.5,7.0,9.4,4.1,21.2,17.77,2.0
GimJe,Strawberry,1,25,2020-12-22,3,42.3,7.0,8.3,3.8,24.5,19.09,5.0
GimJe,Strawberry,1,25,2020-12-22,4,42.3,5.0,11.3,5.1,23.5,17.56,2.0
GimJe,Strawberry,1,25,2020-12-29,1,39.1,5.0,9.0,4.0,26.2,18.65,4.0
GimJe,Strawberry,1,25,2020-12-29,2,40.5,7.0,9.4,4.0,21.8,18.74,2.0
GimJe,Strawberry,1,25,2020-12-29,3,42.3,7.0,8.3,4.0,24.5,19.08,3.0
GimJe,Strawberry,1,25,2021-01-07,1,39.5,6.0,7.7,3.4,20.4,18.66,3.0
GimJe,Strawberry,1,25,2021-01-07,2,38.9,7.0,6.4,2.8,14.5,18.79,3.0
GimJe,Strawberry,1,25,2021-01-07,3,43.5,7.0,7.0,3.1,17.9,19.08,1.0
GimJe,Strawberry,1,25,2021-01-07,4,42.4,7.0,9.1,4.0,22.3,18.39,0.0
GimJe,Strawberry,1,25,2021-01-13,1,39.5,6.0,7.7,3.4,20.4,18.77,4.0
GimJe,Strawberry,1,25,2021-01-13,2,38.9,7.0,6.2,2.7,15.0,18.79,4.0
GimJe,Strawberry,1,25,2021-01-13,3,43.5,8.0,6.1,3.0,15.5,19.08,0.0
GimJe,Strawberry,1,25,2021-01-13,4,42.4,7.0,9.3,4.0,23.1,18.59,1.0
GimJe,Strawberry,1,25,2021-01-21,1,39.5,6.0,7.7,3.4,20.4,19.12,11.0
GimJe,Strawberry,1,25,2021-01-21,2,38.9,8.0,5.8,2.5,10.3,19.1,4.0
GimJe,Strawberry,1,25,2021-01-21,3,43.5,9.0,5.0,2.7,10.4,19.12,1.0
GimJe,Strawberry,1,25,2021-01-21,4,42.4,8.0,7.1,3.8,14.1,18.76,5.0
GimJe,Strawberry,1,25,2021-01-27,1,39.5,7.0,5.6,3.2,14.0,19.47,12.0
GimJe,Strawberry,1,25,2021-01-27,2,38.9,9.0,5.3,4.2,13.4,19.85,4.0
GimJe,Strawberry,1,25,2021-01-27,3,43.5,9.0,5.1,4.4,11.0,19.34,4.0
GimJe,Strawberry,1,25,2021-01-27,4,42.4,6.0,7.1,3.5,17.9,18.32,9.0
GimJe,Strawberry,1,25,2021-02-03,1,39.5,7.0,5.6,2.5,14.5,18.09,11.0
GimJe,Strawberry,1,25,2021-02-03,2,38.9,10.0,7.3,3.2,11.8,18.35,4.0
GimJe,Strawberry,1,25,2021-02-03,3,43.5,8.0,6.5,2.2,10.1,18.62,9.0
GimJe,Strawberry,1,25,2021-02-03,4,42.4,6.0,7.1,3.6,18.0,18.52,9.0
GimJe,Strawberry,1,25,2021-02-10,1,39.5,7.0,6.7,2.7,15.2,18.49,6.0
GimJe,Strawberry,1,25,2021-02-10,2,38.9,10.0,5.0,3.4,14.9,18.43,2.5
GimJe,Strawberry,1,25,2021-02-10,3,43.5,9.0,6.5,2.6,11.0,18.75,5.5
GimJe,Strawberry,1,25,2021-02-10,4,42.4,7.0,6.1,3.6,12.6,18.95,5.5
GimJe,Strawberry,1,25,2021-02-18,1,38.2,6.0,6.6,3.6,14.0,17.93,7.5
GimJe,Strawberry,1,25,2021-02-18,2,27.1,7.0,5.4,3.6,13.6,18.65,3.3333333333333335
GimJe,Strawberry,1,25,2021-02-18,3,22.4,4.0,6.5,2.8,11.2,18.98,5.0
GimJe,Strawberry,1,25,2021-02-18,4,40.2,5.0,6.4,3.4,14.4,18.99,6.0
GimJe,Strawberry,1,25,2021-02-25,1,38.2,6.0,6.6,3.8,14.2,17.98,7.0
GimJe,Strawberry,1,25,2021-02-25,2,27.2,8.0,8.5,3.7,16.0,18.74,7.0
GimJe,Strawberry,1,25,2021-02-25,3,24.6,6.0,5.6,3.8,13.6,19.02,6.0
GimJe,Strawberry,1,25,2021-02-25,4,40.2,5.0,6.4,3.5,14.6,18.99,5.0
GimJe,Strawberry,1,25,2021-03-05,1,29.5,5.0,6.6,4.1,14.7,18.03,4.5
GimJe,Strawberry,1,25,2021-03-05,2,30.4,9.0,8.1,3.8,19.6,18.79,4.0
GimJe,Strawberry,1,25,2021-03-05,3,25.7,9.0,5.6,2.9,17.8,19.04,5.5
GimJe,Strawberry,1,25,2021-03-05,4,28.0,5.0,6.4,4.0,14.8,18.87,2.0
GimJe,Strawberry,1,25,2021-03-11,1,30.1,6.0,7.7,3.2,16.4,18.06,2.6666666666666665
GimJe,Strawberry,1,25,2021-03-11,2,31.5,11.0,6.1,2.6,19.4,18.68,3.6666666666666665
GimJe,Strawberry,1,25,2021-03-11,3,30.1,10.0,6.1,3.2,19.0,19.23,4.0
GimJe,Strawberry,1,25,2021-03-11,4,28.1,5.0,6.3,4.0,15.1,18.72,3.0
GimJe,Strawberry,1,25,2021-03-18,1,32.4,6.0,7.3,3.5,21.8,17.52,2.5
GimJe,Strawberry,1,25,2021-03-18,2,35.9,11.0,6.9,3.2,18.0,18.07,3.5
GimJe,Strawberry,1,25,2021-03-18,3,33.4,10.0,6.6,3.2,18.0,18.5,2.5
GimJe,Strawberry,1,25,2021-03-18,4,28.5,7.0,6.3,3.3,18.0,18.75,1.5
GimJe,Strawberry,1,25,2021-03-25,1,33.2,6.0,7.4,3.4,22.8,17.51,3.0
GimJe,Strawberry,1,25,2021-03-25,2,37.0,12.0,7.0,2.9,23.3,18.0,2.5
GimJe,Strawberry,1,25,2021-03-25,3,34.2,11.0,6.3,2.7,18.4,18.26,1.5
GimJe,Strawberry,1,25,2021-03-25,4,32.2,7.0,6.6,2.7,21.4,18.67,1.5
GimJe,Strawberry,1,25,2021-04-01,1,36.7,7.0,6.8,2.5,21.2,17.72,3.0
GimJe,Strawberry,1,25,2021-04-01,2,36.7,11.0,8.5,3.5,26.0,18.17,1.5
GimJe,Strawberry,1,25,2021-04-01,3,38.1,11.0,6.4,2.9,28.3,18.43,1.0
GimJe,Strawberry,1,25,2021-04-01,4,38.6,7.0,8.7,3.6,27.0,18.71,0.5
GimJe,Strawberry,1,25,2021-04-09,1,38.0,5.0,8.5,2.8,26.0,17.57,1.6666666666666667
GimJe,Strawberry,1,25,2021-04-09,2,41.2,9.0,9.1,3.3,26.5,18.74,1.0
GimJe,Strawberry,1,25,2021-04-09,3,43.8,11.0,6.3,1.8,27.4,18.65,1.0
GimJe,Strawberry,1,25,2021-04-09,4,42.5,8.0,7.2,2.1,21.6,17.7,1.0
GimJe,Strawberry,1,25,2021-04-15,1,38.5,6.0,8.5,3.4,24.2,17.57,1.5
GimJe,Strawberry,1,25,2021-04-15,2,42.0,9.0,7.6,3.3,29.7,18.62,2.0
GimJe,Strawberry,1,25,2021-04-15,3,45.4,10.0,8.0,3.2,28.6,19.01,4.0
GimJe,Strawberry,1,25,2021-04-15,4,45.8,8.0,8.5,3.3,26.5,17.75,1.3333333333333333
HwaSun,Strawberry,1,31,2020-11-04,1,31.0,8.0,13.0,11.5,15.5,16.4,1.0
HwaSun,Strawberry,1,31,2020-11-04,2,33.5,7.0,12.5,11.0,15.0,14.7,1.0
HwaSun,Strawberry,1,31,2020-11-04,4,35.0,10.0,13.5,10.5,15.0,15.0,2.0
HwaSun,Strawberry,1,31,2020-11-10,1,34.5,8.0,13.5,10.0,17.5,16.5,5.0
HwaSun,Strawberry,1,31,2020-11-10,2,34.0,8.0,12.5,10.5,18.0,14.9,3.0
HwaSun,Strawberry,1,31,2020-11-10,3,33.0,8.0,14.5,12.0,15.0,15.7,1.0
HwaSun,Strawberry,1,31,2020-11-10,4,36.0,10.0,13.0,9.5,20.5,15.2,5.0
HwaSun,Strawberry,1,31,2020-11-16,1,36.0,6.0,12.0,10.5,20.0,16.7,7.0
HwaSun,Strawberry,1,31,2020-11-16,2,37.0,8.0,12.5,11.0,23.0,15.1,6.0
HwaSun,Strawberry,1,31,2020-11-16,3,33.0,6.0,11.5,9.8,19.0,15.9,4.0
HwaSun,Strawberry,1,31,2020-11-16,4,37.0,8.0,13.5,10.0,22.0,15.4,7.0
HwaSun,Strawberry,1,31,2020-11-25,1,37.0,7.0,12.5,11.0,22.5,16.9,10.0
HwaSun,Strawberry,1,31,2020-11-25,2,40.0,8.0,13.5,11.5,25.5,15.3,9.0
HwaSun,Strawberry,1,31,2020-11-25,3,34.0,7.0,10.5,8.5,20.0,16.1,9.0
HwaSun,Strawberry,1,31,2020-11-25,4,38.5,8.0,13.5,10.0,23.0,15.6,10.0
HwaSun,Strawberry,1,31,2020-12-03,1,37.5,8.0,12.0,9.0,18.0,16.9,9.0
HwaSun,Strawberry,1,31,2020-12-03,2,41.0,9.0,13.5,11.5,23.0,15.9,9.0
HwaSun,Strawberry,1,31,2020-12-03,3,37.5,8.0,12.5,11.0,21.5,16.1,9.0
HwaSun,Strawberry,1,31,2020-12-03,4,38.5,8.0,14.0,10.0,23.5,15.7,10.0
HwaSun,Strawberry,1,31,2020-12-08,1,37.5,8.0,12.0,9.0,19.0,17.0,9.0
HwaSun,Strawberry,1,31,2020-12-08,2,41.0,9.0,14.5,9.5,22.0,16.8,8.0
HwaSun,Strawberry,1,31,2020-12-08,3,38.5,9.0,13.0,9.0,21.0,15.4,9.0
HwaSun,Strawberry,1,31,2020-12-08,4,39.0,8.0,12.0,10.0,25.0,15.8,9.0
HwaSun,Strawberry,1,31,2020-12-17,1,38.0,8.0,13.0,9.0,18.0,17.1,8.0
HwaSun,Strawberry,1,31,2020-12-17,2,41.5,11.0,13.0,8.5,24.0,17.2,4.0
HwaSun,Strawberry,1,31,2020-12-17,3,39.0,9.0,13.0,9.5,24.0,15.5,9.0
HwaSun,Strawberry,1,31,2020-12-17,4,39.0,10.0,11.5,8.5,21.5,15.8,8.0
HwaSun,Strawberry,1,31,2021-01-08,1,37.2,7.0,12.4,9.0,18.0,17.29,4.0
HwaSun,Strawberry,1,31,2021-01-08,2,41.1,9.0,13.1,8.6,22.4,18.34,5.0
HwaSun,Strawberry,1,31,2021-01-08,3,41.5,8.0,12.8,9.0,18.5,19.52,3.5
HwaSun,Strawberry,1,31,2021-01-08,4,39.1,8.0,11.1,8.0,21.2,19.78,5.0
HwaSun,Strawberry,1,31,2021-01-13,1,38.1,7.0,9.0,6.4,17.0,16.66,3.5
HwaSun,Strawberry,1,31,2021-01-13,2,40.8,9.0,8.1,6.0,19.2,16.8,5.0
HwaSun,Strawberry,1,31,2021-01-13,3,39.1,8.0,7.9,6.1,16.8,19.34,3.5
HwaSun,Strawberry,1,31,2021-01-13,4,39.2,8.0,11.2,8.1,20.8,17.52,4.5
HwaSun,Strawberry,1,31,2021-01-21,1,38.5,10.0,8.7,6.4,16.8,18.02,3.0
HwaSun,Strawberry,1,31,2021-01-21,2,41.1,11.0,8.2,6.0,18.2,18.22,8.0
HwaSun,Strawberry,1,31,2021-01-21,3,39.2,8.0,8.1,6.2,16.5,20.89,7.0
HwaSun,Strawberry,1,31,2021-01-21,4,39.2,8.0,6.8,5.7,17.8,19.2,7.0
HwaSun,Strawberry,1,31,2021-01-28,1,38.0,9.0,9.0,6.3,17.1,18.93,5.0
HwaSun,Strawberry,1,31,2021-01-28,2,41.2,9.0,8.1,5.9,19.7,19.02,8.0
HwaSun,Strawberry,1,31,2021-01-28,3,38.5,9.0,8.1,5.8,16.7,20.51,7.0
HwaSun,Strawberry,1,31,2021-01-28,4,39.2,9.0,6.7,5.6,17.5,16.22,7.0
HwaSun,Strawberry,1,31,2021-02-04,1,38.5,9.0,9.0,6.4,17.2,17.0,4.0
HwaSun,Strawberry,1,31,2021-02-04,2,41.8,9.0,8.3,6.2,19.2,17.88,4.0
HwaSun,Strawberry,1,31,2021-02-04,3,39.2,8.0,8.2,6.1,16.1,18.91,7.0
HwaSun,Strawberry,1,31,2021-02-04,4,39.5,7.0,6.6,5.7,18.8,15.31,6.0
HwaSun,Strawberry,1,31,2021-02-10,1,38.6,9.0,6.2,4.3,9.0,17.53,4.0
HwaSun,Strawberry,1,31,2021-02-10,2,40.2,10.0,6.0,5.1,11.0,17.6,4.5
HwaSun,Strawberry,1,31,2021-02-10,3,39.2,10.0,8.2,6.0,16.4,18.6,7.0
HwaSun,Strawberry,1,31,2021-02-10,4,39.5,9.0,6.8,5.8,19.2,15.76,5.0
HwaSun,Strawberry,1,31,2021-02-18,1,38.5,10.0,6.1,4.5,9.5,17.78,3.0
HwaSun,Strawberry,1,31,2021-02-18,2,42.0,10.0,6.1,5.2,11.4,17.66,4.0
HwaSun,Strawberry,1,31,2021-02-18,3,39.2,10.0,7.0,5.5,12.0,19.02,5.0
HwaSun,Strawberry,1,31,2021-02-18,4,40.1,10.0,5.5,4.7,8.5,15.71,2.0
HwaSun,Strawberry,1,31,2021-02-25,1,38.5,10.0,7.5,6.7,11.4,18.14,2.0
HwaSun,Strawberry,1,31,2021-02-25,2,42.0,11.0,8.2,6.5,13.0,19.35,3.0
HwaSun,Strawberry,1,31,2021-02-25,3,40.0,10.0,7.7,6.6,15.5,19.02,2.6666666666666665
HwaSun,Strawberry,1,31,2021-02-25,4,39.8,9.0,6.6,4.6,10.0,16.68,3.0
HwaSun,Strawberry,1,31,2021-03-05,1,39.4,9.0,7.5,6.9,13.4,16.66,3.5
HwaSun,Strawberry,1,31,2021-03-05,2,42.2,10.0,8.2,6.8,14.2,19.69,4.5
HwaSun,Strawberry,1,31,2021-03-05,3,40.1,9.0,8.5,7.2,18.1,16.69,4.5
HwaSun,Strawberry,1,31,2021-03-05,4,40.2,11.0,7.5,5.5,15.2,15.58,2.5
HwaSun,Strawberry,1,31,2021-03-10,1,39.0,9.0,8.4,7.5,14.2,17.37,4.5
HwaSun,Strawberry,1,31,2021-03-10,2,42.5,10.0,8.5,6.7,15.0,19.45,4.0
HwaSun,Strawberry,1,31,2021-03-10,3,40.7,10.0,8.5,7.2,18.1,16.69,5.0
HwaSun,Strawberry,1,31,2021-03-10,4,40.2,9.0,8.2,6.4,16.8,15.71,3.0
HwaSun,Strawberry,1,31,2021-03-19,1,39.6,9.0,8.6,7.2,14.1,17.7,4.0
HwaSun,Strawberry,1,31,2021-03-19,2,41.0,9.0,9.6,8.1,21.5,19.24,2.5
HwaSun,Strawberry,1,31,2021-03-19,3,39.7,10.0,10.3,8.3,25.2,16.27,2.6666666666666665
HwaSun,Strawberry,1,31,2021-03-19,4,40.2,10.0,8.6,7.1,13.0,15.94,3.5
HwaSun,Strawberry,1,31,2021-03-24,1,38.4,9.0,9.8,6.8,20.6,21.69,2.0
HwaSun,Strawberry,1,31,2021-03-24,2,37.5,9.0,9.9,8.1,22.4,19.64,3.0
HwaSun,Strawberry,1,31,2021-03-24,3,39.5,10.0,11.3,8.0,20.4,16.88,2.0
HwaSun,Strawberry,1,31,2021-03-24,4,36.8,9.0,10.4,8.7,21.7,15.13,2.5
HwaSun,Strawberry,1,31,2021-03-31,1,38.6,11.0,9.8,7.5,22.2,20.3,1.0
HwaSun,Strawberry,1,31,2021-03-31,2,37.5,10.0,9.7,8.1,21.4,19.85,1.0
HwaSun,Strawberry,1,31,2021-03-31,3,39.0,9.0,11.3,8.6,21.4,16.88,3.0
HwaSun,Strawberry,1,31,2021-03-31,4,37.4,10.0,10.3,9.0,22.8,14.52,3.0
HwaSun,Strawberry,1,31,2021-04-07,1,42.2,11.0,11.0,9.8,21.1,19.17,2.0
HwaSun,Strawberry,1,31,2021-04-07,2,41.0,10.0,11.3,9.3,23.0,19.2,3.0
HwaSun,Strawberry,1,31,2021-04-07,3,46.2,10.0,11.7,8.7,22.8,17.22,2.0
HwaSun,Strawberry,1,31,2021-04-07,4,37.1,9.0,11.9,9.8,21.5,14.47,2.0
HwaSun,Strawberry,1,31,2021-04-13,1,45.2,10.0,11.0,9.0,25.7,18.16,2.0
HwaSun,Strawberry,1,31,2021-04-13,2,42.0,9.0,11.8,9.7,23.5,18.95,2.0
HwaSun,Strawberry,1,31,2021-04-13,3,48.8,8.0,10.4,8.7,30.4,16.45,1.5
HwaSun,Strawberry,1,31,2021-04-13,4,38.0,9.0,11.0,8.0,23.5,15.95,2.0
HwaSun,Strawberry,1,31,2021-04-21,1,49.5,10.0,11.0,8.1,30.5,24.34,1.5
HwaSun,Strawberry,1,31,2021-04-21,2,43.5,9.0,12.5,10.0,26.0,16.71,2.0
HwaSun,Strawberry,1,31,2021-04-21,3,48.8,11.0,11.0,9.5,30.1,17.97,1.5
HwaSun,Strawberry,1,31,2021-04-21,4,42.0,9.0,10.7,8.7,30.6,15.58,2.0
HwaSun,Strawberry,1,31,2021-04-28,1,52.0,11.0,10.6,8.0,29.0,25.37,1.0
HwaSun,Strawberry,1,31,2021-04-28,2,42.0,10.0,12.6,10.0,27.4,18.09,1.0
HwaSun,Strawberry,1,31,2021-04-28,3,49.5,9.0,12.7,9.5,31.6,16.06,2.0
HwaSun,Strawberry,1,31,2021-04-28,4,50.0,9.0,12.8,10.3,32.6,15.24,1.5
HwaSun,Strawberry,1,31,2021-05-06,1,51.5,11.0,12.5,9.6,30.5,24.62,1.0
HwaSun,Strawberry,1,31,2021-05-06,2,50.5,10.0,15.0,10.4,26.7,18.22,2.0
HwaSun,Strawberry,1,31,2021-05-06,3,50.7,10.0,10.5,8.4,31.0,21.98,2.0
HwaSun,Strawberry,1,31,2021-05-06,4,52.5,10.0,13.6,10.6,32.2,20.49,1.5
HwaSun,Strawberry,1,31,2021-05-12,1,53.0,11.0,10.6,9.0,33.3,25.87,1.0
HwaSun,Strawberry,1,31,2021-05-12,2,52.0,10.0,10.2,8.2,33.0,18.44,2.0
HwaSun,Strawberry,1,31,2021-05-12,3,52.0,10.0,12.3,7.6,32.0,21.88,1.5
HwaSun,Strawberry,1,31,2021-05-12,4,54.0,10.0,10.0,7.0,34.0,20.66,1.0
HwaSun,Strawberry,1,31,2021-05-18,1,55.0,10.0,13.2,10.8,32.4,27.81,1.0
HwaSun,Strawberry,1,31,2021-05-18,2,55.2,10.0,12.2,10.3,36.0,18.64,1.0
HwaSun,Strawberry,1,31,2021-05-18,3,43.5,9.0,11.2,9.5,25.0,22.24,1.0
HwaSun,Strawberry,1,31,2021-05-18,4,52.5,10.0,10.5,7.8,36.3,20.68,1.0
HwaSun,Strawberry,1,34,2020-11-04,1,32.0,7.0,11.4,10.3,13.0,16.9,2.0
HwaSun,Strawberry,1,34,2020-11-04,2,28.0,9.0,10.5,8.5,14.5,15.8,1.0
HwaSun,Strawberry,1,34,2020-11-04,3,25.0,7.0,12.5,10.0,9.0,16.9,1.0
HwaSun,Strawberry,1,34,2020-11-13,1,32.0,9.0,12.0,10.5,13.5,16.5,6.0
HwaSun,Strawberry,1,34,2020-11-13,2,28.0,7.0,11.0,8.5,15.0,15.1,7.0
HwaSun,Strawberry,1,34,2020-11-13,3,25.0,7.0,13.0,11.0,9.5,17.1,3.0
HwaSun,Strawberry,1,34,2020-11-13,4,35.0,8.0,13.5,10.0,17.5,16.0,3.0
HwaSun,Strawberry,1,34,2020-11-20,1,32.0,8.0,12.0,10.0,17.5,16.8,13.0
HwaSun,Strawberry,1,34,2020-11-20,2,29.0,7.0,11.5,10.0,16.5,15.5,13.0
HwaSun,Strawberry,1,34,2020-11-20,3,25.0,9.0,9.2,8.0,13.5,17.2,7.0
HwaSun,Strawberry,1,34,2020-11-20,4,35.0,9.0,10.5,9.5,18.0,16.4,7.0
HwaSun,Strawberry,1,34,2020-11-26,1,32.5,8.0,12.5,10.0,18.0,16.7,13.0
HwaSun,Strawberry,1,34,2020-11-26,2,29.5,5.0,11.5,10.0,17.0,15.8,7.0
HwaSun,Strawberry,1,34,2020-11-26,3,25.5,9.0,9.5,8.0,14.0,17.3,9.0
HwaSun,Strawberry,1,34,2020-11-26,4,35.5,9.0,10.5,9.5,18.0,16.8,10.0
HwaSun,Strawberry,1,34,2020-12-03,1,32.5,9.0,10.2,8.0,15.0,17.5,13.0
HwaSun,Strawberry,1,34,2020-12-03,2,29.7,7.0,11.5,9.0,14.5,16.3,8.5
HwaSun,Strawberry,1,34,2020-12-03,3,27.5,8.0,9.0,8.0,16.0,17.3,10.0
HwaSun,Strawberry,1,34,2020-12-03,4,35.5,10.0,11.0,10.0,19.0,17.1,12.0
HwaSun,Strawberry,1,34,2020-12-11,1,33.0,9.0,10.5,8.0,15.0,17.6,11.0
HwaSun,Strawberry,1,34,2020-12-11,2,30.0,8.0,11.5,9.0,15.5,16.5,9.0
HwaSun,Strawberry,1,34,2020-12-11,3,28.5,9.0,8.5,8.0,17.0,17.4,9.0
HwaSun,Strawberry,1,34,2020-12-11,4,35.5,9.0,9.0,7.0,15.0,17.4,11.0
HwaSun,Strawberry,1,34,2020-12-17,1,33.5,9.0,10.5,8.0,15.0,17.8,10.0
HwaSun,Strawberry,1,34,2020-12-17,2,30.0,8.0,11.5,9.0,15.0,16.7,8.5
HwaSun,Strawberry,1,34,2020-12-17,3,28.5,10.0,9.0,8.0,17.0,17.5,8.0
HwaSun,Strawberry,1,34,2020-12-17,4,35.5,11.0,9.5,7.0,15.0,17.6,10.0
HwaSun,Strawberry,1,34,2021-01-07,1,33.5,9.0,11.0,8.0,16.5,17.8,5.0
HwaSun,Strawberry,1,34,2021-01-07,2,30.0,8.0,11.5,9.0,16.0,17.0,4.666666666666667
HwaSun,Strawberry,1,34,2021-01-07,3,28.5,8.0,9.0,8.0,17.0,17.6,3.5
HwaSun,Strawberry,1,34,2021-01-07,4,35.5,11.0,9.9,7.7,15.5,17.9,7.0
HwaSun,Strawberry,1,34,2021-01-14,1,32.0,9.0,9.5,6.0,15.0,17.9,4.0
HwaSun,Strawberry,1,34,2021-01-14,2,30.0,9.0,7.2,5.5,14.0,17.2,3.6666666666666665
HwaSun,Strawberry,1,34,2021-01-14,3,28.6,8.0,6.9,5.0,10.5,17.7,1.5
HwaSun,Strawberry,1,34,2021-01-14,4,35.8,11.0,6.7,5.2,15.3,17.9,4.5
HwaSun,Strawberry,1,34,2021-01-21,1,32.5,9.0,9.3,5.8,15.0,18.0,4.0
HwaSun,Strawberry,1,34,2021-01-21,2,30.3,9.0,7.5,5.5,13.0,17.3,3.5
HwaSun,Strawberry,1,34,2021-01-21,3,29.0,9.0,7.0,4.8,10.5,17.8,1.5
HwaSun,Strawberry,1,34,2021-01-21,4,36.0,10.0,7.0,5.0,16.0,18.0,4.5
HwaSun,Strawberry,1,34,2021-01-28,1,33.0,10.0,9.5,6.0,14.5,18.1,4.0
HwaSun,Strawberry,1,34,2021-01-28,2,30.5,9.0,7.6,5.5,13.9,17.3,2.0
HwaSun,Strawberry,1,34,2021-01-28,3,29.0,8.0,7.3,5.3,10.0,17.9,1.5
HwaSun,Strawberry,1,34,2021-01-28,4,36.3,10.0,7.1,5.1,15.2,18.1,8.0
HwaSun,Strawberry,1,34,2021-02-04,1,33.2,10.0,6.5,5.3,7.5,18.1,4.0
HwaSun,Strawberry,1,34,2021-02-04,2,30.5,9.0,7.7,5.9,14.3,17.4,2.0
HwaSun,Strawberry,1,34,2021-02-04,3,30.5,8.0,8.5,7.3,15.5,18.0,2.5
HwaSun,Strawberry,1,34,2021-02-04,4,35.0,10.0,7.0,5.2,16.4,18.1,7.0
HwaSun,Strawberry,1,34,2021-02-10,1,33.5,9.0,6.4,5.2,9.2,18.2,3.0
HwaSun,Strawberry,1,34,2021-02-10,2,30.7,8.0,7.7,5.9,14.0,17.5,2.0
HwaSun,Strawberry,1,34,2021-02-10,3,31.6,9.0,8.4,7.3,16.3,18.2,3.0
HwaSun,Strawberry,1,34,2021-02-10,4,35.0,11.0,6.2,5.1,12.0,18.1,2.5
HwaSun,Strawberry,1,34,2021-02-18,1,33.9,10.0,6.7,5.5,10.0,18.2,2.0
HwaSun,Strawberry,1,34,2021-02-18,2,30.8,8.0,6.8,5.5,5.3,17.6,1.0
HwaSun,Strawberry,1,34,2021-02-18,3,31.8,9.0,8.5,7.2,16.3,18.3,4.0
HwaSun,Strawberry,1,34,2021-02-18,4,35.1,12.0,6.2,5.4,11.0,18.3,2.5
HwaSun,Strawberry,1,34,2021-02-25,1,33.9,11.0,7.6,5.6,11.0,18.3,4.0
HwaSun,Strawberry,1,34,2021-02-25,2,31.0,9.0,8.0,6.1,8.0,17.7,1.0
HwaSun,Strawberry,1,34,2021-02-25,3,31.9,11.0,9.0,7.7,17.0,18.4,1.5
HwaSun,Strawberry,1,34,2021-02-25,4,35.1,12.0,6.4,5.5,11.5,18.5,3.0
HwaSun,Strawberry,1,34,2021-03-05,1,34.0,12.0,8.7,6.4,10.8,18.4,7.0
HwaSun,Strawberry,1,34,2021-03-05,3,32.0,10.0,7.6,6.2,10.0,18.5,2.0
HwaSun,Strawberry,1,34,2021-03-05,4,35.5,12.0,8.2,6.0,10.5,18.7,3.0
HwaSun,Strawberry,1,34,2021-03-10,1,34.2,11.0,8.7,6.6,10.9,18.6,5.0
HwaSun,Strawberry,1,34,2021-03-10,2,31.2,10.0,8.6,6.7,8.8,18.2,3.0
HwaSun,Strawberry,1,34,2021-03-10,3,32.5,10.0,8.0,6.2,10.0,18.6,4.0
HwaSun,Strawberry,1,34,2021-03-10,4,35.5,14.0,8.5,6.3,11.0,18.8,3.0
HwaSun,Strawberry,1,34,2021-03-17,1,34.3,10.0,7.7,6.5,8.3,18.7,5.0
HwaSun,Strawberry,1,34,2021-03-17,2,31.2,13.0,8.6,6.6,9.4,18.3,3.0
HwaSun,Strawberry,1,34,2021-03-17,3,33.0,12.0,7.6,6.2,11.0,18.7,2.0
HwaSun,Strawberry,1,34,2021-03-17,4,35.5,14.0,7.9,6.2,11.5,18.9,1.5
HwaSun,Strawberry,1,34,2021-03-24,1,19.5,6.0,8.3,6.7,9.8,17.6,3.0
HwaSun,Strawberry,1,34,2021-03-24,2,22.5,8.0,8.7,6.5,9.0,17.4,3.0
HwaSun,Strawberry,1,34,2021-03-24,3,33.5,10.0,7.7,6.5,11.0,17.8,3.0
HwaSun,Strawberry,1,34,2021-03-24,4,30.0,12.0,9.7,7.4,13.6,17.9,2.0
HwaSun,Strawberry,1,34,2021-03-31,1,20.5,7.0,8.6,7.0,10.4,17.6,2.0
HwaSun,Strawberry,1,34,2021-03-31,2,22.5,7.0,7.6,6.2,10.2,17.4,2.0
HwaSun,Strawberry,1,34,2021-03-31,3,30.5,11.0,7.7,6.6,10.7,17.9,2.0
HwaSun,Strawberry,1,34,2021-03-31,4,30.3,13.0,9.3,7.1,12.9,17.9,1.5
HwaSun,Strawberry,1,34,2021-04-07,1,26.5,8.0,9.2,7.3,16.4,17.6,1.0
HwaSun,Strawberry,1,34,2021-04-07,2,26.0,9.0,8.6,7.6,16.3,17.4,2.0
HwaSun,Strawberry,1,34,2021-04-07,3,32.2,13.0,7.7,6.9,10.2,17.9,1.5
HwaSun,Strawberry,1,34,2021-04-07,4,35.0,16.0,9.0,8.1,14.1,17.9,1.0
HwaSun,Strawberry,1,34,2021-04-15,1,28.0,7.0,9.8,8.0,16.5,17.6,3.0
HwaSun,Strawberry,1,34,2021-04-15,2,32.8,9.0,9.3,8.4,17.7,17.5,2.0
HwaSun,Strawberry,1,34,2021-04-15,3,33.0,9.0,10.1,7.9,16.2,17.9,2.3333333333333335
HwaSun,Strawberry,1,34,2021-04-15,4,35.5,14.0,11.1,8.5,19.8,17.9,1.0
HwaSun,Strawberry,1,34,2021-04-21,1,30.0,7.0,10.0,8.5,17.5,17.8,1.5
HwaSun,Strawberry,1,34,2021-04-21,2,37.2,8.0,10.0,8.7,17.6,17.6,2.0
HwaSun,Strawberry,1,34,2021-04-21,3,37.9,11.0,10.2,8.5,18.0,18.0,1.75
HwaSun,Strawberry,1,34,2021-04-21,4,39.1,15.0,12.2,9.7,20.1,18.0,1.6666666666666667
HwaSun,Strawberry,1,34,2021-04-29,1,39.7,6.0,13.7,11.5,22.8,17.8,1.5
HwaSun,Strawberry,1,34,2021-04-29,2,38.6,9.0,11.9,9.2,24.4,17.6,1.5
HwaSun,Strawberry,1,34,2021-04-29,3,41.2,10.0,12.3,11.0,25.9,18.0,2.25
HwaSun,Strawberry,1,34,2021-04-29,4,43.5,12.0,12.5,10.3,21.3,18.0,2.3333333333333335
HwaSun,Strawberry,1,34,2021-05-07,1,40.2,7.0,15.1,11.8,25.9,17.8,1.0
HwaSun,Strawberry,1,34,2021-05-07,2,39.7,8.0,12.7,9.5,26.1,17.6,1.3333333333333333
HwaSun,Strawberry,1,34,2021-05-07,3,43.5,11.0,12.2,11.1,26.0,17.9,1.6666666666666667
HwaSun,Strawberry,1,34,2021-05-07,4,44.6,12.0,12.3,10.1,21.3,18.1,1.3333333333333333
HwaSun,Strawberry,1,34,2021-05-13,1,43.5,7.0,15.7,12.4,27.2,17.9,1.0
HwaSun,Strawberry,1,34,2021-05-13,2,41.5,7.0,13.4,9.8,26.9,17.7,1.5
HwaSun,Strawberry,1,34,2021-05-13,3,46.2,12.0,10.8,8.4,26.5,18.0,1.6666666666666667
HwaSun,Strawberry,1,34,2021-05-13,4,47.5,13.0,12.7,9.6,22.8,18.2,1.5
HwaSun,Strawberry,1,34,2021-05-21,1,48.2,8.0,12.3,9.7,27.1,17.8,3.0
HwaSun,Strawberry,1,34,2021-05-21,2,43.3,8.0,12.8,9.9,26.5,17.6,1.5
HwaSun,Strawberry,1,34,2021-05-21,3,46.8,13.0,10.2,8.9,27.4,17.9,1.6666666666666667
HwaSun,Strawberry,1,34,2021-05-21,4,50.5,13.0,12.7,10.3,22.8,18.1,2.4
JinCheon,Strawberry,1,5,2020-10-20,4,25.0,18.0,9.6,8.3,7.5,15.1,1.0
JinCheon,Strawberry,1,5,2020-10-27,1,23.5,21.0,12.0,9.0,11.7,16.87,2.0
JinCheon,Strawberry,1,5,2020-10-27,2,29.0,15.0,12.9,10.5,14.0,18.77,2.0
JinCheon,Strawberry,1,5,2020-10-27,3,30.0,15.0,12.0,8.5,16.0,16.5,5.0
JinCheon,Strawberry,1,5,2020-10-27,4,27.9,18.0,12.5,11.7,10.5,16.78,4.0
JinCheon,Strawberry,1,5,2020-11-03,1,26.6,21.0,12.1,9.3,14.1,16.89,6.0
JinCheon,Strawberry,1,5,2020-11-03,2,32.8,27.0,12.4,10.5,14.3,18.89,6.0
JinCheon,Strawberry,1,5,2020-11-03,3,34.3,21.0,12.4,9.3,16.8,17.78,11.0
JinCheon,Strawberry,1,5,2020-11-03,4,31.5,21.0,11.8,10.6,11.0,17.84,11.0
JinCheon,Strawberry,1,5,2020-11-10,1,32.0,21.0,12.6,10.0,10.2,16.98,11.0
JinCheon,Strawberry,1,5,2020-11-10,2,35.2,21.0,12.5,9.3,17.3,19.12,11.0
JinCheon,Strawberry,1,5,2020-11-10,3,35.0,18.0,12.2,11.0,11.1,19.11,15.0
JinCheon,Strawberry,1,5,2020-11-10,4,33.6,21.0,12.2,10.2,11.0,17.92,15.0
JinCheon,Strawberry,1,5,2020-11-17,1,32.0,21.0,12.3,9.5,13.5,17.32,13.0
JinCheon,Strawberry,1,5,2020-11-17,2,35.0,21.0,13.2,9.7,19.5,19.79,14.0
JinCheon,Strawberry,1,5,2020-11-17,3,36.9,24.0,12.8,9.6,17.5,19.21,18.0
JinCheon,Strawberry,1,5,2020-11-17,4,31.3,27.0,12.3,9.2,18.0,18.26,16.0
JinCheon,Strawberry,1,5,2020-11-24,1,30.2,24.0,12.0,9.5,13.2,18.81,5.0
JinCheon,Strawberry,1,5,2020-11-24,2,32.4,27.0,13.2,10.1,16.0,19.83,6.0
JinCheon,Strawberry,1,5,2020-11-24,3,36.0,27.0,13.1,10.0,20.0,19.6,9.0
JinCheon,Strawberry,1,5,2020-11-24,4,33.0,27.0,12.2,10.5,11.0,18.33,9.0
JinCheon,Strawberry,1,5,2020-12-01,1,34.3,27.0,11.9,10.8,11.0,20.78,4.0
JinCheon,Strawberry,1,5,2020-12-01,2,35.0,24.0,12.3,11.0,16.6,19.85,4.0
JinCheon,Strawberry,1,5,2020-12-01,3,36.4,24.0,8.1,6.1,15.0,19.76,6.0
JinCheon,Strawberry,1,5,2020-12-01,4,34.1,27.0,12.0,8.8,19.8,19.73,4.0
JinCheon,Strawberry,1,5,2020-12-08,1,32.3,30.0,12.8,10.0,13.2,20.98,2.0
JinCheon,Strawberry,1,5,2020-12-08,2,35.0,24.0,11.0,8.8,20.0,20.53,3.0
JinCheon,Strawberry,1,5,2020-12-08,3,35.0,24.0,5.5,7.0,13.6,20.86,4.0
JinCheon,Strawberry,1,5,2020-12-08,4,32.9,27.0,12.2,8.9,19.0,20.83,4.0
JinCheon,Strawberry,1,5,2020-12-15,2,35.1,24.0,13.5,10.1,18.3,20.91,1.0
JinCheon,Strawberry,1,5,2020-12-15,3,37.6,27.0,12.6,11.5,12.1,21.38,2.0
JinCheon,Strawberry,1,5,2020-12-15,4,34.2,30.0,9.0,6.8,17.2,22.57,1.0
JinCheon,Strawberry,1,5,2021-01-29,1,17.6,15.0,11.0,8.0,16.5,16.89,2.0
JinCheon,Strawberry,1,5,2021-01-29,3,20.7,12.0,13.5,10.0,16.0,17.14,1.0
JinCheon,Strawberry,1,5,2021-02-05,1,18.3,18.0,7.3,4.5,10.5,17.54,5.0
JinCheon,Strawberry,1,5,2021-02-05,3,20.8,15.0,13.5,10.5,15.5,17.18,2.0
JinCheon,Strawberry,1,5,2021-02-10,1,18.4,18.0,7.5,4.5,9.5,18.45,4.0
JinCheon,Strawberry,1,5,2021-02-10,3,21.5,15.0,12.0,8.5,18.7,17.38,4.0
JinCheon,Strawberry,1,5,2021-02-17,1,19.5,21.0,7.5,4.5,9.5,18.55,4.0
JinCheon,Strawberry,1,5,2021-02-17,3,22.6,15.0,14.5,10.0,19.0,17.91,4.0
JinCheon,Strawberry,1,5,2021-02-25,1,20.4,21.0,8.6,6.4,12.5,19.45,4.0
JinCheon,Strawberry,1,5,2021-02-25,3,22.9,15.0,15.0,8.8,20.0,18.15,4.0
JinCheon,Strawberry,1,5,2021-03-02,1,20.6,21.0,7.5,6.2,13.0,19.78,3.0
JinCheon,Strawberry,1,5,2021-03-02,3,23.6,18.0,15.0,8.5,17.5,18.98,3.0
JinCheon,Strawberry,1,5,2021-03-11,1,21.5,24.0,8.0,6.5,13.3,20.45,1.0
JinCheon,Strawberry,1,5,2021-03-11,3,23.4,18.0,15.0,10.3,15.5,19.55,2.0
JinCheon,Strawberry,1,5,2021-03-11,4,17.2,18.0,11.4,7.5,21.0,16.68,3.0
JinCheon,Strawberry,1,5,2021-03-19,2,21.8,15.0,13.5,10.5,15.5,18.7,2.0
JinCheon,Strawberry,1,5,2021-03-19,4,17.6,21.0,9.5,7.7,26.5,16.9,3.0
JinCheon,Strawberry,1,5,2021-03-22,2,21.5,18.0,16.0,7.0,24.0,19.87,3.0
JinCheon,Strawberry,1,5,2021-03-22,4,18.4,24.0,12.0,5.0,17.5,17.25,3.0
JinCheon,Strawberry,1,5,2021-03-31,2,22.5,18.0,15.0,8.5,21.0,19.6,3.0
JinCheon,Strawberry,1,5,2021-03-31,4,18.5,24.0,13.0,5.5,21.0,17.55,3.0
JinCheon,Strawberry,1,5,2021-04-06,1,23.8,21.0,11.6,7.5,18.0,20.45,1.0
JinCheon,Strawberry,1,5,2021-04-06,2,22.8,18.0,15.0,8.5,20.5,20.11,3.0
JinCheon,Strawberry,1,5,2021-04-06,4,19.5,21.0,11.4,7.3,30.0,17.9,3.0
JinCheon,Strawberry,1,5,2021-04-12,2,23.6,21.0,15.2,8.6,22.3,19.96,3.0
JinCheon,Strawberry,1,5,2021-04-12,4,19.7,21.0,15.5,9.8,21.0,18.48,3.0
JinCheon,Strawberry,1,5,2021-04-20,2,23.9,21.0,15.0,8.8,20.0,20.17,3.0
JinCheon,Strawberry,1,5,2021-04-20,4,20.5,21.0,12.9,8.0,18.0,18.53,3.0
JinCheon,Strawberry,1,5,2021-04-29,2,24.7,24.0,14.5,10.5,10.5,20.11,3.0
JinCheon,Strawberry,1,5,2021-04-29,4,20.3,21.0,16.0,10.5,15.5,19.07,3.0
NamWon,Strawberry,1,24,2020-10-26,1,23.8,4.0,6.0,6.0,11.4,13.95,0.0
NamWon,Strawberry,1,24,2020-10-26,2,21.9,4.0,7.0,6.0,8.4,13.54,0.0
NamWon,Strawberry,1,24,2020-10-26,4,23.7,4.0,7.0,6.0,10.2,12.12,0.0
NamWon,Strawberry,1,24,2020-11-02,1,27.9,5.0,8.0,7.0,13.2,17.21,0.0
NamWon,Strawberry,1,24,2020-11-02,2,28.4,5.0,9.0,7.0,11.3,14.6,1.0
NamWon,Strawberry,1,24,2020-11-02,4,30.7,6.0,9.0,8.0,12.0,15.46,1.0
NamWon,Strawberry,1,24,2020-11-09,1,30.1,6.0,9.0,8.0,15.2,18.27,3.0
NamWon,Strawberry,1,24,2020-11-09,2,31.2,5.0,9.0,8.0,13.0,16.4,4.0
NamWon,Strawberry,1,24,2020-11-09,4,33.7,6.0,9.0,8.0,12.8,16.6,6.0
NamWon,Strawberry,1,24,2020-11-16,1,32.5,6.0,9.0,8.0,15.6,20.04,6.0
NamWon,Strawberry,1,24,2020-11-16,2,35.2,5.0,10.0,8.0,14.3,18.0,7.0
NamWon,Strawberry,1,24,2020-11-16,4,34.9,7.0,9.0,9.0,19.6,17.22,8.0
NamWon,Strawberry,1,24,2020-11-23,1,35.0,6.0,10.0,9.0,18.6,20.31,8.0
NamWon,Strawberry,1,24,2020-11-23,2,37.8,5.0,10.0,9.0,19.6,19.69,8.0
NamWon,Strawberry,1,24,2020-11-23,3,34.9,4.0,10.0,9.0,15.5,17.14,1.0
NamWon,Strawberry,1,24,2020-11-23,4,36.1,7.0,10.0,10.0,20.5,17.87,9.0
NamWon,Strawberry,1,24,2020-11-30,1,35.5,5.0,10.0,9.0,19.4,19.22,9.0
NamWon,Strawberry,1,24,2020-11-30,2,38.8,5.0,10.0,9.0,19.9,19.86,10.0
NamWon,Strawberry,1,24,2020-11-30,3,35.2,5.0,10.0,10.0,21.3,17.45,1.0
NamWon,Strawberry,1,24,2020-11-30,4,36.6,6.0,10.0,10.0,20.9,16.72,10.0
NamWon,Strawberry,1,24,2020-12-07,1,36.1,5.0,10.0,10.0,21.7,18.68,9.0
NamWon,Strawberry,1,24,2020-12-07,2,40.1,5.0,11.0,10.0,24.4,18.86,9.0
NamWon,Strawberry,1,24,2020-12-07,3,35.3,5.0,10.0,10.0,21.3,17.89,3.0
NamWon,Strawberry,1,24,2020-12-07,4,36.7,7.0,10.0,11.0,18.0,16.61,10.0
NamWon,Strawberry,1,24,2020-12-14,1,36.2,5.0,11.0,10.0,21.7,19.11,8.0
NamWon,Strawberry,1,24,2020-12-14,2,40.4,5.0,11.0,10.0,24.5,19.01,7.0
NamWon,Strawberry,1,24,2020-12-14,3,35.5,5.0,10.0,10.0,21.6,17.92,6.0
NamWon,Strawberry,1,24,2020-12-14,4,36.7,7.0,10.0,11.0,18.1,16.4,6.0
NamWon,Strawberry,1,24,2020-12-21,1,36.5,5.0,10.0,10.0,22.0,19.12,3.5
NamWon,Strawberry,1,24,2020-12-21,2,41.0,5.0,11.0,10.0,24.5,19.02,6.0
NamWon,Strawberry,1,24,2020-12-21,3,35.5,6.0,10.0,11.0,21.3,18.38,6.0
NamWon,Strawberry,1,24,2020-12-21,4,36.7,7.0,10.0,11.0,18.1,16.43,5.0
NamWon,Strawberry,1,24,2020-12-28,1,37.0,5.0,11.0,10.0,23.0,19.33,3.0
NamWon,Strawberry,1,24,2020-12-28,2,41.0,5.0,11.0,10.0,24.7,19.1,1.5
NamWon,Strawberry,1,24,2020-12-28,3,35.6,6.0,10.0,11.0,21.5,19.08,6.0
NamWon,Strawberry,1,24,2020-12-28,4,36.7,7.0,10.0,11.0,18.1,16.62,4.0
NamWon,Strawberry,1,24,2021-01-05,1,36.6,5.0,10.0,10.0,23.0,20.09,3.0
NamWon,Strawberry,1,24,2021-01-05,2,41.1,5.0,11.0,10.0,24.7,19.11,1.5
NamWon,Strawberry,1,24,2021-01-05,3,35.7,6.0,10.0,11.0,21.8,19.12,6.0
NamWon,Strawberry,1,24,2021-01-05,4,36.7,7.0,10.0,12.0,21.3,17.54,1.5
NamWon,Strawberry,1,24,2021-01-11,1,37.1,5.0,11.0,10.0,23.1,20.11,2.0
NamWon,Strawberry,1,24,2021-01-11,2,41.2,5.0,11.0,10.0,24.7,19.66,1.0
NamWon,Strawberry,1,24,2021-01-11,3,35.7,7.0,10.0,12.0,19.9,19.73,6.0
NamWon,Strawberry,1,24,2021-01-11,4,41.0,7.0,7.0,14.0,18.2,21.93,9.0
NamWon,Strawberry,1,24,2021-01-19,2,41.4,5.0,11.0,10.0,24.8,20.04,4.0
NamWon,Strawberry,1,24,2021-01-19,3,35.8,7.0,10.0,12.0,20.0,19.98,2.5
NamWon,Strawberry,1,24,2021-01-19,4,36.7,7.0,10.0,13.0,17.6,17.9,1.0
NamWon,Strawberry,1,24,2021-01-25,1,37.5,4.0,10.0,10.0,23.1,20.56,11.0
NamWon,Strawberry,1,24,2021-01-25,2,41.5,5.0,11.0,10.0,24.5,20.82,8.0
NamWon,Strawberry,1,24,2021-01-25,3,36.0,6.0,10.0,12.0,20.2,19.98,2.5
NamWon,Strawberry,1,24,2021-01-25,4,36.6,8.0,10.0,14.0,11.7,18.93,4.0
NamWon,Strawberry,1,24,2021-02-01,1,37.5,5.0,10.0,11.0,22.8,19.34,11.0
NamWon,Strawberry,1,24,2021-02-01,2,41.6,6.0,11.0,11.0,26.4,21.9,12.0
NamWon,Strawberry,1,24,2021-02-01,3,36.2,6.0,10.0,12.0,20.2,18.32,3.5
NamWon,Strawberry,1,24,2021-02-01,4,36.5,8.0,10.0,14.0,12.6,19.03,4.5
NamWon,Strawberry,1,24,2021-02-08,1,37.3,5.0,10.0,10.0,22.8,19.62,11.0
NamWon,Strawberry,1,24,2021-02-08,2,41.8,7.0,11.0,12.0,19.4,22.29,10.0
NamWon,Strawberry,1,24,2021-02-08,3,36.2,6.0,10.0,12.0,20.3,18.35,4.0
NamWon,Strawberry,1,24,2021-02-08,4,36.3,8.0,10.0,14.0,12.6,19.52,5.5
NamWon,Strawberry,1,24,2021-02-15,1,37.1,5.0,10.0,11.0,22.5,19.86,11.0
NamWon,Strawberry,1,24,2021-02-15,2,42.0,6.0,11.0,12.0,19.8,22.08,5.0
NamWon,Strawberry,1,24,2021-02-15,3,36.2,5.0,10.0,12.0,20.3,17.41,6.0
NamWon,Strawberry,1,24,2021-02-15,4,36.3,8.0,10.0,15.0,13.1,18.87,3.3333333333333335
NamWon,Strawberry,1,24,2021-02-22,1,36.9,5.0,11.0,11.0,22.3,19.93,11.0
NamWon,Strawberry,1,24,2021-02-22,2,42.0,6.0,11.0,12.0,20.0,22.08,5.0
NamWon,Strawberry,1,24,2021-02-22,3,36.2,5.0,10.0,12.0,19.8,17.85,3.5
NamWon,Strawberry,1,24,2021-02-22,4,35.2,8.0,12.0,16.0,15.3,19.8,5.0
NamWon,Strawberry,1,24,2021-03-02,1,36.9,6.0,10.5,7.6,20.6,19.98,5.5
NamWon,Strawberry,1,24,2021-03-02,2,42.0,7.0,9.6,7.6,19.9,22.09,5.0
NamWon,Strawberry,1,24,2021-03-02,3,36.2,5.0,9.8,8.5,19.7,17.91,4.5
NamWon,Strawberry,1,24,2021-03-02,4,35.2,9.0,6.2,5.1,14.9,20.16,6.5
NamWon,Strawberry,1,24,2021-03-08,1,36.9,7.0,7.2,5.8,10.3,20.03,6.0
NamWon,Strawberry,1,24,2021-03-08,2,42.0,7.0,9.6,7.6,19.9,22.11,5.0
NamWon,Strawberry,1,24,2021-03-08,3,36.2,7.0,9.0,6.3,14.2,18.0,4.5
NamWon,Strawberry,1,24,2021-03-08,4,27.5,9.0,8.6,7.5,16.3,20.18,7.0
NamWon,Strawberry,1,24,2021-03-15,1,36.9,7.0,8.3,7.1,10.8,18.62,4.5
NamWon,Strawberry,1,24,2021-03-15,2,42.0,7.0,8.0,5.7,14.4,20.71,3.3333333333333335
NamWon,Strawberry,1,24,2021-03-15,3,36.2,7.0,9.6,5.8,10.2,17.65,2.3333333333333335
NamWon,Strawberry,1,24,2021-03-15,4,27.8,9.0,9.5,7.9,15.3,20.02,5.666666666666667
NamWon,Strawberry,1,24,2021-03-22,1,36.9,7.0,9.4,7.7,13.5,18.01,8.0
NamWon,Strawberry,1,24,2021-03-22,2,42.2,8.0,6.1,5.0,12.3,19.26,5.5
NamWon,Strawberry,1,24,2021-03-22,3,36.2,9.0,7.4,5.5,12.4,16.91,3.5
NamWon,Strawberry,1,24,2021-03-22,4,27.8,9.0,9.7,7.9,15.3,19.98,5.333333333333333
NamWon,Strawberry,1,24,2021-03-29,1,36.9,7.0,9.4,7.7,13.5,18.12,9.0
NamWon,Strawberry,1,24,2021-03-29,2,30.1,8.0,8.5,6.6,19.1,20.91,6.0
NamWon,Strawberry,1,24,2021-03-29,3,31.2,10.0,6.3,5.2,11.6,17.44,6.5
NamWon,Strawberry,1,24,2021-03-29,4,27.5,11.0,8.4,6.3,15.0,20.07,5.0
NamWon,Strawberry,1,24,2021-04-05,1,27.1,8.0,8.1,7.6,16.1,18.53,4.0
NamWon,Strawberry,1,24,2021-04-05,2,33.8,8.0,9.4,7.1,22.0,21.15,6.5
NamWon,Strawberry,1,24,2021-04-05,3,20.0,11.0,8.5,6.6,18.5,18.54,5.0
NamWon,Strawberry,1,24,2021-04-05,4,27.7,11.0,5.6,5.2,13.6,20.49,4.5
NamWon,Strawberry,1,24,2021-04-12,1,37.1,8.0,8.3,7.7,16.4,18.78,2.3333333333333335
NamWon,Strawberry,1,26,2020-10-26,1,25.7,4.0,10.6,7.6,11.0,12.23,0.0
NamWon,Strawberry,1,26,2020-10-26,2,25.5,5.0,12.3,10.9,11.9,14.09,1.0
NamWon,Strawberry,1,26,2020-10-26,3,28.2,5.0,13.0,11.0,13.6,13.88,1.0
NamWon,Strawberry,1,26,2020-10-26,4,20.5,5.0,10.0,8.2,7.3,14.34,0.0
NamWon,Strawberry,1,26,2020-11-02,1,29.0,5.0,12.0,9.3,13.9,14.71,1.0
NamWon,Strawberry,1,26,2020-11-02,2,27.0,6.0,10.6,10.0,11.5,15.95,3.0
NamWon,Strawberry,1,26,2020-11-02,3,27.5,6.0,12.5,10.0,13.7,16.03,3.0
NamWon,Strawberry,1,26,2020-11-02,4,22.5,6.0,6.3,5.8,12.7,17.32,1.0
NamWon,Strawberry,1,26,2020-11-09,1,28.2,6.0,13.5,9.6,13.6,15.72,3.0
NamWon,Strawberry,1,26,2020-11-09,2,28.5,6.0,11.7,10.1,11.2,16.82,7.0
NamWon,Strawberry,1,26,2020-11-09,3,29.0,7.0,12.2,10.7,14.5,16.85,7.0
NamWon,Strawberry,1,26,2020-11-09,4,38.5,6.0,12.5,9.2,16.2,18.15,5.0
NamWon,Strawberry,1,26,2020-11-16,1,30.3,7.0,11.8,9.7,17.7,16.07,6.0
NamWon,Strawberry,1,26,2020-11-16,2,30.5,7.0,11.6,9.1,16.6,17.74,11.0
NamWon,Strawberry,1,26,2020-11-16,3,30.9,8.0,12.9,11.0,16.0,17.28,11.0
NamWon,Strawberry,1,26,2020-11-16,4,39.8,7.0,14.5,12.0,15.4,18.37,7.0
NamWon,Strawberry,1,26,2020-11-23,1,31.0,7.0,12.1,9.4,17.0,16.42,7.0
NamWon,Strawberry,1,26,2020-11-23,2,30.5,8.0,10.0,8.4,15.5,18.15,10.0
NamWon,Strawberry,1,26,2020-11-23,3,31.7,9.0,11.5,8.5,19.1,17.59,10.0
NamWon,Strawberry,1,26,2020-11-23,4,40.0,7.0,14.8,12.1,15.5,19.25,10.0
NamWon,Strawberry,1,26,2020-11-30,1,31.4,6.0,12.1,9.4,17.0,16.39,6.0
NamWon,Strawberry,1,26,2020-11-30,2,30.5,8.0,10.0,8.4,16.0,18.56,9.0
NamWon,Strawberry,1,26,2020-11-30,3,32.2,9.0,12.2,9.0,17.0,16.45,9.0
NamWon,Strawberry,1,26,2020-11-30,4,40.0,8.0,12.5,9.1,23.1,20.77,9.0
NamWon,Strawberry,1,26,2020-12-07,1,32.1,7.0,11.0,8.3,19.5,17.18,6.0
NamWon,Strawberry,1,26,2020-12-07,2,30.6,7.0,10.3,8.4,16.3,18.89,4.0
NamWon,Strawberry,1,26,2020-12-07,3,32.7,7.0,12.2,9.2,17.0,16.85,9.0
NamWon,Strawberry,1,26,2020-12-07,4,40.4,7.0,12.5,9.1,23.1,20.17,8.0
NamWon,Strawberry,1,26,2020-12-14,1,32.2,6.0,11.1,8.3,19.5,18.63,2.0
NamWon,Strawberry,1,26,2020-12-14,2,30.6,7.0,10.3,8.4,16.5,19.31,2.0
NamWon,Strawberry,1,26,2020-12-14,3,32.7,7.0,12.2,9.2,17.0,17.05,3.5
NamWon,Strawberry,1,26,2020-12-14,4,40.4,8.0,10.2,7.6,19.9,20.35,3.5
NamWon,Strawberry,1,26,2020-12-21,1,32.2,6.0,11.1,8.5,19.5,18.67,1.0
NamWon,Strawberry,1,26,2020-12-21,2,30.6,7.0,10.3,8.4,16.5,19.34,1.0
NamWon,Strawberry,1,26,2020-12-21,3,32.7,7.0,12.2,9.2,17.0,17.76,3.0
NamWon,Strawberry,1,26,2020-12-21,4,40.4,8.0,10.4,7.6,20.0,20.41,3.0
NamWon,Strawberry,1,26,2020-12-28,1,32.2,5.0,11.1,8.5,19.5,18.76,1.5
NamWon,Strawberry,1,26,2020-12-28,2,30.6,7.0,10.3,8.4,16.5,19.58,2.0
NamWon,Strawberry,1,26,2020-12-28,3,33.1,7.0,12.5,9.3,17.6,17.68,1.5
NamWon,Strawberry,1,26,2020-12-28,4,40.5,6.0,10.4,7.7,20.2,20.56,2.5
NamWon,Strawberry,1,26,2021-01-05,1,32.2,5.0,11.2,8.5,19.5,19.2,2.0
NamWon,Strawberry,1,26,2021-01-05,2,30.6,7.0,10.5,8.5,16.5,20.05,4.0
NamWon,Strawberry,1,26,2021-01-05,3,33.3,8.0,10.6,8.3,19.8,17.53,3.0
NamWon,Strawberry,1,26,2021-01-05,4,40.7,6.0,10.8,7.8,20.3,21.59,2.5
NamWon,Strawberry,1,26,2021-01-11,1,32.4,6.0,9.4,8.1,19.2,20.31,3.0
NamWon,Strawberry,1,26,2021-01-11,2,31.0,7.0,10.6,8.5,19.0,19.89,5.0
NamWon,Strawberry,1,26,2021-01-11,3,33.5,8.0,9.9,7.7,19.4,17.42,5.0
NamWon,Strawberry,1,26,2021-01-11,4,41.0,7.0,10.1,7.3,18.2,21.93,9.0
NamWon,Strawberry,1,26,2021-01-19,1,32.4,6.0,11.4,8.6,19.7,20.86,3.0
NamWon,Strawberry,1,26,2021-01-19,2,31.2,7.0,10.7,8.6,19.1,20.94,6.0
NamWon,Strawberry,1,26,2021-01-19,3,34.1,8.0,10.0,7.7,19.6,18.31,5.0
NamWon,Strawberry,1,26,2021-01-19,4,41.1,7.0,9.0,6.2,16.4,20.86,6.0
NamWon,Strawberry,1,26,2021-01-25,1,32.3,8.0,6.9,6.1,14.3,20.89,3.0
NamWon,Strawberry,1,26,2021-01-25,2,31.6,9.0,6.2,5.3,13.2,21.05,6.0
NamWon,Strawberry,1,26,2021-01-25,3,34.2,9.0,7.6,5.6,13.3,18.82,6.0
NamWon,Strawberry,1,26,2021-01-25,4,41.7,7.0,9.2,6.4,17.3,20.89,3.0
NamWon,Strawberry,1,26,2021-02-01,1,32.0,8.0,6.9,6.1,14.4,21.16,3.0
NamWon,Strawberry,1,26,2021-02-01,2,31.8,9.0,6.3,5.5,13.4,21.54,6.0
NamWon,Strawberry,1,26,2021-02-01,3,34.8,9.0,7.8,5.7,13.4,18.87,6.0
NamWon,Strawberry,1,26,2021-02-01,4,41.7,7.0,9.2,6.4,17.5,21.01,3.5
NamWon,Strawberry,1,26,2021-02-08,1,32.2,7.0,11.4,8.4,19.5,20.99,1.5
NamWon,Strawberry,1,26,2021-02-08,2,32.0,9.0,6.3,5.5,13.6,21.67,2.5
NamWon,Strawberry,1,26,2021-02-08,3,35.1,9.0,7.8,5.7,13.4,19.01,3.5
NamWon,Strawberry,1,26,2021-02-08,4,41.8,7.0,9.2,6.4,17.6,21.13,4.0
NamWon,Strawberry,1,26,2021-02-15,1,32.6,7.0,6.9,6.1,14.4,21.05,2.0
NamWon,Strawberry,1,26,2021-02-15,2,32.0,9.0,6.3,5.5,13.6,21.85,4.5
NamWon,Strawberry,1,26,2021-02-15,3,35.1,9.0,7.8,5.7,13.5,19.08,4.5
NamWon,Strawberry,1,26,2021-02-15,4,41.8,7.0,9.2,6.4,18.0,21.61,4.0
NamWon,Strawberry,1,26,2021-02-22,1,32.6,7.0,7.0,6.2,14.2,21.07,3.0
NamWon,Strawberry,1,26,2021-02-22,2,32.1,9.0,5.5,5.5,13.6,21.85,4.0
NamWon,Strawberry,1,26,2021-02-22,3,35.1,9.0,7.7,5.7,13.3,19.14,4.0
NamWon,Strawberry,1,26,2021-02-22,4,41.6,8.0,7.0,5.6,13.1,21.73,4.333333333333333
NamWon,Strawberry,1,26,2021-03-02,1,26.4,6.0,6.3,6.5,12.1,19.98,4.5
NamWon,Strawberry,1,26,2021-03-02,2,32.0,8.0,7.8,7.2,12.7,21.53,3.0
NamWon,Strawberry,1,26,2021-03-02,3,32.9,6.0,6.6,6.0,12.3,19.52,3.5
NamWon,Strawberry,1,26,2021-03-02,4,41.6,8.0,7.1,6.0,13.3,21.68,6.0
NamWon,Strawberry,1,26,2021-03-08,1,26.4,7.0,6.5,4.9,12.0,20.01,5.0
NamWon,Strawberry,1,26,2021-03-08,2,32.0,8.0,7.9,7.2,12.8,21.56,3.5
NamWon,Strawberry,1,26,2021-03-08,3,33.1,6.0,6.6,6.0,12.4,19.58,4.0
NamWon,Strawberry,1,26,2021-03-08,4,33.2,6.0,6.5,5.4,11.6,20.63,4.0
NamWon,Strawberry,1,26,2021-03-15,1,26.4,7.0,6.7,4.9,8.5,19.98,5.0
NamWon,Strawberry,1,26,2021-03-15,2,32.0,9.0,7.0,6.5,12.8,21.48,3.3333333333333335
NamWon,Strawberry,1,26,2021-03-15,3,33.4,8.0,8.0,6.6,12.3,19.49,4.0
NamWon,Strawberry,1,26,2021-03-15,4,33.5,8.0,7.2,6.0,11.4,20.63,4.666666666666667
NamWon,Strawberry,1,26,2021-03-22,1,28.1,8.0,8.7,8.0,15.3,19.93,5.0
NamWon,Strawberry,1,26,2021-03-22,2,30.5,10.0,8.4,7.5,13.5,21.49,4.0
NamWon,Strawberry,1,26,2021-03-22,3,33.3,10.0,8.7,8.0,12.8,19.49,5.5
NamWon,Strawberry,1,26,2021-03-22,4,28.2,7.0,7.2,6.0,11.4,20.56,4.0
NamWon,Strawberry,1,26,2021-03-29,1,30.5,8.0,8.6,8.1,15.5,19.72,2.5
NamWon,Strawberry,1,26,2021-03-29,2,32.0,12.0,9.6,8.4,20.1,21.33,4.5
NamWon,Strawberry,1,26,2021-03-29,3,29.0,12.0,9.2,7.4,19.3,19.32,8.0
NamWon,Strawberry,1,26,2021-03-29,4,28.7,8.0,7.5,6.0,9.2,20.49,4.5
NamWon,Strawberry,1,26,2021-04-05,1,33.5,8.0,10.8,9.5,21.0,19.74,2.0
NamWon,Strawberry,1,26,2021-04-05,2,37.5,12.0,9.0,6.5,21.8,21.29,4.0
NamWon,Strawberry,1,26,2021-04-05,3,32.8,12.0,10.1,8.3,22.8,19.43,2.5
NamWon,Strawberry,1,26,2021-04-05,4,28.7,8.0,7.5,6.0,9.3,20.38,4.0
NamWon,Strawberry,1,26,2021-04-12,1,36.1,7.0,11.0,9.1,23.9,19.54,1.0
NamWon,Strawberry,1,26,2021-04-12,2,39.8,11.0,12.0,9.6,25.7,21.06,2.5
NamWon,Strawberry,1,26,2021-04-12,3,34.2,11.0,10.4,9.0,20.2,20.29,1.6666666666666667
NamWon,Strawberry,1,26,2021-04-12,4,23.5,9.0,8.0,6.5,12.8,20.29,1.5
NonSan,Strawberry,1,16,2020-11-04,1,25.0,6.0,10.0,8.0,14.0,16.7,3.0
NonSan,Strawberry,1,16,2020-11-04,2,29.0,5.0,12.0,10.0,13.0,17.8,2.0
NonSan,Strawberry,1,16,2020-11-04,3,29.0,6.0,12.0,10.0,13.0,16.7,1.0
NonSan,Strawberry,1,16,2020-11-04,4,27.0,8.0,10.0,9.0,14.0,16.1,2.0
NonSan,Strawberry,1,16,2020-11-10,1,28.0,7.0,10.5,9.0,15.0,20.2,6.0
NonSan,Strawberry,1,16,2020-11-10,2,31.0,6.0,11.0,9.0,15.5,20.5,3.0
NonSan,Strawberry,1,16,2020-11-10,3,31.0,6.0,10.5,9.0,17.5,16.2,4.0
NonSan,Strawberry,1,16,2020-11-10,4,31.0,10.0,10.0,8.5,18.0,25.9,3.0
NonSan,Strawberry,1,16,2020-11-17,1,30.0,8.0,10.0,8.0,16.0,23.1,10.0
NonSan,Strawberry,1,16,2020-11-17,2,32.0,6.0,12.0,9.0,15.0,20.7,7.0
NonSan,Strawberry,1,16,2020-11-17,3,32.0,6.0,11.0,8.0,18.0,17.7,8.0
NonSan,Strawberry,1,16,2020-11-17,4,32.0,12.0,8.0,6.0,16.0,26.7,6.0
NonSan,Strawberry,1,16,2020-11-24,1,32.0,7.0,10.0,8.0,16.0,23.7,12.0
NonSan,Strawberry,1,16,2020-11-24,2,34.0,7.0,11.0,9.0,20.0,21.4,7.0
NonSan,Strawberry,1,16,2020-11-24,3,31.0,7.0,9.0,8.0,19.0,17.8,8.0
NonSan,Strawberry,1,16,2020-11-24,4,33.0,13.0,10.0,8.0,16.0,26.8,6.0
NonSan,Strawberry,1,16,2020-12-01,1,32.0,7.0,11.0,8.0,19.0,24.6,11.0
NonSan,Strawberry,1,16,2020-12-01,2,34.0,7.0,12.0,10.0,18.0,22.7,7.0
NonSan,Strawberry,1,16,2020-12-01,3,30.0,7.0,9.0,8.0,19.0,20.1,8.0
NonSan,Strawberry,1,16,2020-12-01,4,32.0,14.0,12.0,9.0,19.0,20.7,6.0
NonSan,Strawberry,1,16,2020-12-08,1,31.0,5.0,11.0,8.0,19.0,15.8,11.0
NonSan,Strawberry,1,16,2020-12-08,2,34.0,5.0,12.0,10.0,18.0,17.4,7.0
NonSan,Strawberry,1,16,2020-12-08,3,31.0,5.0,9.0,8.0,19.0,18.5,8.0
NonSan,Strawberry,1,16,2020-12-08,4,33.0,9.0,10.0,8.0,20.0,16.3,7.0
NonSan,Strawberry,1,16,2020-12-15,1,32.0,5.0,11.0,8.0,20.0,16.1,9.0
NonSan,Strawberry,1,16,2020-12-15,2,34.0,5.0,12.0,10.0,19.0,18.2,6.0
NonSan,Strawberry,1,16,2020-12-15,3,32.0,5.0,9.0,8.0,20.0,18.8,7.0
NonSan,Strawberry,1,16,2020-12-15,4,32.0,9.0,10.0,8.0,21.0,16.7,5.0
NonSan,Strawberry,1,16,2020-12-22,1,33.0,6.0,10.0,8.0,19.0,16.8,8.0
NonSan,Strawberry,1,16,2020-12-22,2,35.0,8.0,11.0,9.0,18.0,18.9,4.0
NonSan,Strawberry,1,16,2020-12-22,3,32.0,6.0,10.0,8.0,20.0,19.3,7.0
NonSan,Strawberry,1,16,2020-12-22,4,32.0,10.0,10.0,8.0,22.0,17.3,3.0
NonSan,Strawberry,1,16,2020-12-29,1,33.0,6.0,10.0,8.0,20.0,17.4,6.0
NonSan,Strawberry,1,16,2020-12-29,2,33.0,8.0,11.0,9.0,19.0,19.3,2.5
NonSan,Strawberry,1,16,2020-12-29,3,32.0,6.0,10.0,8.0,22.0,19.7,4.0
NonSan,Strawberry,1,16,2020-12-29,4,32.0,11.0,9.0,7.0,16.0,18.0,1.5
NonSan,Strawberry,1,16,2021-01-08,1,34.0,7.0,11.5,8.5,20.0,13.69,3.0
NonSan,Strawberry,1,16,2021-01-08,2,33.4,8.0,7.3,5.7,14.0,20.3,3.0
NonSan,Strawberry,1,16,2021-01-08,3,31.3,6.0,7.5,5.5,14.0,16.75,2.0
NonSan,Strawberry,1,16,2021-01-08,4,35.0,12.0,9.0,7.0,17.5,31.47,3.0
NonSan,Strawberry,1,16,2021-01-15,1,34.0,7.0,11.5,8.5,20.0,15.4,5.0
NonSan,Strawberry,1,16,2021-01-15,2,35.5,10.0,7.0,5.5,15.0,24.9,4.0
NonSan,Strawberry,1,16,2021-01-15,3,31.0,7.0,7.5,5.5,13.0,18.5,2.5
NonSan,Strawberry,1,16,2021-01-15,4,34.0,12.0,6.5,6.5,12.0,14.74,2.0
NonSan,Strawberry,1,16,2021-01-15,4,34.0,12.0,6.5,6.5,12.0,15.92,4.0
NonSan,Strawberry,1,16,2021-01-22,1,33.0,7.0,11.0,8.5,20.0,18.08,8.0
NonSan,Strawberry,1,16,2021-01-22,2,35.0,11.0,7.2,6.0,14.5,21.18,4.0
NonSan,Strawberry,1,16,2021-01-22,3,32.0,9.0,6.0,5.0,13.0,19.09,2.0
NonSan,Strawberry,1,16,2021-01-22,4,35.0,14.0,7.4,6.5,12.0,15.49,4.0
NonSan,Strawberry,1,16,2021-01-29,1,33.5,8.0,6.5,4.5,10.0,23.42,8.0
NonSan,Strawberry,1,16,2021-01-29,2,32.0,11.0,6.5,5.5,15.0,20.52,3.0
NonSan,Strawberry,1,16,2021-01-29,3,29.0,8.0,6.2,5.0,13.5,21.98,5.0
NonSan,Strawberry,1,16,2021-01-29,4,31.0,12.0,7.0,6.0,13.0,14.26,3.0
NonSan,Strawberry,1,16,2021-01-29,4,31.0,12.0,7.0,6.0,13.0,19.62,2.0
NonSan,Strawberry,1,16,2021-02-05,1,34.5,8.0,7.0,4.5,11.5,23.7,8.0
NonSan,Strawberry,1,16,2021-02-05,2,34.0,13.0,6.0,5.5,12.5,20.89,2.0
NonSan,Strawberry,1,16,2021-02-05,3,29.5,11.0,6.8,5.2,14.0,20.89,3.0
NonSan,Strawberry,1,16,2021-02-05,4,34.0,19.0,7.5,6.5,13.0,18.23,5.5
NonSan,Strawberry,1,16,2021-02-05,4,34.0,19.0,7.5,6.5,13.0,18.59,2.0
NonSan,Strawberry,1,16,2021-02-05,4,34.0,19.0,7.5,6.5,13.0,21.5,1.0
NonSan,Strawberry,1,16,2021-02-10,1,32.0,9.0,7.0,4.8,11.5,24.51,8.0
NonSan,Strawberry,1,16,2021-02-10,2,33.0,12.0,7.0,6.0,14.0,12.32,3.0
NonSan,Strawberry,1,16,2021-02-10,2,33.0,12.0,7.0,6.0,14.0,20.35,3.0
NonSan,Strawberry,1,16,2021-02-10,3,23.0,14.0,6.5,5.0,14.5,29.7,3.3333333333333335
NonSan,Strawberry,1,16,2021-02-10,4,30.5,20.0,7.5,6.5,14.5,18.54,6.0
NonSan,Strawberry,1,16,2021-02-10,4,30.5,20.0,7.5,6.5,14.5,20.1,5.0
NonSan,Strawberry,1,16,2021-02-19,1,33.0,10.0,7.0,6.0,11.5,22.96,4.5
NonSan,Strawberry,1,16,2021-02-19,2,33.0,19.0,7.5,6.5,15.0,10.96,4.0
NonSan,Strawberry,1,16,2021-02-19,2,33.0,19.0,7.5,6.5,15.0,23.6,2.5
NonSan,Strawberry,1,16,2021-02-19,3,26.0,14.0,6.0,5.6,16.0,27.36,2.0
NonSan,Strawberry,1,16,2021-02-19,4,31.0,23.0,7.2,5.0,15.5,4.77,1.0
NonSan,Strawberry,1,16,2021-02-19,4,31.0,23.0,7.2,5.0,15.5,13.51,7.0
NonSan,Strawberry,1,16,2021-02-19,4,31.0,23.0,7.2,5.0,15.5,19.61,3.5
NonSan,Strawberry,1,16,2021-02-26,1,30.0,12.0,7.5,6.5,16.0,26.92,5.5
NonSan,Strawberry,1,16,2021-02-26,2,33.0,18.0,8.0,6.5,16.0,37.22,4.0
NonSan,Strawberry,1,16,2021-02-26,3,30.0,16.0,7.2,5.8,17.0,26.28,2.0
NonSan,Strawberry,1,16,2021-02-26,4,30.0,22.0,8.0,6.7,16.0,38.72,4.0
NonSan,Strawberry,1,16,2021-03-05,1,26.0,9.0,7.2,6.4,13.5,22.47,3.3333333333333335
NonSan,Strawberry,1,16,2021-03-05,2,29.5,20.0,8.0,6.8,18.0,10.46,2.6666666666666665
NonSan,Strawberry,1,16,2021-03-05,2,29.5,20.0,8.0,6.8,18.0,25.04,3.0
NonSan,Strawberry,1,16,2021-03-05,3,31.0,11.0,6.5,5.5,11.5,32.63,2.6666666666666665
NonSan,Strawberry,1,16,2021-03-05,4,27.0,17.0,8.0,6.5,15.0,17.07,2.6666666666666665
NonSan,Strawberry,1,16,2021-03-05,4,27.0,17.0,8.0,6.5,15.0,18.79,4.0
NonSan,Strawberry,1,16,2021-03-10,1,26.0,10.0,6.4,7.4,14.0,19.97,2.3333333333333335
NonSan,Strawberry,1,16,2021-03-10,2,30.0,22.0,7.8,6.6,18.0,39.18,2.5
NonSan,Strawberry,1,16,2021-03-10,3,34.0,12.0,7.2,5.7,19.0,34.16,2.5
NonSan,Strawberry,1,16,2021-03-10,4,29.0,17.0,8.0,5.8,15.0,15.5,1.0
NonSan,Strawberry,1,16,2021-03-10,4,29.0,17.0,8.0,5.8,15.0,18.91,4.75
NonSan,Strawberry,1,16,2021-03-18,1,27.0,9.0,8.0,6.8,18.0,17.7,2.3333333333333335
NonSan,Strawberry,1,16,2021-03-18,2,30.0,21.0,8.0,7.0,17.0,41.26,2.3333333333333335
NonSan,Strawberry,1,16,2021-03-18,3,37.0,13.0,7.8,6.7,18.5,34.8,2.0
NonSan,Strawberry,1,16,2021-03-18,4,31.0,18.0,8.0,7.8,15.0,41.02,3.5
NonSan,Strawberry,1,16,2021-03-25,1,26.0,9.0,7.5,5.0,15.0,16.52,3.0
NonSan,Strawberry,1,16,2021-03-25,2,32.0,18.0,8.2,6.0,17.0,16.47,2.5
NonSan,Strawberry,1,16,2021-03-25,2,32.0,18.0,8.2,6.0,17.0,21.13,1.5
NonSan,Strawberry,1,16,2021-03-25,3,40.0,12.0,7.5,5.8,19.0,34.05,2.5
NonSan,Strawberry,1,16,2021-03-25,4,30.0,15.0,7.4,5.2,15.5,17.92,2.5
NonSan,Strawberry,1,16,2021-04-01,1,27.0,10.0,7.5,6.2,14.5,22.42,3.0
NonSan,Strawberry,1,16,2021-04-01,2,32.0,18.0,8.2,6.2,18.0,21.36,1.5
NonSan,Strawberry,1,16,2021-04-01,2,32.0,18.0,8.2,6.2,18.0,21.42,2.0
NonSan,Strawberry,1,16,2021-04-01,3,40.0,12.0,7.5,6.6,24.0,17.46,1.0
NonSan,Strawberry,1,16,2021-04-01,3,40.0,12.0,7.5,6.6,24.0,23.56,1.5
NonSan,Strawberry,1,16,2021-04-01,4,31.0,16.0,8.0,6.0,16.5,13.13,2.0
NonSan,Strawberry,1,16,2021-04-01,4,31.0,16.0,8.0,6.0,16.5,16.82,1.5
NonSan,Strawberry,1,16,2021-04-08,1,30.0,9.0,8.0,6.5,17.5,19.93,2.0
NonSan,Strawberry,1,16,2021-04-08,2,32.0,17.0,8.0,6.5,17.8,17.93,1.0
NonSan,Strawberry,1,16,2021-04-08,2,32.0,17.0,8.0,6.5,17.8,21.81,1.5
NonSan,Strawberry,1,16,2021-04-08,3,40.0,12.0,8.5,6.5,20.0,13.42,1.0
NonSan,Strawberry,1,16,2021-04-08,3,40.0,12.0,8.5,6.5,20.0,17.45,2.0
NonSan,Strawberry,1,16,2021-04-08,4,30.0,18.0,9.0,7.0,19.5,13.25,3.0
NonSan,Strawberry,1,16,2021-04-08,4,30.0,18.0,9.0,7.0,19.5,13.99,1.0
NonSan,Strawberry,1,16,2021-04-14,1,27.0,10.0,6.5,5.7,17.8,20.11,1.5
NonSan,Strawberry,1,16,2021-04-14,2,33.0,18.0,7.0,6.2,18.0,20.7,1.0
NonSan,Strawberry,1,16,2021-04-14,2,33.0,18.0,7.0,6.2,18.0,23.88,1.5
NonSan,Strawberry,1,16,2021-04-14,3,40.0,13.0,9.0,7.5,30.0,13.89,1.0
NonSan,Strawberry,1,16,2021-04-14,3,40.0,13.0,9.0,7.5,30.0,16.07,1.0
NonSan,Strawberry,1,16,2021-04-14,4,30.0,19.0,8.2,6.4,16.0,37.35,1.5
NonSan,Strawberry,1,16,2021-04-22,1,31.0,11.0,8.0,6.0,17.5,24.32,1.0
NonSan,Strawberry,1,16,2021-04-22,2,32.0,24.0,7.2,6.0,13.5,19.14,1.0
NonSan,Strawberry,1,16,2021-04-22,3,39.0,16.0,9.0,8.0,30.0,16.77,1.0
NonSan,Strawberry,1,16,2021-04-29,1,32.0,12.0,6.5,5.0,12.0,24.22,1.0
NonSan,Strawberry,1,16,2021-04-29,2,34.5,23.0,6.4,5.5,17.0,24.96,1.5
NonSan,Strawberry,1,16,2021-04-29,3,39.0,20.0,7.6,5.5,20.5,17.64,1.0
NonSan,Strawberry,1,16,2021-04-29,4,30.0,29.0,6.0,4.3,16.0,22.1,1.0
NonSan,Strawberry,1,16,2021-05-07,1,35.0,10.0,8.3,7.0,24.0,26.69,2.0
NonSan,Strawberry,1,16,2021-05-07,2,38.0,16.0,9.0,7.5,25.0,10.08,1.0
NonSan,Strawberry,1,16,2021-05-07,2,38.0,16.0,9.0,7.5,25.0,15.17,1.0
NonSan,Strawberry,1,16,2021-05-07,2,38.0,16.0,9.0,7.5,25.0,22.69,1.0
NonSan,Strawberry,1,16,2021-05-07,3,37.5,22.0,7.0,5.7,20.5,40.98,1.0
NonSan,Strawberry,1,16,2021-05-07,4,32.0,36.0,8.8,5.9,16.0,49.25,1.0
NonSan,Strawberry,1,16,2021-05-12,1,35.5,11.0,8.0,6.5,21.0,16.58,2.0
NonSan,Strawberry,1,16,2021-05-12,2,40.5,21.0,9.0,6.0,26.0,10.86,1.0
NonSan,Strawberry,1,16,2021-05-12,2,40.5,21.0,9.0,6.0,26.0,14.54,1.0
NonSan,Strawberry,1,16,2021-05-12,3,35.5,33.0,8.5,6.0,18.0,23.67,1.0
NonSan,Strawberry,1,16,2021-05-12,4,35.5,33.0,8.5,6.0,18.0,44.2,1.0
NonSan,Strawberry,1,16,2021-05-20,1,34.0,10.0,8.5,7.0,22.0,14.82,1.5
NonSan,Strawberry,1,16,2021-05-20,2,42.5,21.0,9.0,8.0,24.3,26.03,1.5
NonSan,Strawberry,1,16,2021-05-20,3,40.0,26.0,10.6,7.5,23.6,48.09,2.5
NonSan,Strawberry,1,16,2021-05-20,4,37.0,29.0,9.0,6.0,21.0,46.03,2.0
NonSan,Strawberry,1,16,2021-05-26,1,36.5,9.0,8.0,5.0,17.0,14.43,1.5
NonSan,Strawberry,1,16,2021-05-26,2,43.0,22.0,9.0,7.5,25.0,37.83,1.5
NonSan,Strawberry,1,16,2021-05-26,3,45.0,25.0,7.0,5.5,20.5,52.31,3.5
NonSan,Strawberry,1,16,2021-05-26,4,37.0,30.0,8.0,6.5,21.0,43.13,2.0
OkCheon,Strawberry,1,2,2020-11-23,1,28.0,24.0,8.2,7.0,13.0,19.93,1.0
OkCheon,Strawberry,1,2,2020-11-23,2,34.0,30.0,7.0,5.2,12.0,18.03,1.0
OkCheon,Strawberry,1,2,2020-11-23,3,29.5,21.0,9.0,7.1,12.0,19.3,2.0
OkCheon,Strawberry,1,2,2020-11-23,4,31.2,18.0,8.2,8.3,16.0,19.53,1.0
OkCheon,Strawberry,1,2,2020-11-30,1,31.8,27.0,9.6,7.8,15.0,22.35,4.0
OkCheon,Strawberry,1,2,2020-11-30,2,34.1,21.0,10.8,8.3,19.0,19.04,3.0
OkCheon,Strawberry,1,2,2020-11-30,3,29.3,21.0,10.3,7.8,17.0,19.37,6.0
OkCheon,Strawberry,1,2,2020-11-30,4,32.6,21.0,11.7,9.8,16.5,20.92,6.0
OkCheon,Strawberry,1,2,2020-12-07,1,30.6,27.0,6.2,4.5,11.0,22.92,9.0
OkCheon,Strawberry,1,2,2020-12-07,2,35.0,24.0,11.4,8.5,17.0,20.1,7.0
OkCheon,Strawberry,1,2,2020-12-07,3,30.0,18.0,12.4,10.1,15.3,19.78,10.0
OkCheon,Strawberry,1,2,2020-12-07,4,34.1,21.0,10.4,8.0,13.5,21.54,9.0
OkCheon,Strawberry,1,2,2020-12-17,1,32.4,27.0,10.0,8.1,15.0,25.63,2.0
OkCheon,Strawberry,1,2,2020-12-17,2,34.6,24.0,12.4,9.5,19.3,20.78,3.0
OkCheon,Strawberry,1,2,2020-12-17,3,31.9,27.0,9.5,8.8,16.4,19.86,4.0
OkCheon,Strawberry,1,2,2020-12-17,4,35.3,24.0,9.2,6.5,19.5,22.51,9.0
OkCheon,Strawberry,1,2,2020-12-21,1,33.0,30.0,10.1,7.5,19.8,28.0,2.0
OkCheon,Strawberry,1,2,2020-12-21,2,34.8,27.0,11.8,9.2,20.6,21.0,3.0
OkCheon,Strawberry,1,2,2020-12-21,3,32.51028775146422,11.63712757830405,9.121517697988285,7.169060351413293,16.72393684746626,19.4645632798574,1.0
OkCheon,Strawberry,1,2,2020-12-21,3,33.3,24.0,10.7,8.4,14.8,20.8,4.0
OkCheon,Strawberry,1,2,2020-12-21,4,32.51028775146422,11.63712757830405,9.121517697988285,7.169060351413293,16.72393684746626,19.4645632798574,1.0
OkCheon,Strawberry,1,2,2020-12-21,4,35.2,24.0,9.1,6.8,19.2,22.98,8.0
OkCheon,Strawberry,1,2,2020-12-28,1,18.9,12.0,8.3,6.4,7.1,13.21,1.0
OkCheon,Strawberry,1,2,2020-12-28,1,32.51028775146422,11.63712757830405,9.121517697988285,7.169060351413293,16.72393684746626,19.4645632798574,1.0
OkCheon,Strawberry,1,2,2020-12-28,1,33.0,30.0,8.1,5.1,18.1,28.23,2.0
OkCheon,Strawberry,1,2,2020-12-28,2,36.2,27.0,11.3,7.7,22.8,21.05,3.0
OkCheon,Strawberry,1,2,2020-12-28,3,32.4,24.0,10.6,8.2,17.4,20.9,4.0
OkCheon,Strawberry,1,2,2020-12-28,3,32.51028775146422,11.63712757830405,9.121517697988285,7.169060351413293,16.72393684746626,19.4645632798574,5.0
OkCheon,Strawberry,1,2,2020-12-28,4,32.51028775146422,11.63712757830405,9.121517697988285,7.169060351413293,16.72393684746626,19.4645632798574,3.0
OkCheon,Strawberry,1,2,2020-12-28,4,35.3,27.0,8.2,5.5,20.7,22.99,9.0
OkCheon,Strawberry,1,2,2021-01-07,1,17.3,12.0,8.8,7.4,15.6,14.56,4.0
OkCheon,Strawberry,1,2,2021-01-07,1,19.2,12.0,4.5,3.9,10.9,13.89,4.0
OkCheon,Strawberry,1,2,2021-01-07,1,32.51028775146422,11.63712757830405,9.121517697988285,7.169060351413293,16.72393684746626,19.4645632798574,3.0
OkCheon,Strawberry,1,2,2021-01-07,1,34.4,30.0,10.7,8.4,21.2,28.13,2.0
OkCheon,Strawberry,1,2,2021-01-07,2,17.8,12.0,11.2,9.4,10.7,14.59,3.0
OkCheon,Strawberry,1,2,2021-01-07,2,32.51028775146422,11.63712757830405,9.121517697988285,7.169060351413293,16.72393684746626,19.4645632798574,1.0
OkCheon,Strawberry,1,2,2021-01-07,2,36.3,27.0,10.3,7.5,22.2,24.58,1.0
OkCheon,Strawberry,1,2,2021-01-07,3,32.51028775146422,11.63712757830405,9.121517697988285,7.169060351413293,16.72393684746626,19.4645632798574,10.0
OkCheon,Strawberry,1,2,2021-01-07,4,23.7,12.0,12.9,11.3,10.0,18.11,3.0
OkCheon,Strawberry,1,2,2021-01-07,4,25.8,12.0,12.9,10.5,14.0,18.77,3.0
OkCheon,Strawberry,1,2,2021-01-07,4,32.51028775146422,11.63712757830405,9.121517697988285,7.169060351413293,16.72393684746626,19.4645632798574,6.0
OkCheon,Strawberry,1,2,2021-01-07,4,36.3,27.0,9.3,6.4,22.1,23.47,7.0
OkCheon,Strawberry,1,2,2021-01-12,1,17.9,12.0,9.5,8.6,23.7,14.69,3.0
OkCheon,Strawberry,1,2,2021-01-12,1,19.8,12.0,5.2,4.8,7.6,14.34,6.0
OkCheon,Strawberry,1,2,2021-01-12,1,32.51028775146422,11.63712757830405,9.121517697988285,7.169060351413293,16.72393684746626,19.4645632798574,4.0
OkCheon,Strawberry,1,2,2021-01-12,1,33.8,30.0,5.5,4.5,18.7,27.65,1.0
OkCheon,Strawberry,1,2,2021-01-12,2,18.5,12.0,7.1,5.0,22.5,14.24,5.0
OkCheon,Strawberry,1,2,2021-01-12,2,32.51028775146422,11.63712757830405,9.121517697988285,7.169060351413293,16.72393684746626,19.4645632798574,3.0
OkCheon,Strawberry,1,2,2021-01-12,3,32.51028775146422,11.63712757830405,9.121517697988285,7.169060351413293,16.72393684746626,19.4645632798574,10.0
OkCheon,Strawberry,1,2,2021-01-12,4,23.3,12.0,11.8,8.1,16.0,19.94,5.0
OkCheon,Strawberry,1,2,2021-01-12,4,26.7,12.0,12.4,10.5,14.3,18.89,4.0
OkCheon,Strawberry,1,2,2021-01-12,4,32.51028775146422,11.63712757830405,9.121517697988285,7.169060351413293,16.72393684746626,19.4645632798574,7.0
OkCheon,Strawberry,1,2,2021-01-12,4,36.3,30.0,9.4,6.6,24.3,22.79,6.0
OkCheon,Strawberry,1,2,2021-01-21,1,18.4,12.0,9.8,9.0,15.5,14.98,11.0
OkCheon,Strawberry,1,2,2021-01-21,1,20.4,15.0,5.1,3.7,9.8,14.53,7.0
OkCheon,Strawberry,1,2,2021-01-21,1,32.51028775146422,11.63712757830405,9.121517697988285,7.169060351413293,16.72393684746626,19.4645632798574,7.5
OkCheon,Strawberry,1,2,2021-01-21,2,18.4,12.0,9.7,7.7,13.4,15.48,8.0
OkCheon,Strawberry,1,2,2021-01-21,2,20.3,12.0,9.3,7.9,12.1,15.6,1.0
OkCheon,Strawberry,1,2,2021-01-21,2,32.51028775146422,11.63712757830405,9.121517697988285,7.169060351413293,16.72393684746626,19.4645632798574,10.0
OkCheon,Strawberry,1,2,2021-01-21,3,32.51028775146422,11.63712757830405,9.121517697988285,7.169060351413293,16.72393684746626,19.4645632798574,8.0
OkCheon,Strawberry,1,2,2021-01-21,4,24.5,15.0,7.0,5.0,10.0,19.82,8.0
OkCheon,Strawberry,1,2,2021-01-21,4,26.1,12.0,12.5,9.3,17.3,19.12,7.0
OkCheon,Strawberry,1,2,2021-01-21,4,32.51028775146422,11.63712757830405,9.121517697988285,7.169060351413293,16.72393684746626,19.4645632798574,8.0
OkCheon,Strawberry,1,2,2021-01-21,4,36.4,30.0,9.8,7.1,23.1,23.47,3.0
OkCheon,Strawberry,1,2,2021-01-26,1,18.9,12.0,7.0,6.1,14.1,15.02,11.0
OkCheon,Strawberry,1,2,2021-01-26,1,20.8,15.0,4.1,3.7,8.7,15.21,9.0
OkCheon,Strawberry,1,2,2021-01-26,1,32.51028775146422,11.63712757830405,9.121517697988285,7.169060351413293,16.72393684746626,19.4645632798574,10.0
OkCheon,Strawberry,1,2,2021-01-26,2,19.5,15.0,11.6,9.5,14.2,15.64,12.0
OkCheon,Strawberry,1,2,2021-01-26,2,20.4,12.0,6.2,5.2,9.4,15.35,3.0
OkCheon,Strawberry,1,2,2021-01-26,2,32.51028775146422,11.63712757830405,9.121517697988285,7.169060351413293,16.72393684746626,19.4645632798574,12.0
OkCheon,Strawberry,1,2,2021-01-26,3,32.51028775146422,11.63712757830405,9.121517697988285,7.169060351413293,16.72393684746626,19.4645632798574,8.0
OkCheon,Strawberry,1,2,2021-01-26,4,24.8,15.0,8.5,7.2,9.8,19.83,10.0
OkCheon,Strawberry,1,2,2021-01-26,4,27.3,15.0,13.2,9.7,19.5,19.79,8.0
OkCheon,Strawberry,1,2,2021-01-26,4,32.51028775146422,11.63712757830405,9.121517697988285,7.169060351413293,16.72393684746626,19.4645632798574,9.0
OkCheon,Strawberry,1,2,2021-01-26,4,39.5,33.0,6.0,5.2,20.0,22.46,3.0
OkCheon,Strawberry,1,2,2021-02-03,1,18.7,15.0,8.3,6.7,16.5,15.06,6.0
OkCheon,Strawberry,1,2,2021-02-03,1,21.8,15.0,5.3,4.6,7.3,15.33,7.0
OkCheon,Strawberry,1,2,2021-02-03,1,32.51028775146422,11.63712757830405,9.121517697988285,7.169060351413293,16.72393684746626,19.4645632798574,3.0
OkCheon,Strawberry,1,2,2021-02-03,2,19.7,15.0,12.0,9.0,17.1,15.77,8.0
OkCheon,Strawberry,1,2,2021-02-03,2,21.8,12.0,7.3,6.2,9.5,15.56,4.0
OkCheon,Strawberry,1,2,2021-02-03,2,32.51028775146422,11.63712757830405,9.121517697988285,7.169060351413293,16.72393684746626,19.4645632798574,4.0
OkCheon,Strawberry,1,2,2021-02-03,3,32.51028775146422,11.63712757830405,9.121517697988285,7.169060351413293,16.72393684746626,19.4645632798574,4.5
OkCheon,Strawberry,1,2,2021-02-03,4,23.0,15.0,13.2,11.5,8.8,20.73,3.0
OkCheon,Strawberry,1,2,2021-02-03,4,27.9,15.0,13.2,10.1,16.0,19.83,3.0
OkCheon,Strawberry,1,2,2021-02-03,4,32.51028775146422,11.63712757830405,9.121517697988285,7.169060351413293,16.72393684746626,19.4645632798574,3.5
OkCheon,Strawberry,1,2,2021-02-08,1,19.3,15.0,10.1,8.5,11.2,15.23,6.0
OkCheon,Strawberry,1,2,2021-02-08,1,22.8,18.0,7.5,6.7,12.4,15.21,6.0
OkCheon,Strawberry,1,2,2021-02-08,1,32.51028775146422,11.63712757830405,9.121517697988285,7.169060351413293,16.72393684746626,19.4645632798574,3.3333333333333335
OkCheon,Strawberry,1,2,2021-02-08,2,20.1,15.0,11.3,8.8,14.8,15.81,8.0
OkCheon,Strawberry,1,2,2021-02-08,2,21.4,12.0,7.4,5.6,15.2,15.68,4.0
OkCheon,Strawberry,1,2,2021-02-08,2,32.51028775146422,11.63712757830405,9.121517697988285,7.169060351413293,16.72393684746626,19.4645632798574,5.0
OkCheon,Strawberry,1,2,2021-02-08,3,32.51028775146422,11.63712757830405,9.121517697988285,7.169060351413293,16.72393684746626,19.4645632798574,4.5
OkCheon,Strawberry,1,2,2021-02-08,4,24.8,18.0,13.4,10.6,19.6,21.02,3.0
OkCheon,Strawberry,1,2,2021-02-08,4,27.6,15.0,12.3,11.0,16.6,19.85,3.0
OkCheon,Strawberry,1,2,2021-02-08,4,32.51028775146422,11.63712757830405,9.121517697988285,7.169060351413293,16.72393684746626,19.4645632798574,3.5
OkCheon,Strawberry,1,2,2021-02-16,1,19.4,15.0,10.8,9.1,12.2,15.91,5.0
OkCheon,Strawberry,1,2,2021-02-16,1,22.1,18.0,4.9,3.4,9.3,15.98,6.0
OkCheon,Strawberry,1,2,2021-02-16,1,32.51028775146422,11.63712757830405,9.121517697988285,7.169060351413293,16.72393684746626,19.4645632798574,4.666666666666667
OkCheon,Strawberry,1,2,2021-02-16,2,17.5,12.0,12.8,11.1,9.8,14.98,1.0
OkCheon,Strawberry,1,2,2021-02-16,2,20.5,15.0,11.0,9.0,15.3,16.0,7.0
OkCheon,Strawberry,1,2,2021-02-16,2,22.7,12.0,9.6,7.3,13.8,16.3,4.0
OkCheon,Strawberry,1,2,2021-02-16,2,32.51028775146422,11.63712757830405,9.121517697988285,7.169060351413293,16.72393684746626,19.4645632798574,5.0
OkCheon,Strawberry,1,2,2021-02-16,3,32.51028775146422,11.63712757830405,9.121517697988285,7.169060351413293,16.72393684746626,19.4645632798574,4.5
OkCheon,Strawberry,1,2,2021-02-16,3,37.4,18.0,8.6,5.3,23.6,12.6,2.0
OkCheon,Strawberry,1,2,2021-02-16,4,25.8,18.0,13.5,11.5,8.0,21.82,3.0
OkCheon,Strawberry,1,2,2021-02-16,4,28.4,15.0,11.0,8.8,20.0,20.53,3.0
OkCheon,Strawberry,1,2,2021-02-16,4,32.51028775146422,11.63712757830405,9.121517697988285,7.169060351413293,16.72393684746626,19.4645632798574,3.0
OkCheon,Strawberry,1,2,2021-02-24,1,19.9,18.0,10.9,8.5,11.9,15.97,3.0
OkCheon,Strawberry,1,2,2021-02-24,1,22.0,15.0,9.0,6.5,11.8,15.85,4.0
OkCheon,Strawberry,1,2,2021-02-24,1,32.51028775146422,11.63712757830405,9.121517697988285,7.169060351413293,16.72393684746626,19.4645632798574,5.0
OkCheon,Strawberry,1,2,2021-02-24,2,17.9,12.0,11.6,7.9,13.0,15.26,3.0
OkCheon,Strawberry,1,2,2021-02-24,2,21.8,15.0,14.5,7.9,7.3,16.26,5.0
OkCheon,Strawberry,1,2,2021-02-24,2,22.4,15.0,10.6,9.3,20.2,16.42,4.0
OkCheon,Strawberry,1,2,2021-02-24,2,32.51028775146422,11.63712757830405,9.121517697988285,7.169060351413293,16.72393684746626,19.4645632798574,5.4
OkCheon,Strawberry,1,2,2021-02-24,3,32.51028775146422,11.63712757830405,9.121517697988285,7.169060351413293,16.72393684746626,19.4645632798574,11.0
OkCheon,Strawberry,1,2,2021-02-24,3,37.1,15.0,8.1,6.6,18.4,12.87,6.0
OkCheon,Strawberry,1,2,2021-02-24,4,25.7,15.0,12.6,8.2,18.7,21.03,2.0
OkCheon,Strawberry,1,2,2021-02-24,4,28.0,15.0,13.5,10.1,18.3,20.91,2.0
OkCheon,Strawberry,1,2,2021-02-24,4,32.51028775146422,11.63712757830405,9.121517697988285,7.169060351413293,16.72393684746626,19.4645632798574,4.0
OkCheon,Strawberry,1,2,2021-03-04,1,20.4,18.0,7.7,6.6,14.0,16.52,2.0
OkCheon,Strawberry,1,2,2021-03-04,1,22.7,18.0,10.1,8.7,13.0,15.57,3.0
OkCheon,Strawberry,1,2,2021-03-04,1,32.51028775146422,11.63712757830405,9.121517697988285,7.169060351413293,16.72393684746626,19.4645632798574,5.25
OkCheon,Strawberry,1,2,2021-03-04,2,18.4,12.0,8.4,8.2,27.5,15.76,4.0
OkCheon,Strawberry,1,2,2021-03-04,2,20.9,15.0,11.1,8.3,20.2,16.87,4.0
OkCheon,Strawberry,1,2,2021-03-04,2,23.8,12.0,10.5,9.5,8.5,16.69,3.0
OkCheon,Strawberry,1,2,2021-03-04,2,32.51028775146422,11.63712757830405,9.121517697988285,7.169060351413293,16.72393684746626,19.4645632798574,5.0
OkCheon,Strawberry,1,2,2021-03-04,3,29.4,12.0,8.6,6.8,19.6,14.26,8.0
OkCheon,Strawberry,1,2,2021-03-04,3,32.51028775146422,11.63712757830405,9.121517697988285,7.169060351413293,16.72393684746626,19.4645632798574,5.0
OkCheon,Strawberry,1,2,2021-03-04,4,32.51028775146422,11.63712757830405,9.121517697988285,7.169060351413293,16.72393684746626,19.4645632798574,3.6666666666666665
OkCheon,Strawberry,1,2,2021-03-09,1,21.0,18.0,7.3,6.0,19.5,15.98,1.0
OkCheon,Strawberry,1,2,2021-03-09,1,32.51028775146422,11.63712757830405,9.121517697988285,7.169060351413293,16.72393684746626,19.4645632798574,5.666666666666667
OkCheon,Strawberry,1,2,2021-03-09,2,18.5,12.0,10.6,8.8,7.5,15.54,3.0
OkCheon,Strawberry,1,2,2021-03-09,2,20.8,15.0,10.5,8.7,11.1,16.64,1.0
OkCheon,Strawberry,1,2,2021-03-09,2,23.7,15.0,8.2,7.3,8.1,16.72,3.0
OkCheon,Strawberry,1,2,2021-03-09,2,32.51028775146422,11.63712757830405,9.121517697988285,7.169060351413293,16.72393684746626,19.4645632798574,5.2
OkCheon,Strawberry,1,2,2021-03-09,3,32.51028775146422,11.63712757830405,9.121517697988285,7.169060351413293,16.72393684746626,19.4645632798574,5.666666666666667
OkCheon,Strawberry,1,2,2021-03-09,3,37.7,18.0,6.8,4.6,19.2,14.87,8.0
OkCheon,Strawberry,1,2,2021-03-09,4,32.51028775146422,11.63712757830405,9.121517697988285,7.169060351413293,16.72393684746626,19.4645632798574,4.0
OkCheon,Strawberry,1,2,2021-03-18,1,21.5,18.0,8.6,7.1,14.6,16.47,1.0
OkCheon,Strawberry,1,2,2021-03-18,1,32.51028775146422,11.63712757830405,9.121517697988285,7.169060351413293,16.72393684746626,19.4645632798574,7.5
OkCheon,Strawberry,1,2,2021-03-18,2,19.0,12.0,10.7,9.5,7.0,15.7,5.0
OkCheon,Strawberry,1,2,2021-03-18,2,21.6,18.0,6.0,4.5,16.0,16.61,1.0
OkCheon,Strawberry,1,2,2021-03-18,2,32.51028775146422,11.63712757830405,9.121517697988285,7.169060351413293,16.72393684746626,19.4645632798574,6.25
OkCheon,Strawberry,1,2,2021-03-18,3,32.51028775146422,11.63712757830405,9.121517697988285,7.169060351413293,16.72393684746626,19.4645632798574,7.666666666666667
OkCheon,Strawberry,1,2,2021-03-18,4,32.51028775146422,11.63712757830405,9.121517697988285,7.169060351413293,16.72393684746626,19.4645632798574,5.0
OkCheon,Strawberry,1,2,2021-03-23,1,32.51028775146422,11.63712757830405,9.121517697988285,7.169060351413293,16.72393684746626,19.4645632798574,8.0
OkCheon,Strawberry,1,2,2021-03-23,2,20.7,12.0,11.0,8.6,11.0,16.73,5.0
OkCheon,Strawberry,1,2,2021-03-23,2,32.51028775146422,11.63712757830405,9.121517697988285,7.169060351413293,16.72393684746626,19.4645632798574,6.0
OkCheon,Strawberry,1,2,2021-03-23,3,32.51028775146422,11.63712757830405,9.121517697988285,7.169060351413293,16.72393684746626,19.4645632798574,7.0
OkCheon,Strawberry,1,2,2021-03-23,3,37.4,18.0,10.1,8.2,18.9,16.6,8.0
OkCheon,Strawberry,1,2,2021-03-23,4,32.51028775146422,11.63712757830405,9.121517697988285,7.169060351413293,16.72393684746626,19.4645632798574,3.6666666666666665
OkCheon,Strawberry,1,2,2021-04-01,1,32.51028775146422,11.63712757830405,9.121517697988285,7.169060351413293,16.72393684746626,19.4645632798574,6.0
OkCheon,Strawberry,1,2,2021-04-01,2,20.6,15.0,11.7,9.8,8.2,16.67,5.0
OkCheon,Strawberry,1,2,2021-04-01,2,32.51028775146422,11.63712757830405,9.121517697988285,7.169060351413293,16.72393684746626,19.4645632798574,5.5
OkCheon,Strawberry,1,2,2021-04-01,3,32.51028775146422,11.63712757830405,9.121517697988285,7.169060351413293,16.72393684746626,19.4645632798574,5.5
OkCheon,Strawberry,1,2,2021-04-01,3,37.6,21.0,10.0,7.2,19.9,18.27,8.0
OkCheon,Strawberry,1,2,2021-04-01,4,32.51028775146422,11.63712757830405,9.121517697988285,7.169060351413293,16.72393684746626,19.4645632798574,3.0
OkCheon,Strawberry,1,2,2021-04-07,1,32.51028775146422,11.63712757830405,9.121517697988285,7.169060351413293,16.72393684746626,19.4645632798574,2.0
OkCheon,Strawberry,1,2,2021-04-07,2,21.8,12.0,12.0,10.1,8.5,17.74,3.0
OkCheon,Strawberry,1,2,2021-04-07,2,32.51028775146422,11.63712757830405,9.121517697988285,7.169060351413293,16.72393684746626,19.4645632798574,4.5
OkCheon,Strawberry,1,2,2021-04-07,3,31.2,15.0,10.4,7.2,19.8,18.51,5.0
OkCheon,Strawberry,1,2,2021-04-07,3,32.51028775146422,11.63712757830405,9.121517697988285,7.169060351413293,16.72393684746626,19.4645632798574,4.5
OkCheon,Strawberry,1,2,2021-04-07,4,32.51028775146422,11.63712757830405,9.121517697988285,7.169060351413293,16.72393684746626,19.4645632798574,3.0
OkCheon,Strawberry,1,2,2021-04-13,2,21.7,15.0,12.4,10.0,10.0,17.89,3.0
OkCheon,Strawberry,1,2,2021-04-13,2,32.51028775146422,11.63712757830405,9.121517697988285,7.169060351413293,16.72393684746626,19.4645632798574,3.3333333333333335
OkCheon,Strawberry,1,2,2021-04-13,3,26.3,12.0,6.8,5.6,17.2,18.53,2.0
OkCheon,Strawberry,1,2,2021-04-13,3,32.51028775146422,11.63712757830405,9.121517697988285,7.169060351413293,16.72393684746626,19.4645632798574,4.5
OkCheon,Strawberry,1,2,2021-04-13,4,32.51028775146422,11.63712757830405,9.121517697988285,7.169060351413293,16.72393684746626,19.4645632798574,3.0
OkCheon,Strawberry,1,2,2021-04-21,1,32.51028775146422,11.63712757830405,9.121517697988285,7.169060351413293,16.72393684746626,19.4645632798574,2.0
OkCheon,Strawberry,1,2,2021-04-21,2,32.51028775146422,11.63712757830405,9.121517697988285,7.169060351413293,16.72393684746626,19.4645632798574,2.0
OkCheon,Strawberry,1,2,2021-04-21,3,26.1,9.0,7.1,6.0,18.3,18.55,2.0
OkCheon,Strawberry,1,2,2021-04-21,3,32.51028775146422,11.63712757830405,9.121517697988285,7.169060351413293,16.72393684746626,19.4645632798574,3.0
OkCheon,Strawberry,1,2,2021-04-21,4,32.51028775146422,11.63712757830405,9.121517697988285,7.169060351413293,16.72393684746626,19.4645632798574,1.0
OkCheon,Strawberry,1,2,2021-04-28,1,32.51028775146422,11.63712757830405,9.121517697988285,7.169060351413293,16.72393684746626,19.4645632798574,3.0
OkCheon,Strawberry,1,2,2021-04-28,2,32.51028775146422,11.63712757830405,9.121517697988285,7.169060351413293,16.72393684746626,19.4645632798574,1.0
OkCheon,Strawberry,1,2,2021-04-28,3,32.51028775146422,11.63712757830405,9.121517697988285,7.169060351413293,16.72393684746626,19.4645632798574,3.5
OkCheon,Strawberry,1,2,2021-04-28,4,32.51028775146422,11.63712757830405,9.121517697988285,7.169060351413293,16.72393684746626,19.4645632798574,1.0
OkCheon,Strawberry,1,2,2021-05-03,1,32.51028775146422,11.63712757830405,9.121517697988285,7.169060351413293,16.72393684746626,19.4645632798574,3.0
OkCheon,Strawberry,1,2,2021-05-03,3,32.51028775146422,11.63712757830405,9.121517697988285,7.169060351413293,16.72393684746626,19.4645632798574,4.0
OkCheon,Strawberry,1,2,2021-05-03,4,32.51028775146422,11.63712757830405,9.121517697988285,7.169060351413293,16.72393684746626,19.4645632798574,2.0
OkCheon,Strawberry,1,2,2021-05-10,1,19.7,15.0,8.0,7.4,15.1,17.56,3.0
OkCheon,Strawberry,1,2,2021-05-10,3,32.51028775146422,11.63712757830405,9.121517697988285,7.169060351413293,16.72393684746626,19.4645632798574,4.0
OkCheon,Strawberry,1,2,2021-05-10,4,32.51028775146422,11.63712757830405,9.121517697988285,7.169060351413293,16.72393684746626,19.4645632798574,4.0
OkCheon,Strawberry,1,2,2021-05-18,1,32.51028775146422,11.63712757830405,9.121517697988285,7.169060351413293,16.72393684746626,19.4645632798574,2.0
OkCheon,Strawberry,1,2,2021-05-18,3,32.51028775146422,11.63712757830405,9.121517697988285,7.169060351413293,16.72393684746626,19.4645632798574,4.5
OkCheon,Strawberry,1,2,2021-05-18,4,32.51028775146422,11.63712757830405,9.121517697988285,7.169060351413293,16.72393684746626,19.4645632798574,3.0
OkCheon,Strawberry,1,2,2021-05-25,1,32.51028775146422,11.63712757830405,9.121517697988285,7.169060351413293,16.72393684746626,19.4645632798574,1.5
OkCheon,Strawberry,1,2,2021-05-25,3,32.51028775146422,11.63712757830405,9.121517697988285,7.169060351413293,16.72393684746626,19.4645632798574,5.0
OkCheon,Strawberry,1,2,2021-05-25,4,32.51028775146422,11.63712757830405,9.121517697988285,7.169060351413293,16.72393684746626,19.4645632798574,3.0
OkCheon,Strawberry,1,2,2021-06-01,1,32.51028775146422,11.63712757830405,9.121517697988285,7.169060351413293,16.72393684746626,19.4645632798574,4.0
OkCheon,Strawberry,1,2,2021-06-01,3,32.51028775146422,11.63712757830405,9.121517697988285,7.169060351413293,16.72393684746626,19.4645632798574,6.0
OkCheon,Strawberry,1,2,2021-06-01,4,32.51028775146422,11.63712757830405,9.121517697988285,7.169060351413293,16.72393684746626,19.4645632798574,2.5
OkCheon,Strawberry,1,2,2021-06-08,1,32.51028775146422,11.63712757830405,9.121517697988285,7.169060351413293,16.72393684746626,19.4645632798574,6.0
OkCheon,Strawberry,1,2,2021-06-08,3,32.51028775146422,11.63712757830405,9.121517697988285,7.169060351413293,16.72393684746626,19.4645632798574,5.0
OkCheon,Strawberry,1,2,2021-06-08,4,32.51028775146422,11.63712757830405,9.121517697988285,7.169060351413293,16.72393684746626,19.4645632798574,5.0
SanCheong,Strawberry,1,52,2020-10-21,4,21.0,5.0,9.2,6.8,10.5,13.82,0.0
SanCheong,Strawberry,1,52,2020-10-28,1,20.6,5.0,10.0,10.0,7.3,16.05,2.0
SanCheong,Strawberry,1,52,2020-10-28,2,21.6,6.0,9.1,8.1,10.4,16.07,0.0
SanCheong,Strawberry,1,52,2020-10-28,3,16.4,4.0,9.4,7.5,6.5,14.53,0.0
SanCheong,Strawberry,1,52,2020-10-28,4,22.0,6.0,9.1,6.9,11.4,14.15,3.0
SanCheong,Strawberry,1,52,2020-11-05,1,25.2,9.0,10.4,8.0,11.6,16.64,6.0
SanCheong,Strawberry,1,52,2020-11-05,2,26.2,7.0,9.7,7.6,10.5,16.47,6.0
SanCheong,Strawberry,1,52,2020-11-05,3,16.0,5.0,7.5,5.9,3.3,12.48,3.0
SanCheong,Strawberry,1,52,2020-11-05,4,22.4,7.0,8.2,6.7,10.2,10.97,9.0
SanCheong,Strawberry,1,52,2020-11-11,1,28.5,9.0,10.8,8.1,11.5,16.44,8.0
SanCheong,Strawberry,1,52,2020-11-11,2,27.5,8.0,10.2,8.9,14.2,16.92,5.0
SanCheong,Strawberry,1,52,2020-11-11,3,16.3,6.0,4.6,3.6,2.9,12.61,7.0
SanCheong,Strawberry,1,52,2020-11-11,4,22.2,7.0,7.9,6.9,11.0,11.78,5.0
SanCheong,Strawberry,1,52,2020-11-18,1,29.6,9.0,10.9,7.8,12.0,16.77,6.0
SanCheong,Strawberry,1,52,2020-11-18,2,27.7,8.0,10.6,9.0,14.7,17.25,5.0
SanCheong,Strawberry,1,52,2020-11-18,3,17.0,6.0,6.8,5.6,3.5,14.13,8.0
SanCheong,Strawberry,1,52,2020-11-18,4,22.5,7.0,9.0,7.9,10.6,14.68,5.0
SanCheong,Strawberry,1,52,2020-12-23,1,29.9,11.0,8.4,6.6,13.5,16.54,1.0
SanCheong,Strawberry,1,52,2020-12-23,2,28.0,11.0,9.5,7.8,13.0,17.48,0.0
SanCheong,Strawberry,1,52,2020-12-23,3,24.2,8.0,8.2,7.0,14.0,12.43,1.5
SanCheong,Strawberry,1,52,2020-12-23,4,21.3,8.0,9.5,8.0,9.2,12.36,1.5
SanCheong,Strawberry,1,52,2020-12-30,1,29.5,12.0,9.4,7.5,14.8,16.52,2.0
SanCheong,Strawberry,1,52,2020-12-30,2,26.9,13.0,8.6,8.0,14.2,17.53,1.0
SanCheong,Strawberry,1,52,2020-12-30,3,24.0,9.0,8.3,7.0,13.5,14.25,3.0
SanCheong,Strawberry,1,52,2020-12-30,4,22.8,10.0,8.5,6.7,10.5,13.7,3.0
SanCheong,Strawberry,1,52,2021-01-25,1,30.3,12.0,7.0,5.7,13.0,15.99,0.5
SanCheong,Strawberry,1,52,2021-01-25,2,29.2,11.0,6.7,5.3,12.0,17.54,5.0
SanCheong,Strawberry,1,52,2021-01-25,3,24.5,7.0,4.8,4.0,8.3,13.7,0.0
SanCheong,Strawberry,1,52,2021-01-25,4,23.2,8.0,8.2,6.1,9.5,14.62,0.5
SanCheong,Strawberry,1,52,2021-02-02,1,29.0,11.0,7.0,6.0,12.8,16.99,3.0
SanCheong,Strawberry,1,52,2021-02-02,2,29.6,11.0,6.7,5.0,12.0,17.66,2.0
SanCheong,Strawberry,1,52,2021-02-02,3,23.5,7.0,5.4,3.2,9.0,14.27,0.0
SanCheong,Strawberry,1,52,2021-02-02,4,23.4,8.0,5.5,4.2,14.0,15.45,2.0
SanCheong,Strawberry,1,52,2021-02-09,1,25.0,12.0,7.0,5.5,14.5,18.95,6.0
SanCheong,Strawberry,1,52,2021-02-09,2,27.3,7.0,6.7,5.5,13.2,16.58,1.0
SanCheong,Strawberry,1,52,2021-02-09,3,24.5,8.0,4.2,3.2,8.7,14.25,2.0
SanCheong,Strawberry,1,52,2021-02-09,4,23.0,8.0,5.7,4.0,10.5,15.66,6.0
SanCheong,Strawberry,1,52,2021-02-16,1,29.7,13.0,6.7,4.9,15.4,18.9,5.5
SanCheong,Strawberry,1,52,2021-02-16,2,27.7,8.0,7.6,5.6,14.0,17.13,6.0
SanCheong,Strawberry,1,52,2021-02-16,3,24.6,9.0,5.2,3.5,11.4,14.36,4.0
SanCheong,Strawberry,1,52,2021-02-16,4,24.0,8.0,5.6,4.0,12.0,15.69,6.0
SanCheong,Strawberry,1,52,2021-02-26,1,32.5,13.0,8.2,7.5,20.4,19.0,2.0
SanCheong,Strawberry,1,52,2021-02-26,2,28.5,9.0,5.5,5.6,13.8,17.32,2.0
SanCheong,Strawberry,1,52,2021-02-26,3,23.9,7.0,7.7,6.1,12.4,14.52,3.0
SanCheong,Strawberry,1,52,2021-02-26,4,24.1,6.0,8.0,7.0,14.8,15.9,0.5
SanCheong,Strawberry,1,52,2021-03-05,1,33.0,13.0,8.5,7.5,21.4,19.33,1.5
SanCheong,Strawberry,1,52,2021-03-05,2,29.2,9.0,9.1,7.9,18.5,17.82,1.0
SanCheong,Strawberry,1,52,2021-03-05,3,24.5,7.0,8.6,7.0,15.2,14.6,3.0
SanCheong,Strawberry,1,52,2021-03-05,4,24.6,6.0,8.5,6.7,15.0,15.23,1.5
SanCheong,Strawberry,1,52,2021-03-10,1,33.1,14.0,9.1,7.6,20.5,19.83,1.5
SanCheong,Strawberry,1,52,2021-03-10,2,29.7,9.0,8.3,7.3,12.5,18.96,2.0
SanCheong,Strawberry,1,52,2021-03-10,3,24.9,6.0,8.8,7.3,15.3,14.41,3.0
SanCheong,Strawberry,1,52,2021-03-10,4,25.6,6.0,8.6,6.8,15.4,15.63,4.0
SanCheong,Strawberry,1,52,2021-03-17,1,31.1,10.0,8.3,7.5,20.5,19.25,2.5
SanCheong,Strawberry,1,52,2021-03-17,2,23.8,5.0,8.1,7.5,13.5,19.32,1.5
SanCheong,Strawberry,1,52,2021-03-17,3,23.4,6.0,9.0,7.4,13.8,15.16,0.0
SanCheong,Strawberry,1,52,2021-03-17,4,25.2,5.0,8.8,6.9,15.7,14.76,3.0
SanCheong,Strawberry,1,52,2021-03-24,1,33.4,13.0,7.7,6.7,12.3,19.84,2.5
SanCheong,Strawberry,1,52,2021-03-24,2,24.0,6.0,8.2,7.4,13.3,19.41,3.0
SanCheong,Strawberry,1,52,2021-03-24,4,26.6,6.0,7.2,6.0,12.2,14.8,3.0
SanCheong,Strawberry,1,52,2021-03-31,1,33.6,13.0,10.2,7.7,15.3,19.96,2.0
SanCheong,Strawberry,1,52,2021-03-31,2,25.2,9.0,9.8,6.6,8.6,19.71,3.0
SanCheong,Strawberry,1,52,2021-03-31,3,26.3,6.0,9.2,7.6,14.5,15.99,0.0
SanCheong,Strawberry,1,52,2021-03-31,4,26.8,6.0,7.5,6.0,12.2,14.85,2.0
SanCheong,Strawberry,1,52,2021-04-07,1,33.7,14.0,10.0,7.5,14.5,20.06,1.5
SanCheong,Strawberry,1,52,2021-04-07,2,25.5,11.0,8.9,7.2,10.0,20.36,2.0
SanCheong,Strawberry,1,52,2021-04-07,3,27.5,7.0,8.0,6.7,11.8,16.07,6.0
SanCheong,Strawberry,1,52,2021-04-07,4,29.3,7.0,7.4,6.0,10.6,15.05,1.0
SanCheong,Strawberry,1,52,2021-04-12,1,33.9,17.0,9.0,7.5,14.5,20.94,1.5
SanCheong,Strawberry,1,52,2021-04-12,2,27.5,11.0,9.2,7.5,10.2,20.56,0.0
SanCheong,Strawberry,1,52,2021-04-12,3,28.5,9.0,8.4,7.0,12.0,16.26,3.0
SanCheong,Strawberry,1,52,2021-04-12,4,28.0,6.0,7.8,6.0,15.3,15.27,1.0
SanCheong,Strawberry,1,52,2021-04-21,1,32.5,19.0,9.5,8.4,17.4,20.52,3.0
SanCheong,Strawberry,1,52,2021-04-21,2,24.9,13.0,9.1,7.2,12.4,21.2,0.0
SanCheong,Strawberry,1,52,2021-04-21,3,22.7,8.0,9.7,7.4,11.1,16.94,3.0
SanCheong,Strawberry,1,52,2021-04-21,4,25.2,7.0,8.6,7.3,8.7,15.25,3.0
SanCheong,Strawberry,1,52,2021-04-28,1,32.6,21.0,11.1,7.5,17.6,20.54,3.0
SanCheong,Strawberry,1,52,2021-04-28,2,25.0,15.0,10.5,7.5,14.0,21.48,1.3333333333333333
SanCheong,Strawberry,1,52,2021-04-28,3,23.2,8.0,9.8,7.6,11.4,16.97,1.0
SanCheong,Strawberry,1,52,2021-04-28,4,25.6,9.0,8.5,6.8,10.1,15.27,3.0
SanCheong,Strawberry,1,52,2021-05-07,1,32.7,29.0,10.5,6.5,17.8,20.65,2.0
SanCheong,Strawberry,1,52,2021-05-07,2,26.8,18.0,10.6,7.7,14.8,21.5,3.0
SanCheong,Strawberry,1,52,2021-05-07,3,23.5,9.0,9.5,8.1,13.0,17.04,1.5
SanCheong,Strawberry,1,52,2021-05-07,4,26.0,13.0,9.0,5.9,12.0,15.25,2.0
SanCheong,Strawberry,1,52,2021-05-12,1,33.0,28.0,11.0,7.5,17.0,20.72,0.0
SanCheong,Strawberry,1,52,2021-05-12,2,27.0,20.0,11.7,7.4,14.4,21.68,4.0
SanCheong,Strawberry,1,52,2021-05-12,3,24.0,10.0,9.3,6.3,14.3,17.13,3.0
SanCheong,Strawberry,1,52,2021-05-12,4,26.3,15.0,9.1,6.0,12.0,12.28,0.0
SanCheong,Strawberry,1,52,2021-05-20,1,34.7,32.0,10.5,6.8,21.7,20.92,5.0
SanCheong,Strawberry,1,52,2021-05-20,2,29.1,23.0,11.7,7.4,14.5,21.85,4.0
SanCheong,Strawberry,1,52,2021-05-20,3,26.3,10.0,8.9,6.8,15.5,17.21,3.0
SanCheong,Strawberry,1,52,2021-05-20,4,25.3,17.0,9.5,7.5,13.3,12.36,4.0
SanCheong,Strawberry,1,52,2021-05-26,1,35.0,36.0,7.8,4.7,18.4,21.0,5.0
SanCheong,Strawberry,1,52,2021-05-26,2,30.1,24.0,10.5,7.5,17.4,22.03,3.25
SanCheong,Strawberry,1,52,2021-05-26,3,28.2,11.0,8.7,6.7,15.0,17.43,0.0
SanCheong,Strawberry,1,52,2021-05-26,4,24.3,19.0,9.1,6.3,14.2,12.68,6.0
