State,Item,Cropping,FarmNum,Time,CropNum,PlantHeight,NumberOfLeaves,LeafLength,LeafWidth,PetioleLength,StemDiameter,NumberOfFruits,EnvDataCount_7d,ExTemperature_7d_mean,ExTemperature_7d_min,ExTemperature_7d_max,OutInsolation_7d_mean,OutInsolation_7d_min,OutInsolation_7d_max,InTemperature_7d_mean,InTemperature_7d_min,InTemperature_7d_max,InHumidity_7d_mean,InHumidity_7d_min,InHumidity_7d_max,RemainCO2_7d_mean,RemainCO2_7d_min,RemainCO2_7d_max,SoilTemperature_7d_mean,SoilTemperature_7d_min,SoilTemperature_7d_max,OutInsolation_7d_sum
BoRyeong ,Strawberry,1,17,2020-11-12,3,32.0,10.0,8.5,12.0,12.0,28.0,1.0,7,10.360119047619047,7.2875000000000005,14.754166666666668,102.98214285714285,36.125,128.58333333333334,13.46845238095238,12.4,15.470833333333333,83.10952380952381,78.50416666666666,88.89166666666667,444.7142857142857,392.2916666666667,481.5,14.949404761904763,14.120833333333332,16.8,720.8749999999999
BoRyeong ,Strawberry,1,17,2020-11-12,4,23.0,9.0,8.2,13.0,13.0,28.7,4.0,7,10.360119047619047,7.2875000000000005,14.754166666666668,102.98214285714285,36.125,128.58333333333334,13.46845238095238,12.4,15.470833333333333,83.10952380952381,78.50416666666666,88.89166666666667,444.7142857142857,392.2916666666667,481.5,14.949404761904763,14.120833333333332,16.8,720.8749999999999
BoRyeong ,Strawberry,1,17,2020-11-19,1,29.8,7.0,11.0,8.0,11.0,25.3,1.0,7,12.934523809523808,9.920833333333333,19.695833333333333,82.89880952380953,27.833333333333332,117.0,14.180357142857144,12.529166666666667,17.916666666666668,85.69047619047619,80.99583333333334,90.71249999999999,428.5119047619047,375.1666666666667,492.5416666666667,15.491071428571429,14.6625,17.920833333333334,580.2916666666667
BoRyeong ,Strawberry,1,17,2020-11-19,2,34.0,6.0,12.0,8.5,8.0,27.2,3.0,7,12.934523809523808,9.920833333333333,19.695833333333333,82.89880952380953,27.833333333333332,117.0,14.180357142857144,12.529166666666667,17.916666666666668,85.69047619047619,80.99583333333334,90.71249999999999,428.5119047619047,375.1666666666667,492.5416666666667,15.491071428571429,14.6625,17.920833333333334,580.2916666666667
BoRyeong ,Strawberry,1,17,2020-11-19,3,31.0,8.0,10.5,7.5,10.0,21.0,2.0,7,12.934523809523808,9.920833333333333,19.695833333333333,82.89880952380953,27.833333333333332,117.0,14.180357142857144,12.529166666666667,17.916666666666668,85.69047619047619,80.99583333333334,90.71249999999999,428.5119047619047,375.1666666666667,492.5416666666667,15.491071428571429,14.6625,17.920833333333334,580.2916666666667
BoRyeong ,Strawberry,1,17,2020-11-19,4,24.0,8.0,10.0,7.0,11.0,23.5,8.0,7,12.934523809523808,9.920833333333333,19.695833333333333,82.89880952380953,27.833333333333332,117.0,14.180357142857144,12.529166666666667,17.916666666666668,85.69047619047619,80.99583333333334,90.71249999999999,428.5119047619047,375.1666666666667,492.5416666666667,15.491071428571429,14.6625,17.920833333333334,580.2916666666667
BoRyeong ,Strawberry,1,17,2020-11-27,1,28.0,7.0,12.0,9.0,11.0,26.0,9.0,7,6.09345238095238,4.216666666666667,7.916666666666667,90.00238095238095,10.6,134.66666666666666,11.9125,11.216666666666667,13.475,89.08404761904761,85.84166666666665,95.92999999999999,444.3607142857143,371.15,481.125,13.716071428571428,13.329166666666666,14.254166666666668,630.0166666666667
BoRyeong ,Strawberry,1,17,2020-11-27,2,32.0,6.0,12.0,8.0,8.0,27.2,9.0,7,6.09345238095238,4.216666666666667,7.916666666666667,90.00238095238095,10.6,134.66666666666666,11.9125,11.216666666666667,13.475,89.08404761904761,85.84166666666665,95.92999999999999,444.3607142857143,371.15,481.125,13.716071428571428,13.329166666666666,14.254166666666668,630.0166666666667
BoRyeong ,Strawberry,1,17,2020-11-27,3,33.0,8.0,11.0,8.0,9.0,22.0,11.0,7,6.09345238095238,4.216666666666667,7.916666666666667,90.00238095238095,10.6,134.66666666666666,11.9125,11.216666666666667,13.475,89.08404761904761,85.84166666666665,95.92999999999999,444.3607142857143,371.15,481.125,13.716071428571428,13.329166666666666,14.254166666666668,630.0166666666667
BoRyeong ,Strawberry,1,17,2020-11-27,4,25.0,8.0,11.0,8.0,12.0,23.6,8.0,7,6.09345238095238,4.216666666666667,7.916666666666667,90.00238095238095,10.6,134.66666666666666,11.9125,11.216666666666667,13.475,89.08404761904761,85.84166666666665,95.92999999999999,444.3607142857143,371.15,481.125,13.716071428571428,13.329166666666666,14.254166666666668,630.0166666666667
BoRyeong ,Strawberry,1,17,2020-12-04,1,30.0,7.0,12.0,9.0,11.0,26.2,12.0,7,2.8467857142857147,1.5583333333333333,5.495833333333334,97.25198412698413,46.05555555555556,127.5,11.021587301587301,10.0625,12.295833333333334,89.2445634920635,87.17916666666667,93.44444444444444,569.8924603174603,420.7916666666667,681.9,13.771349206349205,11.827777777777778,15.608333333333334,680.7638888888889
BoRyeong ,Strawberry,1,17,2020-12-04,2,33.0,7.0,13.0,7.0,9.0,27.3,11.0,7,2.8467857142857147,1.5583333333333333,5.495833333333334,97.25198412698413,46.05555555555556,127.5,11.021587301587301,10.0625,12.295833333333334,89.2445634920635,87.17916666666667,93.44444444444444,569.8924603174603,420.7916666666667,681.9,13.771349206349205,11.827777777777778,15.608333333333334,680.7638888888889
BoRyeong ,Strawberry,1,17,2020-12-04,3,34.0,8.0,12.0,9.0,9.0,22.5,10.0,7,2.8467857142857147,1.5583333333333333,5.495833333333334,97.25198412698413,46.05555555555556,127.5,11.021587301587301,10.0625,12.295833333333334,89.2445634920635,87.17916666666667,93.44444444444444,569.8924603174603,420.7916666666667,681.9,13.771349206349205,11.827777777777778,15.608333333333334,680.7638888888889
BoRyeong ,Strawberry,1,17,2020-12-04,4,27.0,9.0,11.0,11.0,12.0,23.7,11.0,7,2.8467857142857147,1.5583333333333333,5.495833333333334,97.25198412698413,46.05555555555556,127.5,11.021587301587301,10.0625,12.295833333333334,89.2445634920635,87.17916666666667,93.44444444444444,569.8924603174603,420.7916666666667,681.9,13.771349206349205,11.827777777777778,15.608333333333334,680.7638888888889
BoRyeong ,Strawberry,1,17,2020-12-10,3,34.0,8.0,12.0,9.0,9.0,23.0,7.0,7,2.7671635610766043,0.9166666666666666,4.779166666666667,94.88445793337097,43.0,141.45,11.262792678336154,10.520833333333334,12.145454545454545,89.88004187841145,87.51,92.55,625.5230048936571,592.9166666666666,661.9,15.15619706380576,14.841666666666667,15.672727272727274,664.1912055335968
BoRyeong ,Strawberry,1,17,2020-12-10,4,28.0,8.0,11.0,12.0,12.0,23.8,10.0,7,2.7671635610766043,0.9166666666666666,4.779166666666667,94.88445793337097,43.0,141.45,11.262792678336154,10.520833333333334,12.145454545454545,89.88004187841145,87.51,92.55,625.5230048936571,592.9166666666666,661.9,15.15619706380576,14.841666666666667,15.672727272727274,664.1912055335968
BoRyeong ,Strawberry,1,17,2020-12-17,1,31.0,14.0,14.0,9.0,12.0,26.7,5.0,7,0.5915890269151142,-5.391304347826087,6.883333333333333,85.0988612836439,25.083333333333332,123.04166666666667,11.175646997929606,9.75,12.975,90.61107660455488,87.94583333333333,94.175,579.8734472049689,525.5416666666666,676.1304347826087,14.827613871635611,13.204166666666666,15.704347826086956,595.6920289855072
BoRyeong ,Strawberry,1,17,2020-12-17,2,33.0,12.0,12.0,8.0,9.0,28.1,8.0,7,0.5915890269151142,-5.391304347826087,6.883333333333333,85.0988612836439,25.083333333333332,123.04166666666667,11.175646997929606,9.75,12.975,90.61107660455488,87.94583333333333,94.175,579.8734472049689,525.5416666666666,676.1304347826087,14.827613871635611,13.204166666666666,15.704347826086956,595.6920289855072
BoRyeong ,Strawberry,1,17,2020-12-17,3,32.0,13.0,13.0,10.0,8.0,25.3,7.0,7,0.5915890269151142,-5.391304347826087,6.883333333333333,85.0988612836439,25.083333333333332,123.04166666666667,11.175646997929606,9.75,12.975,90.61107660455488,87.94583333333333,94.175,579.8734472049689,525.5416666666666,676.1304347826087,14.827613871635611,13.204166666666666,15.704347826086956,595.6920289855072
BoRyeong ,Strawberry,1,17,2020-12-17,4,29.0,12.0,12.0,9.0,11.0,25.2,10.0,7,0.5915890269151142,-5.391304347826087,6.883333333333333,85.0988612836439,25.083333333333332,123.04166666666667,11.175646997929606,9.75,12.975,90.61107660455488,87.94583333333333,94.175,579.8734472049689,525.5416666666666,676.1304347826087,14.827613871635611,13.204166666666666,15.704347826086956,595.6920289855072
BoRyeong ,Strawberry,1,17,2020-12-24,1,32.0,7.0,14.0,9.0,12.0,26.7,7.0,7,0.6145378246992578,-2.536363636363636,5.420833333333333,103.31804539997817,47.083333333333336,158.35294117647058,10.910801880560838,9.773684210526316,12.847058823529412,89.2688196091834,84.96666666666667,93.83749999999999,620.9254462550571,534.4117647058823,659.5833333333334,14.740765205603774,14.133333333333333,15.676470588235293,723.2263177998473
BoRyeong ,Strawberry,1,17,2020-12-24,2,32.0,7.0,16.0,8.0,12.0,30.2,8.0,7,0.6145378246992578,-2.536363636363636,5.420833333333333,103.31804539997817,47.083333333333336,158.35294117647058,10.910801880560838,9.773684210526316,12.847058823529412,89.2688196091834,84.96666666666667,93.83749999999999,620.9254462550571,534.4117647058823,659.5833333333334,14.740765205603774,14.133333333333333,15.676470588235293,723.2263177998473
BoRyeong ,Strawberry,1,17,2020-12-24,3,31.0,8.0,12.0,9.0,10.0,32.1,7.0,7,0.6145378246992578,-2.536363636363636,5.420833333333333,103.31804539997817,47.083333333333336,158.35294117647058,10.910801880560838,9.773684210526316,12.847058823529412,89.2688196091834,84.96666666666667,93.83749999999999,620.9254462550571,534.4117647058823,659.5833333333334,14.740765205603774,14.133333333333333,15.676470588235293,723.2263177998473
BoRyeong ,Strawberry,1,17,2020-12-24,4,36.0,7.0,14.0,9.0,11.0,28.3,10.0,7,0.6145378246992578,-2.536363636363636,5.420833333333333,103.31804539997817,47.083333333333336,158.35294117647058,10.910801880560838,9.773684210526316,12.847058823529412,89.2688196091834,84.96666666666667,93.83749999999999,620.9254462550571,534.4117647058823,659.5833333333334,14.740765205603774,14.133333333333333,15.676470588235293,723.2263177998473
BoRyeong ,Strawberry,1,17,2021-02-05,4,30.0,7.0,12.0,9.0,10.0,29.5,6.0,7,0.5263528138528139,-5.529166666666666,7.363636363636363,121.32792207792208,33.04545454545455,163.08333333333334,12.717911255411256,11.595833333333333,13.700000000000001,88.40465367965369,85.43333333333334,95.0909090909091,508.5546536796537,450.5833333333333,551.4583333333334,15.712012987012987,15.159090909090908,16.083333333333332,849.2954545454546
BoRyeong ,Strawberry,1,17,2021-02-09,1,26.0,14.0,7.5,5.5,15.5,28.4,4.0,7,0.9285714285714286,-2.9375,7.0625,124.54166666666667,35.458333333333336,173.70833333333334,12.993452380952379,12.7125,13.483333333333334,87.9077380952381,84.3875,95.075,540.2380952380952,493.8333333333333,586.375,15.688690476190475,15.054166666666667,16.25,871.7916666666667
BoRyeong ,Strawberry,1,17,2021-02-09,2,25.5,12.0,6.5,5.5,14.5,31.7,4.0,7,0.9285714285714286,-2.9375,7.0625,124.54166666666667,35.458333333333336,173.70833333333334,12.993452380952379,12.7125,13.483333333333334,87.9077380952381,84.3875,95.075,540.2380952380952,493.8333333333333,586.375,15.688690476190475,15.054166666666667,16.25,871.7916666666667
BoRyeong ,Strawberry,1,17,2021-02-09,3,27.5,11.0,7.0,5.0,13.5,33.7,3.0,7,0.9285714285714286,-2.9375,7.0625,124.54166666666667,35.458333333333336,173.70833333333334,12.993452380952379,12.7125,13.483333333333334,87.9077380952381,84.3875,95.075,540.2380952380952,493.8333333333333,586.375,15.688690476190475,15.054166666666667,16.25,871.7916666666667
BoRyeong ,Strawberry,1,17,2021-02-09,4,27.5,12.0,7.5,6.0,12.5,30.7,4.5,7,0.9285714285714286,-2.9375,7.0625,124.54166666666667,35.458333333333336,173.70833333333334,12.993452380952379,12.7125,13.483333333333334,87.9077380952381,84.3875,95.075,540.2380952380952,493.8333333333333,586.375,15.688690476190475,15.054166666666667,16.25,871.7916666666667
BoRyeong ,Strawberry,1,17,2021-02-19,1,26.5,13.0,7.5,5.5,14.5,28.7,2.5,7,1.6048469387755102,-5.854166666666667,8.525,129.906462585034,61.375,183.5,12.796513605442176,9.704761904761906,14.674999999999999,87.49234693877553,83.1375,91.87083333333334,548.5484693877552,497.125,636.7142857142857,15.312670068027208,14.00952380952381,16.320833333333333,909.345238095238
BoRyeong ,Strawberry,1,17,2021-02-19,2,26.5,12.0,6.5,5.0,14.5,31.9,3.6666666666666665,7,1.6048469387755102,-5.854166666666667,8.525,129.906462585034,61.375,183.5,12.796513605442176,9.704761904761906,14.674999999999999,87.49234693877553,83.1375,91.87083333333334,548.5484693877552,497.125,636.7142857142857,15.312670068027208,14.00952380952381,16.320833333333333,909.345238095238
BoRyeong ,Strawberry,1,17,2021-02-19,3,28.5,12.0,6.5,4.5,15.5,33.9,2.0,7,1.6048469387755102,-5.854166666666667,8.525,129.906462585034,61.375,183.5,12.796513605442176,9.704761904761906,14.674999999999999,87.49234693877553,83.1375,91.87083333333334,548.5484693877552,497.125,636.7142857142857,15.312670068027208,14.00952380952381,16.320833333333333,909.345238095238
BoRyeong ,Strawberry,1,17,2021-02-19,4,28.5,14.0,7.0,5.0,12.5,31.2,4.5,7,1.6048469387755102,-5.854166666666667,8.525,129.906462585034,61.375,183.5,12.796513605442176,9.704761904761906,14.674999999999999,87.49234693877553,83.1375,91.87083333333334,548.5484693877552,497.125,636.7142857142857,15.312670068027208,14.00952380952381,16.320833333333333,909.345238095238
BoRyeong ,Strawberry,1,17,2021-02-26,1,27.5,14.0,7.5,5.5,14.5,28.9,2.0,7,5.977380952380953,0.6791666666666667,12.762500000000001,142.72619047619048,46.458333333333336,173.70833333333334,13.160119047619048,10.683333333333332,15.779166666666667,84.7672619047619,81.45833333333333,93.66666666666667,469.922619047619,420.375,569.4583333333334,15.102380952380951,13.166666666666666,17.1875,999.0833333333334
BoRyeong ,Strawberry,1,17,2021-02-26,2,27.0,13.0,7.0,5.0,12.0,32.2,2.75,7,5.977380952380953,0.6791666666666667,12.762500000000001,142.72619047619048,46.458333333333336,173.70833333333334,13.160119047619048,10.683333333333332,15.779166666666667,84.7672619047619,81.45833333333333,93.66666666666667,469.922619047619,420.375,569.4583333333334,15.102380952380951,13.166666666666666,17.1875,999.0833333333334
BoRyeong ,Strawberry,1,17,2021-02-26,3,25.5,14.0,5.5,4.5,13.5,34.2,1.5,7,5.977380952380953,0.6791666666666667,12.762500000000001,142.72619047619048,46.458333333333336,173.70833333333334,13.160119047619048,10.683333333333332,15.779166666666667,84.7672619047619,81.45833333333333,93.66666666666667,469.922619047619,420.375,569.4583333333334,15.102380952380951,13.166666666666666,17.1875,999.0833333333334
BoRyeong ,Strawberry,1,17,2021-02-26,4,26.5,12.0,5.5,4.5,11.5,31.5,2.5,7,5.977380952380953,0.6791666666666667,12.762500000000001,142.72619047619048,46.458333333333336,173.70833333333334,13.160119047619048,10.683333333333332,15.779166666666667,84.7672619047619,81.45833333333333,93.66666666666667,469.922619047619,420.375,569.4583333333334,15.102380952380951,13.166666666666666,17.1875,999.0833333333334
BoRyeong ,Strawberry,1,17,2021-03-05,1,25.0,15.0,6.5,5.0,12.5,29.2,1.0,7,6.695238095238096,3.029166666666667,9.429166666666667,120.25000000000001,15.291666666666666,186.375,12.886904761904761,11.725,14.241666666666667,85.83511904761905,78.53333333333333,97.44166666666666,445.27976190476187,413.875,475.2083333333333,14.336309523809524,13.429166666666667,14.924999999999999,841.7500000000001
BoRyeong ,Strawberry,1,17,2021-03-05,2,27.5,17.0,6.5,4.5,13.5,32.5,2.0,7,6.695238095238096,3.029166666666667,9.429166666666667,120.25000000000001,15.291666666666666,186.375,12.886904761904761,11.725,14.241666666666667,85.83511904761905,78.53333333333333,97.44166666666666,445.27976190476187,413.875,475.2083333333333,14.336309523809524,13.429166666666667,14.924999999999999,841.7500000000001
BoRyeong ,Strawberry,1,17,2021-03-05,3,26.5,17.0,6.5,5.0,14.5,34.6,1.0,7,6.695238095238096,3.029166666666667,9.429166666666667,120.25000000000001,15.291666666666666,186.375,12.886904761904761,11.725,14.241666666666667,85.83511904761905,78.53333333333333,97.44166666666666,445.27976190476187,413.875,475.2083333333333,14.336309523809524,13.429166666666667,14.924999999999999,841.7500000000001
BoRyeong ,Strawberry,1,17,2021-03-10,1,26.0,15.0,6.5,5.5,13.5,29.4,1.0,7,6.085119047619047,3.4416666666666664,8.700000000000001,141.4047619047619,80.83333333333333,192.33333333333334,13.383333333333331,12.858333333333334,14.612499999999999,85.07261904761904,81.06666666666666,89.0625,472.87499999999994,413.875,513.9583333333334,15.133928571428571,14.291666666666666,15.808333333333332,989.8333333333334
BoRyeong ,Strawberry,1,17,2021-03-10,2,28.0,17.0,6.5,5.0,14.5,32.7,2.0,7,6.085119047619047,3.4416666666666664,8.700000000000001,141.4047619047619,80.83333333333333,192.33333333333334,13.383333333333331,12.858333333333334,14.612499999999999,85.07261904761904,81.06666666666666,89.0625,472.87499999999994,413.875,513.9583333333334,15.133928571428571,14.291666666666666,15.808333333333332,989.8333333333334
BoRyeong ,Strawberry,1,17,2021-03-10,3,27.5,18.0,6.5,5.5,15.5,34.8,1.0,7,6.085119047619047,3.4416666666666664,8.700000000000001,141.4047619047619,80.83333333333333,192.33333333333334,13.383333333333331,12.858333333333334,14.612499999999999,85.07261904761904,81.06666666666666,89.0625,472.87499999999994,413.875,513.9583333333334,15.133928571428571,14.291666666666666,15.808333333333332,989.8333333333334
BoRyeong ,Strawberry,1,17,2021-03-10,4,28.5,16.0,6.0,5.0,12.5,31.9,1.0,7,6.085119047619047,3.4416666666666664,8.700000000000001,141.4047619047619,80.83333333333333,192.33333333333334,13.383333333333331,12.858333333333334,14.612499999999999,85.07261904761904,81.06666666666666,89.0625,472.87499999999994,413.875,513.9583333333334,15.133928571428571,14.291666666666666,15.808333333333332,989.8333333333334
BoRyeong ,Strawberry,1,17,2021-03-18,1,28.0,16.0,5.5,4.5,11.5,29.8,1.0,7,8.188095238095238,6.3999999999999995,9.366666666666667,173.07738095238093,50.583333333333336,228.04166666666666,14.153571428571428,11.987499999999999,15.208333333333334,79.54761904761905,72.825,91.09166666666665,513.8809523809524,491.3333333333333,541.0,16.041666666666664,14.483333333333334,17.145833333333332,1211.5416666666665
BoRyeong ,Strawberry,1,17,2021-03-18,2,29.5,17.0,6.5,5.5,14.5,33.2,2.5,7,8.188095238095238,6.3999999999999995,9.366666666666667,173.07738095238093,50.583333333333336,228.04166666666666,14.153571428571428,11.987499999999999,15.208333333333334,79.54761904761905,72.825,91.09166666666665,513.8809523809524,491.3333333333333,541.0,16.041666666666664,14.483333333333334,17.145833333333332,1211.5416666666665
BoRyeong ,Strawberry,1,17,2021-03-18,3,28.5,19.0,5.5,4.5,12.5,35.2,1.0,7,8.188095238095238,6.3999999999999995,9.366666666666667,173.07738095238093,50.583333333333336,228.04166666666666,14.153571428571428,11.987499999999999,15.208333333333334,79.54761904761905,72.825,91.09166666666665,513.8809523809524,491.3333333333333,541.0,16.041666666666664,14.483333333333334,17.145833333333332,1211.5416666666665
BoRyeong ,Strawberry,1,17,2021-03-18,4,28.5,17.0,6.0,5.5,13.5,32.4,2.0,7,8.188095238095238,6.3999999999999995,9.366666666666667,173.07738095238093,50.583333333333336,228.04166666666666,14.153571428571428,11.987499999999999,15.208333333333334,79.54761904761905,72.825,91.09166666666665,513.8809523809524,491.3333333333333,541.0,16.041666666666664,14.483333333333334,17.145833333333332,1211.5416666666665
BoRyeong ,Strawberry,1,17,2021-03-25,3,24.5,15.0,5.5,4.5,11.5,35.7,1.0,7,8.611904761904762,5.733333333333333,11.579166666666666,172.91071428571428,39.666666666666664,219.875,14.329761904761906,11.875,16.008333333333333,79.72916666666666,75.90416666666667,90.41666666666667,475.327380952381,433.375,508.7916666666667,16.26845238095238,14.25,18.095833333333335,1210.375
BoRyeong ,Strawberry,1,17,2021-03-25,4,26.5,14.0,5.5,4.5,10.5,32.6,2.0,7,8.611904761904762,5.733333333333333,11.579166666666666,172.91071428571428,39.666666666666664,219.875,14.329761904761906,11.875,16.008333333333333,79.72916666666666,75.90416666666667,90.41666666666667,475.327380952381,433.375,508.7916666666667,16.26845238095238,14.25,18.095833333333335,1210.375
BoRyeong ,Strawberry,1,17,2021-04-01,3,25.5,16.0,5.0,4.5,12.5,36.3,1.0,7,11.246428571428572,8.862499999999999,13.670833333333334,165.00595238095235,42.333333333333336,250.375,14.741071428571429,11.883333333333333,16.529166666666665,79.4577380952381,67.07083333333334,93.1125,415.86309523809524,332.75,484.8333333333333,16.763690476190476,15.1875,18.041666666666668,1155.0416666666665
BoRyeong ,Strawberry,1,17,2021-04-01,4,26.5,16.0,5.5,5.0,13.0,33.4,2.0,7,11.246428571428572,8.862499999999999,13.670833333333334,165.00595238095235,42.333333333333336,250.375,14.741071428571429,11.883333333333333,16.529166666666665,79.4577380952381,67.07083333333334,93.1125,415.86309523809524,332.75,484.8333333333333,16.763690476190476,15.1875,18.041666666666668,1155.0416666666665
BoRyeong ,Strawberry,1,17,2021-04-06,1,22.5,15.0,5.5,4.5,10.0,30.9,1.0,7,14.051785714285714,11.183333333333332,17.5,173.14880952380955,21.708333333333332,250.375,16.10595238095238,14.5,18.495833333333334,68.14940476190476,48.775,83.84583333333333,387.5654761904762,351.9166666666667,437.25,17.0,16.208333333333332,18.1875,1212.0416666666667
BoRyeong ,Strawberry,1,17,2021-04-06,2,28.5,21.0,5.5,5.0,11.5,34.7,2.0,7,14.051785714285714,11.183333333333332,17.5,173.14880952380955,21.708333333333332,250.375,16.10595238095238,14.5,18.495833333333334,68.14940476190476,48.775,83.84583333333333,387.5654761904762,351.9166666666667,437.25,17.0,16.208333333333332,18.1875,1212.0416666666667
BoRyeong ,Strawberry,1,17,2021-04-06,3,26.5,17.0,5.5,5.0,13.5,36.9,1.5,7,14.051785714285714,11.183333333333332,17.5,173.14880952380955,21.708333333333332,250.375,16.10595238095238,14.5,18.495833333333334,68.14940476190476,48.775,83.84583333333333,387.5654761904762,351.9166666666667,437.25,17.0,16.208333333333332,18.1875,1212.0416666666667
BoRyeong ,Strawberry,1,17,2021-04-06,4,27.5,18.0,5.5,4.0,12.5,33.9,2.0,7,14.051785714285714,11.183333333333332,17.5,173.14880952380955,21.708333333333332,250.375,16.10595238095238,14.5,18.495833333333334,68.14940476190476,48.775,83.84583333333333,387.5654761904762,351.9166666666667,437.25,17.0,16.208333333333332,18.1875,1212.0416666666667
BoRyeong ,Strawberry,1,17,2021-04-13,1,27.0,19.0,6.5,5.5,14.5,31.4,1.0,7,12.466071428571428,11.104166666666666,13.804166666666667,203.29166666666666,47.625,236.0,14.60952380952381,14.112499999999999,15.9,74.43095238095238,70.27499999999999,83.36666666666666,405.04166666666663,370.125,442.7083333333333,16.57559523809524,16.075,17.029166666666665,1423.0416666666665
BoRyeong ,Strawberry,1,17,2021-04-13,2,30.5,23.0,6.0,5.0,13.5,35.1,1.5,7,12.466071428571428,11.104166666666666,13.804166666666667,203.29166666666666,47.625,236.0,14.60952380952381,14.112499999999999,15.9,74.43095238095238,70.27499999999999,83.36666666666666,405.04166666666663,370.125,442.7083333333333,16.57559523809524,16.075,17.029166666666665,1423.0416666666665
BoRyeong ,Strawberry,1,17,2021-04-13,3,27.5,22.0,6.0,5.5,14.5,37.4,1.5,7,12.466071428571428,11.104166666666666,13.804166666666667,203.29166666666666,47.625,236.0,14.60952380952381,14.112499999999999,15.9,74.43095238095238,70.27499999999999,83.36666666666666,405.04166666666663,370.125,442.7083333333333,16.57559523809524,16.075,17.029166666666665,1423.0416666666665
BoRyeong ,Strawberry,1,17,2021-04-13,4,28.5,22.0,5.5,4.5,13.5,34.4,2.0,7,12.466071428571428,11.104166666666666,13.804166666666667,203.29166666666666,47.625,236.0,14.60952380952381,14.112499999999999,15.9,74.43095238095238,70.27499999999999,83.36666666666666,405.04166666666663,370.125,442.7083333333333,16.57559523809524,16.075,17.029166666666665,1423.0416666666665
BoRyeong ,Strawberry,1,17,2021-04-22,1,33.5,22.0,7.5,6.5,19.5,32.2,1.0,7,11.79404761904762,8.454166666666667,17.5625,194.0297619047619,46.625,246.83333333333334,14.280952380952382,12.379166666666668,17.979166666666668,72.59880952380952,57.14166666666667,80.7375,374.13690476190476,345.375,419.125,15.798809523809524,14.458333333333334,17.8875,1358.2083333333333
BoRyeong ,Strawberry,1,17,2021-04-22,2,32.5,24.0,6.5,5.5,21.5,36.3,2.0,7,11.79404761904762,8.454166666666667,17.5625,194.0297619047619,46.625,246.83333333333334,14.280952380952382,12.379166666666668,17.979166666666668,72.59880952380952,57.14166666666667,80.7375,374.13690476190476,345.375,419.125,15.798809523809524,14.458333333333334,17.8875,1358.2083333333333
BoRyeong ,Strawberry,1,17,2021-04-22,3,31.5,24.0,6.5,5.0,20.5,38.2,2.0,7,11.79404761904762,8.454166666666667,17.5625,194.0297619047619,46.625,246.83333333333334,14.280952380952382,12.379166666666668,17.979166666666668,72.59880952380952,57.14166666666667,80.7375,374.13690476190476,345.375,419.125,15.798809523809524,14.458333333333334,17.8875,1358.2083333333333
BoRyeong ,Strawberry,1,17,2021-04-22,4,30.5,23.0,6.0,5.0,19.5,35.3,1.0,7,11.79404761904762,8.454166666666667,17.5625,194.0297619047619,46.625,246.83333333333334,14.280952380952382,12.379166666666668,17.979166666666668,72.59880952380952,57.14166666666667,80.7375,374.13690476190476,345.375,419.125,15.798809523809524,14.458333333333334,17.8875,1358.2083333333333
BoRyeong ,Strawberry,1,17,2021-04-29,1,34.5,23.0,7.5,7.0,20.5,32.6,1.0,7,16.78095238095238,14.1875,19.783333333333335,151.79166666666669,100.5,250.58333333333334,17.36785714285714,14.9125,19.441666666666666,66.39047619047618,50.020833333333336,81.72083333333333,368.27976190476187,358.0833333333333,382.125,17.927380952380954,16.6875,18.729166666666668,1062.5416666666667
BoRyeong ,Strawberry,1,17,2021-04-29,2,33.5,25.0,7.0,6.0,22.5,36.8,2.0,7,16.78095238095238,14.1875,19.783333333333335,151.79166666666669,100.5,250.58333333333334,17.36785714285714,14.9125,19.441666666666666,66.39047619047618,50.020833333333336,81.72083333333333,368.27976190476187,358.0833333333333,382.125,17.927380952380954,16.6875,18.729166666666668,1062.5416666666667
BoRyeong ,Strawberry,1,17,2021-04-29,3,32.5,25.0,7.0,5.5,21.5,39.4,2.0,7,16.78095238095238,14.1875,19.783333333333335,151.79166666666669,100.5,250.58333333333334,17.36785714285714,14.9125,19.441666666666666,66.39047619047618,50.020833333333336,81.72083333333333,368.27976190476187,358.0833333333333,382.125,17.927380952380954,16.6875,18.729166666666668,1062.5416666666667
BoRyeong ,Strawberry,1,17,2021-04-29,4,31.5,24.0,6.5,5.5,20.5,36.2,1.0,7,16.78095238095238,14.1875,19.783333333333335,151.79166666666669,100.5,250.58333333333334,17.36785714285714,14.9125,19.441666666666666,66.39047619047618,50.020833333333336,81.72083333333333,368.27976190476187,358.0833333333333,382.125,17.927380952380954,16.6875,18.729166666666668,1062.5416666666667
BoRyeong ,Strawberry,1,17,2021-05-13,1,39.5,29.0,7.5,7.0,19.0,32.8,1.0,7,15.655952380952382,11.945833333333333,20.895833333333332,190.35119047619045,35.458333333333336,286.25,16.78690476190476,12.495833333333332,21.77916666666667,70.84464285714286,55.90416666666667,88.25416666666666,344.297619047619,337.0416666666667,351.25,17.433333333333334,15.395833333333334,19.558333333333334,1332.4583333333333
BoRyeong ,Strawberry,1,17,2021-05-13,2,37.5,28.0,8.5,7.5,21.0,37.1,1.0,7,15.655952380952382,11.945833333333333,20.895833333333332,190.35119047619045,35.458333333333336,286.25,16.78690476190476,12.495833333333332,21.77916666666667,70.84464285714286,55.90416666666667,88.25416666666666,344.297619047619,337.0416666666667,351.25,17.433333333333334,15.395833333333334,19.558333333333334,1332.4583333333333
BoRyeong ,Strawberry,1,17,2021-05-13,3,36.5,30.0,8.0,7.0,22.5,39.6,1.0,7,15.655952380952382,11.945833333333333,20.895833333333332,190.35119047619045,35.458333333333336,286.25,16.78690476190476,12.495833333333332,21.77916666666667,70.84464285714286,55.90416666666667,88.25416666666666,344.297619047619,337.0416666666667,351.25,17.433333333333334,15.395833333333334,19.558333333333334,1332.4583333333333
BoRyeong ,Strawberry,1,17,2021-05-13,4,37.5,24.0,6.5,7.0,23.5,36.4,2.0,7,15.655952380952382,11.945833333333333,20.895833333333332,190.35119047619045,35.458333333333336,286.25,16.78690476190476,12.495833333333332,21.77916666666667,70.84464285714286,55.90416666666667,88.25416666666666,344.297619047619,337.0416666666667,351.25,17.433333333333334,15.395833333333334,19.558333333333334,1332.4583333333333
BoRyeong ,Strawberry,1,17,2021-05-20,1,49.0,25.0,8.0,7.5,19.0,33.5,1.0,7,19.067857142857143,14.887500000000001,21.400000000000002,165.96428571428572,14.958333333333334,281.5,19.88809523809524,15.924999999999999,21.525000000000002,84.63214285714285,72.64999999999999,97.89583333333333,366.7321428571428,348.25,392.4583333333333,20.623809523809523,18.5,21.95,1161.75
BoRyeong ,Strawberry,1,17,2021-05-20,2,48.0,26.0,8.5,8.0,21.5,37.5,1.5,7,19.067857142857143,14.887500000000001,21.400000000000002,165.96428571428572,14.958333333333334,281.5,19.88809523809524,15.924999999999999,21.525000000000002,84.63214285714285,72.64999999999999,97.89583333333333,366.7321428571428,348.25,392.4583333333333,20.623809523809523,18.5,21.95,1161.75
BoRyeong ,Strawberry,1,17,2021-05-20,3,47.0,26.0,8.5,7.0,22.5,40.0,1.5,7,19.067857142857143,14.887500000000001,21.400000000000002,165.96428571428572,14.958333333333334,281.5,19.88809523809524,15.924999999999999,21.525000000000002,84.63214285714285,72.64999999999999,97.89583333333333,366.7321428571428,348.25,392.4583333333333,20.623809523809523,18.5,21.95,1161.75
BoRyeong ,Strawberry,1,17,2021-05-20,4,49.5,23.0,8.5,7.5,24.0,37.0,2.5,7,19.067857142857143,14.887500000000001,21.400000000000002,165.96428571428572,14.958333333333334,281.5,19.88809523809524,15.924999999999999,21.525000000000002,84.63214285714285,72.64999999999999,97.89583333333333,366.7321428571428,348.25,392.4583333333333,20.623809523809523,18.5,21.95,1161.75
BoRyeong ,Strawberry,1,17,2021-05-26,1,53.0,27.0,9.5,8.5,21.5,35.5,2.0,7,17.08511904761905,14.075000000000001,19.608333333333334,169.00595238095238,32.583333333333336,281.5,17.99047619047619,15.145833333333334,20.316666666666666,89.73869047619046,72.64999999999999,98.47500000000001,357.23214285714283,341.3333333333333,371.75,18.935714285714287,17.462500000000002,20.095833333333335,1183.0416666666667
BoRyeong ,Strawberry,1,17,2021-05-26,2,51.0,28.0,9.5,8.5,22.0,38.0,1.5,7,17.08511904761905,14.075000000000001,19.608333333333334,169.00595238095238,32.583333333333336,281.5,17.99047619047619,15.145833333333334,20.316666666666666,89.73869047619046,72.64999999999999,98.47500000000001,357.23214285714283,341.3333333333333,371.75,18.935714285714287,17.462500000000002,20.095833333333335,1183.0416666666667
BoRyeong ,Strawberry,1,17,2021-05-26,3,50.0,27.0,10.5,8.5,24.5,40.0,1.5,7,17.08511904761905,14.075000000000001,19.608333333333334,169.00595238095238,32.583333333333336,281.5,17.99047619047619,15.145833333333334,20.316666666666666,89.73869047619046,72.64999999999999,98.47500000000001,357.23214285714283,341.3333333333333,371.75,18.935714285714287,17.462500000000002,20.095833333333335,1183.0416666666667
BoRyeong ,Strawberry,1,17,2021-05-26,4,52.0,25.0,9.5,8.0,23.5,38.5,2.5,7,17.08511904761905,14.075000000000001,19.608333333333334,169.00595238095238,32.583333333333336,281.5,17.99047619047619,15.145833333333334,20.316666666666666,89.73869047619046,72.64999999999999,98.47500000000001,357.23214285714283,341.3333333333333,371.75,18.935714285714287,17.462500000000002,20.095833333333335,1183.0416666666667
GangJin,Strawberry,1,38,2020-11-25,1,21.1,6.0,9.9,8.0,9.8,15.49,3.0,4,7.494409888357256,4.739999999999999,10.733333333333334,22.106618819776713,2.0,52.10526315789474,14.864720893141946,12.893333333333334,16.3,92.34854864433812,89.6263157894737,94.31333333333333,414.5370015948963,387.6666666666667,443.8181818181818,38.84538676236045,38.35909090909091,39.166666666666664,88.42647527910685
GangJin,Strawberry,1,38,2020-11-25,2,23.1,8.0,9.4,8.3,8.8,16.18,3.0,4,7.494409888357256,4.739999999999999,10.733333333333334,22.106618819776713,2.0,52.10526315789474,14.864720893141946,12.893333333333334,16.3,92.34854864433812,89.6263157894737,94.31333333333333,414.5370015948963,387.6666666666667,443.8181818181818,38.84538676236045,38.35909090909091,39.166666666666664,88.42647527910685
GangJin,Strawberry,1,38,2020-11-25,3,21.2,7.0,10.2,9.1,10.3,16.1,6.0,4,7.494409888357256,4.739999999999999,10.733333333333334,22.106618819776713,2.0,52.10526315789474,14.864720893141946,12.893333333333334,16.3,92.34854864433812,89.6263157894737,94.31333333333333,414.5370015948963,387.6666666666667,443.8181818181818,38.84538676236045,38.35909090909091,39.166666666666664,88.42647527910685
GangJin,Strawberry,1,38,2020-11-25,4,20.5,6.0,10.2,8.5,8.1,15.37,4.0,4,7.494409888357256,4.739999999999999,10.733333333333334,22.106618819776713,2.0,52.10526315789474,14.864720893141946,12.893333333333334,16.3,92.34854864433812,89.6263157894737,94.31333333333333,414.5370015948963,387.6666666666667,443.8181818181818,38.84538676236045,38.35909090909091,39.166666666666664,88.42647527910685
GangJin,Strawberry,1,38,2020-12-02,1,22.4,6.0,10.5,8.4,10.7,16.5,9.0,7,4.156712078770903,0.15454545454545457,7.408333333333334,24.21889221889222,3.5,57.27272727272727,12.45189508204214,9.977777777777778,14.083333333333334,87.38817318302613,79.85833333333333,90.84705882352942,443.4396036969566,410.25,475.54545454545456,38.97133234412646,38.35454545454545,39.63333333333333,169.53224553224553
GangJin,Strawberry,1,38,2020-12-02,2,22.6,7.0,9.8,8.5,10.0,16.48,6.0,7,4.156712078770903,0.15454545454545457,7.408333333333334,24.21889221889222,3.5,57.27272727272727,12.45189508204214,9.977777777777778,14.083333333333334,87.38817318302613,79.85833333333333,90.84705882352942,443.4396036969566,410.25,475.54545454545456,38.97133234412646,38.35454545454545,39.63333333333333,169.53224553224553
GangJin,Strawberry,1,38,2020-12-02,3,22.4,7.0,10.4,9.6,10.5,16.09,8.0,7,4.156712078770903,0.15454545454545457,7.408333333333334,24.21889221889222,3.5,57.27272727272727,12.45189508204214,9.977777777777778,14.083333333333334,87.38817318302613,79.85833333333333,90.84705882352942,443.4396036969566,410.25,475.54545454545456,38.97133234412646,38.35454545454545,39.63333333333333,169.53224553224553
GangJin,Strawberry,1,38,2020-12-02,4,22.5,7.0,10.2,9.0,9.4,15.87,7.0,7,4.156712078770903,0.15454545454545457,7.408333333333334,24.21889221889222,3.5,57.27272727272727,12.45189508204214,9.977777777777778,14.083333333333334,87.38817318302613,79.85833333333333,90.84705882352942,443.4396036969566,410.25,475.54545454545456,38.97133234412646,38.35454545454545,39.63333333333333,169.53224553224553
GangJin,Strawberry,1,38,2020-12-09,1,23.0,7.0,10.5,8.4,10.7,16.77,9.0,5,-0.3080887739711269,-0.5411764705882354,0.05714285714285713,9.564183365653955,5.625,18.916666666666668,9.903131329454858,9.466666666666667,10.228571428571428,91.18607385261798,90.34705882352942,92.35384615384615,433.81129067011426,416.2857142857143,461.1666666666667,38.47784987071751,36.45882352941176,39.48571428571428,47.82091682826977
GangJin,Strawberry,1,38,2020-12-09,2,23.3,7.0,10.1,8.8,9.8,17.93,7.0,5,-0.3080887739711269,-0.5411764705882354,0.05714285714285713,9.564183365653955,5.625,18.916666666666668,9.903131329454858,9.466666666666667,10.228571428571428,91.18607385261798,90.34705882352942,92.35384615384615,433.81129067011426,416.2857142857143,461.1666666666667,38.47784987071751,36.45882352941176,39.48571428571428,47.82091682826977
GangJin,Strawberry,1,38,2020-12-09,3,22.8,8.0,10.8,9.9,11.3,17.9,8.0,5,-0.3080887739711269,-0.5411764705882354,0.05714285714285713,9.564183365653955,5.625,18.916666666666668,9.903131329454858,9.466666666666667,10.228571428571428,91.18607385261798,90.34705882352942,92.35384615384615,433.81129067011426,416.2857142857143,461.1666666666667,38.47784987071751,36.45882352941176,39.48571428571428,47.82091682826977
GangJin,Strawberry,1,38,2020-12-09,4,22.0,7.0,10.6,9.2,10.1,17.67,8.0,5,-0.3080887739711269,-0.5411764705882354,0.05714285714285713,9.564183365653955,5.625,18.916666666666668,9.903131329454858,9.466666666666667,10.228571428571428,91.18607385261798,90.34705882352942,92.35384615384615,433.81129067011426,416.2857142857143,461.1666666666667,38.47784987071751,36.45882352941176,39.48571428571428,47.82091682826977
GangJin,Strawberry,1,38,2020-12-16,1,23.1,7.0,10.3,8.4,10.6,18.06,9.0,7,-0.05749983394167397,-3.5384615384615383,3.025,24.83991031635326,5.4,109.07692307692308,10.19062372519858,9.006666666666666,10.836842105263159,91.1081960152482,87.19999999999999,93.09285714285714,438.651841465331,385.5,485.5,38.95329016424383,38.425,39.31428571428571,173.87937221447282
GangJin,Strawberry,1,38,2020-12-16,2,23.4,7.0,10.0,8.9,10.1,18.42,7.0,7,-0.05749983394167397,-3.5384615384615383,3.025,24.83991031635326,5.4,109.07692307692308,10.19062372519858,9.006666666666666,10.836842105263159,91.1081960152482,87.19999999999999,93.09285714285714,438.651841465331,385.5,485.5,38.95329016424383,38.425,39.31428571428571,173.87937221447282
GangJin,Strawberry,1,38,2020-12-16,3,22.7,8.0,8.5,8.1,12.4,17.51,8.0,7,-0.05749983394167397,-3.5384615384615383,3.025,24.83991031635326,5.4,109.07692307692308,10.19062372519858,9.006666666666666,10.836842105263159,91.1081960152482,87.19999999999999,93.09285714285714,438.651841465331,385.5,485.5,38.95329016424383,38.425,39.31428571428571,173.87937221447282
GangJin,Strawberry,1,38,2020-12-16,4,22.0,7.0,10.6,9.1,9.6,17.38,8.0,7,-0.05749983394167397,-3.5384615384615383,3.025,24.83991031635326,5.4,109.07692307692308,10.19062372519858,9.006666666666666,10.836842105263159,91.1081960152482,87.19999999999999,93.09285714285714,438.651841465331,385.5,485.5,38.95329016424383,38.425,39.31428571428571,173.87937221447282
GangJin,Strawberry,1,38,2020-12-24,1,23.4,8.0,10.3,8.0,11.7,18.09,5.0,7,-2.0072974101921472,-3.5055555555555555,-0.8052631578947369,34.89181286549708,13.444444444444445,74.0,9.239243943191314,7.699999999999999,9.973684210526315,91.37007101086049,88.625,92.74736842105263,427.05981620718467,394.2105263157895,442.94736842105266,37.98565580618213,37.516666666666666,38.38421052631579,244.24269005847955
GangJin,Strawberry,1,38,2020-12-24,2,23.6,8.0,9.0,8.0,10.2,18.01,7.0,7,-2.0072974101921472,-3.5055555555555555,-0.8052631578947369,34.89181286549708,13.444444444444445,74.0,9.239243943191314,7.699999999999999,9.973684210526315,91.37007101086049,88.625,92.74736842105263,427.05981620718467,394.2105263157895,442.94736842105266,37.98565580618213,37.516666666666666,38.38421052631579,244.24269005847955
GangJin,Strawberry,1,38,2020-12-24,3,23.7,9.0,9.4,7.8,10.2,17.87,8.0,7,-2.0072974101921472,-3.5055555555555555,-0.8052631578947369,34.89181286549708,13.444444444444445,74.0,9.239243943191314,7.699999999999999,9.973684210526315,91.37007101086049,88.625,92.74736842105263,427.05981620718467,394.2105263157895,442.94736842105266,37.98565580618213,37.516666666666666,38.38421052631579,244.24269005847955
GangJin,Strawberry,1,38,2020-12-24,4,23.5,8.0,9.7,7.8,9.6,17.16,9.0,7,-2.0072974101921472,-3.5055555555555555,-0.8052631578947369,34.89181286549708,13.444444444444445,74.0,9.239243943191314,7.699999999999999,9.973684210526315,91.37007101086049,88.625,92.74736842105263,427.05981620718467,394.2105263157895,442.94736842105266,37.98565580618213,37.516666666666666,38.38421052631579,244.24269005847955
GangJin,Strawberry,1,38,2021-01-06,1,22.5,9.0,10.5,6.5,10.1,18.2,5.5,7,-1.9817872603586888,-4.029166666666667,-0.6666666666666666,76.63721397649968,53.714285714285715,105.41666666666667,9.94069264069264,8.079166666666667,11.418181818181818,92.0436765615337,91.20833333333333,93.22083333333335,398.47178416821276,349.25,435.40909090909093,36.84002782931354,35.895833333333336,37.458333333333336,536.4604978354978
GangJin,Strawberry,1,38,2021-01-06,2,23.5,9.0,9.0,7.9,10.9,18.88,3.5,7,-1.9817872603586888,-4.029166666666667,-0.6666666666666666,76.63721397649968,53.714285714285715,105.41666666666667,9.94069264069264,8.079166666666667,11.418181818181818,92.0436765615337,91.20833333333333,93.22083333333335,398.47178416821276,349.25,435.40909090909093,36.84002782931354,35.895833333333336,37.458333333333336,536.4604978354978
GangJin,Strawberry,1,38,2021-01-06,3,24.1,10.0,9.7,7.8,11.3,19.27,5.0,7,-1.9817872603586888,-4.029166666666667,-0.6666666666666666,76.63721397649968,53.714285714285715,105.41666666666667,9.94069264069264,8.079166666666667,11.418181818181818,92.0436765615337,91.20833333333333,93.22083333333335,398.47178416821276,349.25,435.40909090909093,36.84002782931354,35.895833333333336,37.458333333333336,536.4604978354978
GangJin,Strawberry,1,38,2021-01-06,4,23.5,8.0,10.1,7.8,10.3,15.77,4.5,7,-1.9817872603586888,-4.029166666666667,-0.6666666666666666,76.63721397649968,53.714285714285715,105.41666666666667,9.94069264069264,8.079166666666667,11.418181818181818,92.0436765615337,91.20833333333333,93.22083333333335,398.47178416821276,349.25,435.40909090909093,36.84002782931354,35.895833333333336,37.458333333333336,536.4604978354978
GangJin,Strawberry,1,38,2021-01-13,1,23.8,8.0,6.7,7.5,10.1,16.62,5.0,3,-8.264484126984128,-13.225,-3.947619047619048,50.492063492063494,0.375,93.29166666666667,7.4865079365079366,5.025,9.076190476190476,91.98035714285714,90.925,93.6875,412.3075396825397,371.4166666666667,479.125,35.55793650793651,34.1,36.957142857142856,151.47619047619048
GangJin,Strawberry,1,38,2021-01-13,2,23.5,8.0,9.1,7.8,11.1,17.69,3.5,3,-8.264484126984128,-13.225,-3.947619047619048,50.492063492063494,0.375,93.29166666666667,7.4865079365079366,5.025,9.076190476190476,91.98035714285714,90.925,93.6875,412.3075396825397,371.4166666666667,479.125,35.55793650793651,34.1,36.957142857142856,151.47619047619048
GangJin,Strawberry,1,38,2021-01-13,3,24.0,8.0,9.7,8.0,10.1,16.27,5.0,3,-8.264484126984128,-13.225,-3.947619047619048,50.492063492063494,0.375,93.29166666666667,7.4865079365079366,5.025,9.076190476190476,91.98035714285714,90.925,93.6875,412.3075396825397,371.4166666666667,479.125,35.55793650793651,34.1,36.957142857142856,151.47619047619048
GangJin,Strawberry,1,38,2021-01-13,4,23.5,8.0,9.8,7.8,10.5,14.82,5.5,3,-8.264484126984128,-13.225,-3.947619047619048,50.492063492063494,0.375,93.29166666666667,7.4865079365079366,5.025,9.076190476190476,91.98035714285714,90.925,93.6875,412.3075396825397,371.4166666666667,479.125,35.55793650793651,34.1,36.957142857142856,151.47619047619048
GangJin,Strawberry,1,38,2021-02-03,1,24.0,9.0,7.2,5.9,11.4,15.67,4.0,1,-3.8200000000000003,-3.8200000000000003,-3.8200000000000003,126.2,126.2,126.2,11.68,11.68,11.68,89.52000000000001,89.52000000000001,89.52000000000001,397.2,397.2,397.2,12.78,12.78,12.78,126.2
GangJin,Strawberry,1,38,2021-02-03,2,23.8,10.0,7.5,6.3,8.1,17.5,3.0,1,-3.8200000000000003,-3.8200000000000003,-3.8200000000000003,126.2,126.2,126.2,11.68,11.68,11.68,89.52000000000001,89.52000000000001,89.52000000000001,397.2,397.2,397.2,12.78,12.78,12.78,126.2
GangJin,Strawberry,1,38,2021-02-03,3,24.2,10.0,6.2,5.1,8.5,15.76,1.0,1,-3.8200000000000003,-3.8200000000000003,-3.8200000000000003,126.2,126.2,126.2,11.68,11.68,11.68,89.52000000000001,89.52000000000001,89.52000000000001,397.2,397.2,397.2,12.78,12.78,12.78,126.2
GangJin,Strawberry,1,38,2021-02-03,4,24.0,9.0,7.4,6.1,10.0,16.6,4.0,1,-3.8200000000000003,-3.8200000000000003,-3.8200000000000003,126.2,126.2,126.2,11.68,11.68,11.68,89.52000000000001,89.52000000000001,89.52000000000001,397.2,397.2,397.2,12.78,12.78,12.78,126.2
GangJin,Strawberry,1,38,2021-02-09,1,23.7,9.0,7.0,6.0,11.2,16.0,3.0,7,0.6148809523809523,-3.8200000000000003,6.595833333333334,127.59642857142856,32.0,215.6,13.817142857142857,9.4625,17.273333333333333,89.33702380952381,84.89333333333335,92.7625,458.62976190476195,388.5416666666667,533.375,23.22339285714286,12.78,27.7,893.175
GangJin,Strawberry,1,38,2021-02-09,2,23.5,9.0,7.5,6.4,9.0,18.1,2.5,7,0.6148809523809523,-3.8200000000000003,6.595833333333334,127.59642857142856,32.0,215.6,13.817142857142857,9.4625,17.273333333333333,89.33702380952381,84.89333333333335,92.7625,458.62976190476195,388.5416666666667,533.375,23.22339285714286,12.78,27.7,893.175
GangJin,Strawberry,1,38,2021-02-09,3,23.8,10.0,6.4,5.1,9.0,18.1,5.0,7,0.6148809523809523,-3.8200000000000003,6.595833333333334,127.59642857142856,32.0,215.6,13.817142857142857,9.4625,17.273333333333333,89.33702380952381,84.89333333333335,92.7625,458.62976190476195,388.5416666666667,533.375,23.22339285714286,12.78,27.7,893.175
GangJin,Strawberry,1,38,2021-02-09,4,23.5,9.0,7.4,6.3,9.5,16.71,2.5,7,0.6148809523809523,-3.8200000000000003,6.595833333333334,127.59642857142856,32.0,215.6,13.817142857142857,9.4625,17.273333333333333,89.33702380952381,84.89333333333335,92.7625,458.62976190476195,388.5416666666667,533.375,23.22339285714286,12.78,27.7,893.175
GangJin,Strawberry,1,38,2021-02-17,1,23.5,10.0,7.0,6.0,11.2,17.02,2.0,7,6.200138432995575,1.6727272727272728,11.47,277.09013605442175,80.5,548.7142857142857,19.608770515199087,13.945454545454545,26.75,83.23329646543934,76.05,90.19090909090909,415.44872270586546,344.5,480.45454545454544,21.85310689310689,19.115384615384617,25.0,1939.6309523809523
GangJin,Strawberry,1,38,2021-02-17,2,24.0,10.0,6.4,5.7,6.5,19.72,3.5,7,6.200138432995575,1.6727272727272728,11.47,277.09013605442175,80.5,548.7142857142857,19.608770515199087,13.945454545454545,26.75,83.23329646543934,76.05,90.19090909090909,415.44872270586546,344.5,480.45454545454544,21.85310689310689,19.115384615384617,25.0,1939.6309523809523
GangJin,Strawberry,1,38,2021-02-17,3,24.5,10.0,6.7,5.6,8.5,17.01,4.0,7,6.200138432995575,1.6727272727272728,11.47,277.09013605442175,80.5,548.7142857142857,19.608770515199087,13.945454545454545,26.75,83.23329646543934,76.05,90.19090909090909,415.44872270586546,344.5,480.45454545454544,21.85310689310689,19.115384615384617,25.0,1939.6309523809523
GangJin,Strawberry,1,38,2021-02-17,4,24.2,10.0,5.5,5.0,6.0,16.1,1.5,7,6.200138432995575,1.6727272727272728,11.47,277.09013605442175,80.5,548.7142857142857,19.608770515199087,13.945454545454545,26.75,83.23329646543934,76.05,90.19090909090909,415.44872270586546,344.5,480.45454545454544,21.85310689310689,19.115384615384617,25.0,1939.6309523809523
GangJin,Strawberry,1,38,2021-02-24,1,23.2,10.0,7.8,6.8,10.5,16.74,3.0,6,9.099444444444446,-0.8,16.880000000000003,497.92619047619047,317.85714285714283,640.2,25.532777777777778,22.3,27.880000000000003,92.98900793650795,80.4,99.33333333333333,439.1928571428571,368.8,511.0,27.388809523809527,24.3,30.04,2987.557142857143
GangJin,Strawberry,1,38,2021-02-24,2,24.0,11.0,6.6,6.1,7.5,20.64,4.0,6,9.099444444444446,-0.8,16.880000000000003,497.92619047619047,317.85714285714283,640.2,25.532777777777778,22.3,27.880000000000003,92.98900793650795,80.4,99.33333333333333,439.1928571428571,368.8,511.0,27.388809523809527,24.3,30.04,2987.557142857143
GangJin,Strawberry,1,38,2021-02-24,3,23.7,11.0,7.0,6.0,6.6,17.65,2.5,6,9.099444444444446,-0.8,16.880000000000003,497.92619047619047,317.85714285714283,640.2,25.532777777777778,22.3,27.880000000000003,92.98900793650795,80.4,99.33333333333333,439.1928571428571,368.8,511.0,27.388809523809527,24.3,30.04,2987.557142857143
GangJin,Strawberry,1,38,2021-02-24,4,23.7,10.0,5.5,5.5,7.7,16.1,5.0,6,9.099444444444446,-0.8,16.880000000000003,497.92619047619047,317.85714285714283,640.2,25.532777777777778,22.3,27.880000000000003,92.98900793650795,80.4,99.33333333333333,439.1928571428571,368.8,511.0,27.388809523809527,24.3,30.04,2987.557142857143
GangJin,Strawberry,1,38,2021-03-04,1,23.4,10.0,6.7,5.1,10.3,17.0,3.0,6,7.264285714285715,2.5,11.095833333333333,203.25396825396822,22.166666666666668,484.3333333333333,17.947916666666664,14.641666666666666,24.55,99.23700396825397,97.71666666666665,99.84583333333335,419.98313492063494,358.3333333333333,534.8333333333334,23.549999999999997,22.8,26.900000000000002,1219.5238095238094
GangJin,Strawberry,1,38,2021-03-04,2,24.2,11.0,7.8,6.9,8.0,19.4,2.5,6,7.264285714285715,2.5,11.095833333333333,203.25396825396822,22.166666666666668,484.3333333333333,17.947916666666664,14.641666666666666,24.55,99.23700396825397,97.71666666666665,99.84583333333335,419.98313492063494,358.3333333333333,534.8333333333334,23.549999999999997,22.8,26.900000000000002,1219.5238095238094
GangJin,Strawberry,1,38,2021-03-04,3,24.3,10.0,8.2,6.4,9.1,17.73,3.5,6,7.264285714285715,2.5,11.095833333333333,203.25396825396822,22.166666666666668,484.3333333333333,17.947916666666664,14.641666666666666,24.55,99.23700396825397,97.71666666666665,99.84583333333335,419.98313492063494,358.3333333333333,534.8333333333334,23.549999999999997,22.8,26.900000000000002,1219.5238095238094
GangJin,Strawberry,1,38,2021-03-04,4,24.4,11.0,7.1,6.2,8.8,18.06,3.0,6,7.264285714285715,2.5,11.095833333333333,203.25396825396822,22.166666666666668,484.3333333333333,17.947916666666664,14.641666666666666,24.55,99.23700396825397,97.71666666666665,99.84583333333335,419.98313492063494,358.3333333333333,534.8333333333334,23.549999999999997,22.8,26.900000000000002,1219.5238095238094
GangJin,Strawberry,1,38,2021-03-09,1,21.0,8.0,5.5,4.8,10.5,14.77,2.0,7,5.957142857142857,2.5,8.495833333333334,157.03571428571428,47.125,211.54166666666666,16.258928571428573,13.391666666666666,17.633333333333333,99.51726190476191,99.07916666666667,99.87083333333334,399.7619047619047,358.3333333333333,419.75,22.9,22.899999999999995,22.899999999999995,1099.25
GangJin,Strawberry,1,38,2021-03-09,2,19.3,8.0,8.0,7.1,8.8,14.24,2.5,7,5.957142857142857,2.5,8.495833333333334,157.03571428571428,47.125,211.54166666666666,16.258928571428573,13.391666666666666,17.633333333333333,99.51726190476191,99.07916666666667,99.87083333333334,399.7619047619047,358.3333333333333,419.75,22.9,22.899999999999995,22.899999999999995,1099.25
GangJin,Strawberry,1,38,2021-03-09,3,23.2,10.0,8.5,9.8,10.2,19.04,2.5,7,5.957142857142857,2.5,8.495833333333334,157.03571428571428,47.125,211.54166666666666,16.258928571428573,13.391666666666666,17.633333333333333,99.51726190476191,99.07916666666667,99.87083333333334,399.7619047619047,358.3333333333333,419.75,22.9,22.899999999999995,22.899999999999995,1099.25
GangJin,Strawberry,1,38,2021-03-09,4,18.8,8.0,7.4,6.4,9.0,18.6,3.0,7,5.957142857142857,2.5,8.495833333333334,157.03571428571428,47.125,211.54166666666666,16.258928571428573,13.391666666666666,17.633333333333333,99.51726190476191,99.07916666666667,99.87083333333334,399.7619047619047,358.3333333333333,419.75,22.9,22.899999999999995,22.899999999999995,1099.25
GangJin,Strawberry,1,38,2021-03-17,1,21.2,9.0,10.4,7.1,7.3,15.13,2.0,7,8.299197722567287,7.1375,10.165217391304349,186.81399733806566,38.958333333333336,225.6086956521739,15.846088435374151,14.547619047619047,17.7,99.38942250813368,98.4047619047619,99.825,417.7828674948241,383.0,447.0833333333333,22.9,22.899999999999995,22.9,1307.6979813664595
GangJin,Strawberry,1,38,2021-03-17,2,20.2,10.0,8.3,7.6,9.0,14.37,6.0,7,8.299197722567287,7.1375,10.165217391304349,186.81399733806566,38.958333333333336,225.6086956521739,15.846088435374151,14.547619047619047,17.7,99.38942250813368,98.4047619047619,99.825,417.7828674948241,383.0,447.0833333333333,22.9,22.899999999999995,22.9,1307.6979813664595
GangJin,Strawberry,1,38,2021-03-17,3,25.4,9.0,8.5,7.4,14.0,20.23,1.5,7,8.299197722567287,7.1375,10.165217391304349,186.81399733806566,38.958333333333336,225.6086956521739,15.846088435374151,14.547619047619047,17.7,99.38942250813368,98.4047619047619,99.825,417.7828674948241,383.0,447.0833333333333,22.9,22.899999999999995,22.9,1307.6979813664595
GangJin,Strawberry,1,38,2021-03-17,4,22.0,8.0,8.4,7.0,10.2,19.3,3.5,7,8.299197722567287,7.1375,10.165217391304349,186.81399733806566,38.958333333333336,225.6086956521739,15.846088435374151,14.547619047619047,17.7,99.38942250813368,98.4047619047619,99.825,417.7828674948241,383.0,447.0833333333333,22.9,22.899999999999995,22.9,1307.6979813664595
GangJin,Strawberry,1,38,2021-03-25,2,22.6,9.0,9.1,8.1,11.4,14.46,2.0,7,7.419924812030076,5.729166666666667,10.200000000000001,199.75281954887217,33.041666666666664,247.45833333333334,15.753038847117795,14.3125,17.3875,99.35231829573935,98.84166666666665,99.55833333333334,394.7230576441103,350.7916666666667,426.3333333333333,20.465319548872177,15.525,22.899999999999995,1398.2697368421052
GangJin,Strawberry,1,38,2021-03-25,3,28.4,10.0,8.5,7.8,13.2,20.23,1.5,7,7.419924812030076,5.729166666666667,10.200000000000001,199.75281954887217,33.041666666666664,247.45833333333334,15.753038847117795,14.3125,17.3875,99.35231829573935,98.84166666666665,99.55833333333334,394.7230576441103,350.7916666666667,426.3333333333333,20.465319548872177,15.525,22.899999999999995,1398.2697368421052
GangJin,Strawberry,1,38,2021-03-25,4,24.7,8.0,8.0,7.6,13.7,19.04,1.5,7,7.419924812030076,5.729166666666667,10.200000000000001,199.75281954887217,33.041666666666664,247.45833333333334,15.753038847117795,14.3125,17.3875,99.35231829573935,98.84166666666665,99.55833333333334,394.7230576441103,350.7916666666667,426.3333333333333,20.465319548872177,15.525,22.899999999999995,1398.2697368421052
GangJin,Strawberry,1,38,2021-04-01,2,21.5,9.0,8.3,7.0,10.2,18.05,1.5,3,14.009722222222223,6.266666666666667,18.0,509.4583333333333,169.0,760.0,21.815277777777776,12.833333333333334,28.65,99.84305555555555,99.71666666666665,100.0,384.0555555555556,362.0,419.1666666666667,24.833333333333332,20.599999999999998,29.049999999999997,1528.375
GangJin,Strawberry,1,38,2021-04-01,3,27.4,9.0,8.3,7.0,10.2,18.05,2.0,3,14.009722222222223,6.266666666666667,18.0,509.4583333333333,169.0,760.0,21.815277777777776,12.833333333333334,28.65,99.84305555555555,99.71666666666665,100.0,384.0555555555556,362.0,419.1666666666667,24.833333333333332,20.599999999999998,29.049999999999997,1528.375
GangJin,Strawberry,1,38,2021-04-01,4,27.2,8.0,8.3,6.5,12.2,24.71,1.5,3,14.009722222222223,6.266666666666667,18.0,509.4583333333333,169.0,760.0,21.815277777777776,12.833333333333334,28.65,99.84305555555555,99.71666666666665,100.0,384.0555555555556,362.0,419.1666666666667,24.833333333333332,20.599999999999998,29.049999999999997,1528.375
GangJin,Strawberry,1,38,2021-04-08,2,23.0,8.0,8.5,7.0,10.5,13.73,2.0,1,17.7,17.7,17.7,469.0,469.0,469.0,29.9,29.9,29.9,100.0,100.0,100.0,371.0,371.0,371.0,30.4,30.4,30.4,469.0
GangJin,Strawberry,1,38,2021-04-08,3,29.7,8.0,8.4,7.3,17.5,24.83,2.0,1,17.7,17.7,17.7,469.0,469.0,469.0,29.9,29.9,29.9,100.0,100.0,100.0,371.0,371.0,371.0,30.4,30.4,30.4,469.0
GangJin,Strawberry,1,38,2021-04-08,4,29.0,9.0,9.4,7.5,15.0,23.77,1.0,1,17.7,17.7,17.7,469.0,469.0,469.0,29.9,29.9,29.9,100.0,100.0,100.0,371.0,371.0,371.0,30.4,30.4,30.4,469.0
GeoChang,Strawberry,1,51,2020-11-06,1,25.0,6.0,9.3,7.0,10.1,14.73,3.0,7,7.496428571428572,4.775,10.4625,116.79761904761904,17.958333333333332,146.04166666666666,16.65654761904762,15.466666666666667,17.545833333333334,85.67083333333333,74.88333333333334,96.35416666666667,428.64285714285717,406.6666666666667,444.0833333333333,15.96607142857143,14.883333333333333,16.825,817.5833333333333
GeoChang,Strawberry,1,51,2020-11-06,2,25.9,8.0,10.0,8.2,11.2,15.52,1.0,7,7.496428571428572,4.775,10.4625,116.79761904761904,17.958333333333332,146.04166666666666,16.65654761904762,15.466666666666667,17.545833333333334,85.67083333333333,74.88333333333334,96.35416666666667,428.64285714285717,406.6666666666667,444.0833333333333,15.96607142857143,14.883333333333333,16.825,817.5833333333333
GeoChang,Strawberry,1,51,2020-11-06,3,27.2,9.0,11.8,8.2,13.9,17.23,3.0,7,7.496428571428572,4.775,10.4625,116.79761904761904,17.958333333333332,146.04166666666666,16.65654761904762,15.466666666666667,17.545833333333334,85.67083333333333,74.88333333333334,96.35416666666667,428.64285714285717,406.6666666666667,444.0833333333333,15.96607142857143,14.883333333333333,16.825,817.5833333333333
GeoChang,Strawberry,1,51,2020-11-06,4,29.7,7.0,12.0,9.6,13.0,16.8,4.0,7,7.496428571428572,4.775,10.4625,116.79761904761904,17.958333333333332,146.04166666666666,16.65654761904762,15.466666666666667,17.545833333333334,85.67083333333333,74.88333333333334,96.35416666666667,428.64285714285717,406.6666666666667,444.0833333333333,15.96607142857143,14.883333333333333,16.825,817.5833333333333
GeoChang,Strawberry,1,51,2020-11-12,1,22.6,6.0,9.6,7.4,12.5,14.16,6.0,7,7.3065476190476195,5.008333333333334,11.033333333333333,113.95238095238093,26.333333333333332,139.91666666666666,16.28809523809524,15.479166666666666,17.045833333333334,84.3702380952381,79.6875,96.44166666666666,420.6309523809524,397.3333333333333,452.0833333333333,16.00357142857143,14.929166666666667,16.495833333333334,797.6666666666665
GeoChang,Strawberry,1,51,2020-11-12,2,26.1,7.0,10.7,7.5,12.9,15.14,3.0,7,7.3065476190476195,5.008333333333334,11.033333333333333,113.95238095238093,26.333333333333332,139.91666666666666,16.28809523809524,15.479166666666666,17.045833333333334,84.3702380952381,79.6875,96.44166666666666,420.6309523809524,397.3333333333333,452.0833333333333,16.00357142857143,14.929166666666667,16.495833333333334,797.6666666666665
GeoChang,Strawberry,1,51,2020-11-12,3,28.9,7.0,12.0,8.7,15.8,16.49,6.0,7,7.3065476190476195,5.008333333333334,11.033333333333333,113.95238095238093,26.333333333333332,139.91666666666666,16.28809523809524,15.479166666666666,17.045833333333334,84.3702380952381,79.6875,96.44166666666666,420.6309523809524,397.3333333333333,452.0833333333333,16.00357142857143,14.929166666666667,16.495833333333334,797.6666666666665
GeoChang,Strawberry,1,51,2020-11-12,4,30.5,6.0,12.5,9.4,13.1,16.87,8.0,7,7.3065476190476195,5.008333333333334,11.033333333333333,113.95238095238093,26.333333333333332,139.91666666666666,16.28809523809524,15.479166666666666,17.045833333333334,84.3702380952381,79.6875,96.44166666666666,420.6309523809524,397.3333333333333,452.0833333333333,16.00357142857143,14.929166666666667,16.495833333333334,797.6666666666665
GeoChang,Strawberry,1,51,2020-11-19,1,23.3,6.0,8.5,6.3,14.0,14.83,7.0,7,9.738126566416039,6.208333333333333,15.8125,89.61215538847117,38.291666666666664,136.3684210526316,16.70827067669173,15.633333333333333,18.354166666666668,87.93728070175439,82.85263157894737,94.85000000000001,490.52819548872185,406.875,603.5833333333334,16.595645363408526,15.716666666666667,18.025000000000002,627.2850877192982
GeoChang,Strawberry,1,51,2020-11-19,2,26.3,7.0,10.7,7.9,13.8,15.37,6.0,7,9.738126566416039,6.208333333333333,15.8125,89.61215538847117,38.291666666666664,136.3684210526316,16.70827067669173,15.633333333333333,18.354166666666668,87.93728070175439,82.85263157894737,94.85000000000001,490.52819548872185,406.875,603.5833333333334,16.595645363408526,15.716666666666667,18.025000000000002,627.2850877192982
GeoChang,Strawberry,1,51,2020-11-19,3,28.9,8.0,9.8,7.7,16.7,16.39,8.0,7,9.738126566416039,6.208333333333333,15.8125,89.61215538847117,38.291666666666664,136.3684210526316,16.70827067669173,15.633333333333333,18.354166666666668,87.93728070175439,82.85263157894737,94.85000000000001,490.52819548872185,406.875,603.5833333333334,16.595645363408526,15.716666666666667,18.025000000000002,627.2850877192982
GeoChang,Strawberry,1,51,2020-11-19,4,28.0,7.0,12.9,9.7,12.7,16.52,12.0,7,9.738126566416039,6.208333333333333,15.8125,89.61215538847117,38.291666666666664,136.3684210526316,16.70827067669173,15.633333333333333,18.354166666666668,87.93728070175439,82.85263157894737,94.85000000000001,490.52819548872185,406.875,603.5833333333334,16.595645363408526,15.716666666666667,18.025000000000002,627.2850877192982
GeoChang,Strawberry,1,51,2020-12-24,1,24.0,9.0,6.4,4.5,12.4,16.77,0.0,7,-0.20807256235827665,-1.8888888888888888,1.89375,86.87003968253968,49.5,144.64285714285714,14.532789115646256,13.194999999999999,15.914285714285715,89.52433673469388,84.94285714285715,92.815,555.255328798186,463.7857142857143,705.45,14.216675170068028,12.919999999999998,15.521428571428572,608.0902777777778
GeoChang,Strawberry,1,51,2020-12-24,2,31.5,7.0,9.7,6.5,18.3,16.05,3.0,7,-0.20807256235827665,-1.8888888888888888,1.89375,86.87003968253968,49.5,144.64285714285714,14.532789115646256,13.194999999999999,15.914285714285715,89.52433673469388,84.94285714285715,92.815,555.255328798186,463.7857142857143,705.45,14.216675170068028,12.919999999999998,15.521428571428572,608.0902777777778
GeoChang,Strawberry,1,51,2020-12-24,3,30.1,11.0,9.4,7.0,16.4,17.39,1.0,7,-0.20807256235827665,-1.8888888888888888,1.89375,86.87003968253968,49.5,144.64285714285714,14.532789115646256,13.194999999999999,15.914285714285715,89.52433673469388,84.94285714285715,92.815,555.255328798186,463.7857142857143,705.45,14.216675170068028,12.919999999999998,15.521428571428572,608.0902777777778
GeoChang,Strawberry,1,51,2020-12-24,4,30.5,10.0,9.3,6.7,18.7,17.44,2.5,7,-0.20807256235827665,-1.8888888888888888,1.89375,86.87003968253968,49.5,144.64285714285714,14.532789115646256,13.194999999999999,15.914285714285715,89.52433673469388,84.94285714285715,92.815,555.255328798186,463.7857142857143,705.45,14.216675170068028,12.919999999999998,15.521428571428572,608.0902777777778
GeoChang,Strawberry,1,51,2020-12-30,2,32.6,9.0,9.5,6.4,18.1,16.26,0.0,7,1.544345238095238,0.04999999999999997,2.1999999999999997,71.67738095238096,29.416666666666668,90.2,14.273928571428572,12.5375,15.5375,90.6555357142857,87.41666666666667,94.64166666666667,540.5517857142856,426.3333333333333,654.6666666666666,14.023690476190477,12.291666666666666,15.3625,501.7416666666667
GeoChang,Strawberry,1,51,2020-12-30,3,29.3,10.0,9.3,6.6,17.8,17.19,3.0,7,1.544345238095238,0.04999999999999997,2.1999999999999997,71.67738095238096,29.416666666666668,90.2,14.273928571428572,12.5375,15.5375,90.6555357142857,87.41666666666667,94.64166666666667,540.5517857142856,426.3333333333333,654.6666666666666,14.023690476190477,12.291666666666666,15.3625,501.7416666666667
GeoChang,Strawberry,1,51,2020-12-30,4,30.5,9.0,12.0,7.2,16.9,16.8,4.0,7,1.544345238095238,0.04999999999999997,2.1999999999999997,71.67738095238096,29.416666666666668,90.2,14.273928571428572,12.5375,15.5375,90.6555357142857,87.41666666666667,94.64166666666667,540.5517857142856,426.3333333333333,654.6666666666666,14.023690476190477,12.291666666666666,15.3625,501.7416666666667
GeoChang,Strawberry,1,51,2021-01-11,1,24.3,11.0,6.9,4.4,13.5,18.29,2.0,7,-5.6843485552115585,-12.33,0.30000000000000004,85.95307386112339,0.1,138.125,13.641463401149934,11.03,14.911764705882353,90.23733967271119,88.71764705882353,92.24,514.8595090667847,428.8235294117647,624.375,13.184313541205958,10.620000000000001,14.570588235294117,601.6715170278637
GeoChang,Strawberry,1,51,2021-01-11,2,34.7,9.0,9.8,7.2,16.2,16.6,2.0,7,-5.6843485552115585,-12.33,0.30000000000000004,85.95307386112339,0.1,138.125,13.641463401149934,11.03,14.911764705882353,90.23733967271119,88.71764705882353,92.24,514.8595090667847,428.8235294117647,624.375,13.184313541205958,10.620000000000001,14.570588235294117,601.6715170278637
GeoChang,Strawberry,1,51,2021-01-11,3,31.6,13.0,8.0,5.9,14.2,18.88,6.0,7,-5.6843485552115585,-12.33,0.30000000000000004,85.95307386112339,0.1,138.125,13.641463401149934,11.03,14.911764705882353,90.23733967271119,88.71764705882353,92.24,514.8595090667847,428.8235294117647,624.375,13.184313541205958,10.620000000000001,14.570588235294117,601.6715170278637
GeoChang,Strawberry,1,51,2021-01-11,4,32.6,9.0,11.1,7.2,19.6,17.3,4.0,7,-5.6843485552115585,-12.33,0.30000000000000004,85.95307386112339,0.1,138.125,13.641463401149934,11.03,14.911764705882353,90.23733967271119,88.71764705882353,92.24,514.8595090667847,428.8235294117647,624.375,13.184313541205958,10.620000000000001,14.570588235294117,601.6715170278637
GeoChang,Strawberry,1,51,2021-02-03,1,25.0,7.0,7.3,5.5,13.0,14.68,4.5,7,1.4918755221386804,-4.726315789473684,6.8,109.08970342522973,51.208333333333336,140.75,16.235887635756058,14.5375,17.355555555555554,91.37157894736842,89.92105263157895,95.825,492.25998329156226,421.9166666666667,554.9444444444445,15.829064327485382,14.304166666666667,16.83888888888889,763.6279239766081
GeoChang,Strawberry,1,51,2021-02-03,2,32.8,12.0,7.0,5.1,13.5,18.86,7.0,7,1.4918755221386804,-4.726315789473684,6.8,109.08970342522973,51.208333333333336,140.75,16.235887635756058,14.5375,17.355555555555554,91.37157894736842,89.92105263157895,95.825,492.25998329156226,421.9166666666667,554.9444444444445,15.829064327485382,14.304166666666667,16.83888888888889,763.6279239766081
GeoChang,Strawberry,1,51,2021-02-03,3,26.1,7.0,6.7,4.5,12.2,14.84,2.0,7,1.4918755221386804,-4.726315789473684,6.8,109.08970342522973,51.208333333333336,140.75,16.235887635756058,14.5375,17.355555555555554,91.37157894736842,89.92105263157895,95.825,492.25998329156226,421.9166666666667,554.9444444444445,15.829064327485382,14.304166666666667,16.83888888888889,763.6279239766081
GeoChang,Strawberry,1,51,2021-02-03,4,24.7,4.0,6.3,4.1,12.3,16.37,1.0,7,1.4918755221386804,-4.726315789473684,6.8,109.08970342522973,51.208333333333336,140.75,16.235887635756058,14.5375,17.355555555555554,91.37157894736842,89.92105263157895,95.825,492.25998329156226,421.9166666666667,554.9444444444445,15.829064327485382,14.304166666666667,16.83888888888889,763.6279239766081
GeoChang,Strawberry,1,51,2021-02-09,1,25.9,7.0,9.6,6.7,15.7,14.83,5.0,7,1.05500116713352,-1.6083333333333334,4.417647058823529,144.8201447245565,111.38888888888889,207.25,17.14969654528478,16.075,18.7,90.87114845938376,89.8,92.44999999999999,517.2019140989729,421.9166666666667,623.9411764705883,16.484465452847804,15.424999999999999,17.725,1013.7410130718955
GeoChang,Strawberry,1,51,2021-02-09,2,29.9,12.0,8.4,6.0,13.6,19.13,7.0,7,1.05500116713352,-1.6083333333333334,4.417647058823529,144.8201447245565,111.38888888888889,207.25,17.14969654528478,16.075,18.7,90.87114845938376,89.8,92.44999999999999,517.2019140989729,421.9166666666667,623.9411764705883,16.484465452847804,15.424999999999999,17.725,1013.7410130718955
GeoChang,Strawberry,1,51,2021-02-09,3,25.9,7.0,6.0,4.3,14.4,16.33,3.0,7,1.05500116713352,-1.6083333333333334,4.417647058823529,144.8201447245565,111.38888888888889,207.25,17.14969654528478,16.075,18.7,90.87114845938376,89.8,92.44999999999999,517.2019140989729,421.9166666666667,623.9411764705883,16.484465452847804,15.424999999999999,17.725,1013.7410130718955
GeoChang,Strawberry,1,51,2021-02-09,4,24.9,5.0,7.5,5.6,13.0,16.54,2.0,7,1.05500116713352,-1.6083333333333334,4.417647058823529,144.8201447245565,111.38888888888889,207.25,17.14969654528478,16.075,18.7,90.87114845938376,89.8,92.44999999999999,517.2019140989729,421.9166666666667,623.9411764705883,16.484465452847804,15.424999999999999,17.725,1013.7410130718955
GeoChang,Strawberry,1,51,2021-02-16,1,24.9,9.0,7.3,5.5,13.5,14.02,4.5,7,4.08625450180072,0.07142857142857154,7.670833333333333,120.27440976390554,73.41666666666667,151.64705882352942,17.596498599439776,16.912499999999998,18.458823529411767,91.8405862344938,88.34166666666665,94.7,497.0822829131653,428.1666666666667,621.6666666666666,17.16345538215286,16.395833333333332,17.88823529411765,841.9208683473388
GeoChang,Strawberry,1,51,2021-02-16,2,34.2,13.0,8.7,6.0,14.1,19.57,7.0,7,4.08625450180072,0.07142857142857154,7.670833333333333,120.27440976390554,73.41666666666667,151.64705882352942,17.596498599439776,16.912499999999998,18.458823529411767,91.8405862344938,88.34166666666665,94.7,497.0822829131653,428.1666666666667,621.6666666666666,17.16345538215286,16.395833333333332,17.88823529411765,841.9208683473388
GeoChang,Strawberry,1,51,2021-02-16,3,26.7,7.0,6.0,4.4,14.5,16.35,4.5,7,4.08625450180072,0.07142857142857154,7.670833333333333,120.27440976390554,73.41666666666667,151.64705882352942,17.596498599439776,16.912499999999998,18.458823529411767,91.8405862344938,88.34166666666665,94.7,497.0822829131653,428.1666666666667,621.6666666666666,17.16345538215286,16.395833333333332,17.88823529411765,841.9208683473388
GeoChang,Strawberry,1,51,2021-02-16,4,25.0,5.0,7.6,5.7,17.1,16.84,5.0,7,4.08625450180072,0.07142857142857154,7.670833333333333,120.27440976390554,73.41666666666667,151.64705882352942,17.596498599439776,16.912499999999998,18.458823529411767,91.8405862344938,88.34166666666665,94.7,497.0822829131653,428.1666666666667,621.6666666666666,17.16345538215286,16.395833333333332,17.88823529411765,841.9208683473388
GeoChang,Strawberry,1,51,2021-02-25,1,24.5,8.0,7.5,5.9,14.2,15.1,2.6666666666666665,7,4.854591836734693,-3.1357142857142857,12.00952380952381,161.41496598639455,125.54166666666667,237.28571428571428,17.62729591836735,16.712500000000002,18.849999999999998,91.91785714285713,89.07142857142857,93.3625,464.90646258503403,390.2857142857143,581.8095238095239,17.140986394557824,16.283333333333335,18.26666666666667,1129.904761904762
GeoChang,Strawberry,1,51,2021-02-25,2,30.9,14.0,8.9,6.9,16.1,18.15,6.0,7,4.854591836734693,-3.1357142857142857,12.00952380952381,161.41496598639455,125.54166666666667,237.28571428571428,17.62729591836735,16.712500000000002,18.849999999999998,91.91785714285713,89.07142857142857,93.3625,464.90646258503403,390.2857142857143,581.8095238095239,17.140986394557824,16.283333333333335,18.26666666666667,1129.904761904762
GeoChang,Strawberry,1,51,2021-02-25,3,26.5,8.0,6.3,4.0,15.1,16.23,6.5,7,4.854591836734693,-3.1357142857142857,12.00952380952381,161.41496598639455,125.54166666666667,237.28571428571428,17.62729591836735,16.712500000000002,18.849999999999998,91.91785714285713,89.07142857142857,93.3625,464.90646258503403,390.2857142857143,581.8095238095239,17.140986394557824,16.283333333333335,18.26666666666667,1129.904761904762
GeoChang,Strawberry,1,51,2021-02-25,4,24.0,5.0,7.0,5.7,16.5,14.47,3.5,7,4.854591836734693,-3.1357142857142857,12.00952380952381,161.41496598639455,125.54166666666667,237.28571428571428,17.62729591836735,16.712500000000002,18.849999999999998,91.91785714285713,89.07142857142857,93.3625,464.90646258503403,390.2857142857143,581.8095238095239,17.140986394557824,16.283333333333335,18.26666666666667,1129.904761904762
GeoChang,Strawberry,1,51,2021-03-05,1,25.1,9.0,8.0,5.7,13.6,15.18,1.5,7,5.372023809523809,2.15,10.533333333333333,105.91071428571429,14.416666666666666,167.625,15.613095238095239,14.154166666666667,16.604166666666668,94.99583333333332,92.0,97.47083333333335,467.64285714285717,397.375,588.125,15.207142857142856,13.933333333333332,16.349999999999998,741.375
GeoChang,Strawberry,1,51,2021-03-05,2,34.5,12.0,9.3,7.0,17.0,19.33,4.0,7,5.372023809523809,2.15,10.533333333333333,105.91071428571429,14.416666666666666,167.625,15.613095238095239,14.154166666666667,16.604166666666668,94.99583333333332,92.0,97.47083333333335,467.64285714285717,397.375,588.125,15.207142857142856,13.933333333333332,16.349999999999998,741.375
GeoChang,Strawberry,1,51,2021-03-05,3,26.3,8.0,6.7,4.0,15.5,17.55,4.0,7,5.372023809523809,2.15,10.533333333333333,105.91071428571429,14.416666666666666,167.625,15.613095238095239,14.154166666666667,16.604166666666668,94.99583333333332,92.0,97.47083333333335,467.64285714285717,397.375,588.125,15.207142857142856,13.933333333333332,16.349999999999998,741.375
GeoChang,Strawberry,1,51,2021-03-05,4,32.1,8.0,10.1,7.8,18.3,16.82,4.5,7,5.372023809523809,2.15,10.533333333333333,105.91071428571429,14.416666666666666,167.625,15.613095238095239,14.154166666666667,16.604166666666668,94.99583333333332,92.0,97.47083333333335,467.64285714285717,397.375,588.125,15.207142857142856,13.933333333333332,16.349999999999998,741.375
GeoChang,Strawberry,1,51,2021-03-10,1,25.3,9.0,7.5,5.1,12.4,15.87,1.5,7,5.624404761904762,2.15,8.995833333333334,133.4702380952381,71.33333333333333,182.0,16.925595238095237,15.145833333333334,18.6375,93.70595238095237,92.0,96.07916666666667,461.86904761904765,389.0,570.5833333333334,16.55595238095238,14.845833333333333,18.083333333333332,934.2916666666667
GeoChang,Strawberry,1,51,2021-03-10,2,31.8,12.0,9.3,7.2,17.0,19.45,3.6666666666666665,7,5.624404761904762,2.15,8.995833333333334,133.4702380952381,71.33333333333333,182.0,16.925595238095237,15.145833333333334,18.6375,93.70595238095237,92.0,96.07916666666667,461.86904761904765,389.0,570.5833333333334,16.55595238095238,14.845833333333333,18.083333333333332,934.2916666666667
GeoChang,Strawberry,1,51,2021-03-10,3,27.0,8.0,6.8,4.8,15.9,17.83,3.5,7,5.624404761904762,2.15,8.995833333333334,133.4702380952381,71.33333333333333,182.0,16.925595238095237,15.145833333333334,18.6375,93.70595238095237,92.0,96.07916666666667,461.86904761904765,389.0,570.5833333333334,16.55595238095238,14.845833333333333,18.083333333333332,934.2916666666667
GeoChang,Strawberry,1,51,2021-03-10,4,32.0,10.0,10.2,8.0,18.1,17.49,4.0,7,5.624404761904762,2.15,8.995833333333334,133.4702380952381,71.33333333333333,182.0,16.925595238095237,15.145833333333334,18.6375,93.70595238095237,92.0,96.07916666666667,461.86904761904765,389.0,570.5833333333334,16.55595238095238,14.845833333333333,18.083333333333332,934.2916666666667
GeoChang,Strawberry,1,51,2021-03-25,1,26.1,11.0,7.7,5.2,12.4,16.72,1.0,7,7.720962732919254,5.383333333333333,10.421739130434782,149.58592132505174,33.583333333333336,207.16666666666666,17.67129917184265,15.820833333333333,18.878260869565217,99.4018115942029,99.25,99.64999999999999,460.58954451345755,384.5,555.7916666666666,16.7541149068323,14.866666666666667,17.904166666666665,1047.1014492753623
GeoChang,Strawberry,1,51,2021-03-25,2,32.6,13.0,9.7,7.3,17.5,19.63,1.3333333333333333,7,7.720962732919254,5.383333333333333,10.421739130434782,149.58592132505174,33.583333333333336,207.16666666666666,17.67129917184265,15.820833333333333,18.878260869565217,99.4018115942029,99.25,99.64999999999999,460.58954451345755,384.5,555.7916666666666,16.7541149068323,14.866666666666667,17.904166666666665,1047.1014492753623
GeoChang,Strawberry,1,51,2021-03-25,3,25.5,8.0,6.5,4.0,15.9,17.91,0.5,7,7.720962732919254,5.383333333333333,10.421739130434782,149.58592132505174,33.583333333333336,207.16666666666666,17.67129917184265,15.820833333333333,18.878260869565217,99.4018115942029,99.25,99.64999999999999,460.58954451345755,384.5,555.7916666666666,16.7541149068323,14.866666666666667,17.904166666666665,1047.1014492753623
GeoChang,Strawberry,1,51,2021-03-25,4,29.5,6.0,10.9,8.6,18.2,16.4,2.0,7,7.720962732919254,5.383333333333333,10.421739130434782,149.58592132505174,33.583333333333336,207.16666666666666,17.67129917184265,15.820833333333333,18.878260869565217,99.4018115942029,99.25,99.64999999999999,460.58954451345755,384.5,555.7916666666666,16.7541149068323,14.866666666666667,17.904166666666665,1047.1014492753623
GeoChang,Strawberry,1,51,2021-03-31,1,20.0,11.0,7.7,5.6,9.6,15.23,0.0,7,11.031150793650795,6.670833333333333,14.622222222222222,170.43452380952382,34.416666666666664,252.83333333333334,19.148015873015872,17.05,22.01111111111111,99.33333333333333,99.03333333333335,99.7,458.8392857142858,381.8333333333333,552.8333333333334,18.067261904761903,16.404166666666665,20.950000000000003,1193.0416666666667
GeoChang,Strawberry,1,51,2021-03-31,2,32.3,12.0,8.2,6.3,17.1,17.61,1.0,7,11.031150793650795,6.670833333333333,14.622222222222222,170.43452380952382,34.416666666666664,252.83333333333334,19.148015873015872,17.05,22.01111111111111,99.33333333333333,99.03333333333335,99.7,458.8392857142858,381.8333333333333,552.8333333333334,18.067261904761903,16.404166666666665,20.950000000000003,1193.0416666666667
GeoChang,Strawberry,1,51,2021-03-31,3,27.2,9.0,6.5,4.2,16.2,18.36,0.0,7,11.031150793650795,6.670833333333333,14.622222222222222,170.43452380952382,34.416666666666664,252.83333333333334,19.148015873015872,17.05,22.01111111111111,99.33333333333333,99.03333333333335,99.7,458.8392857142858,381.8333333333333,552.8333333333334,18.067261904761903,16.404166666666665,20.950000000000003,1193.0416666666667
GeoChang,Strawberry,1,51,2021-03-31,4,29.4,7.0,7.0,5.4,18.1,17.28,1.5,7,11.031150793650795,6.670833333333333,14.622222222222222,170.43452380952382,34.416666666666664,252.83333333333334,19.148015873015872,17.05,22.01111111111111,99.33333333333333,99.03333333333335,99.7,458.8392857142858,381.8333333333333,552.8333333333334,18.067261904761903,16.404166666666665,20.950000000000003,1193.0416666666667
GeoChang,Strawberry,1,51,2021-04-07,1,20.3,11.0,8.0,5.8,12.2,15.58,0.0,7,11.818899585921326,8.366666666666667,15.22,158.76666666666668,26.833333333333332,238.375,18.984760869565214,16.75,21.4,99.39203519668737,99.10416666666667,99.67083333333333,449.20155279503103,387.88,569.0434782608696,17.662115942028986,15.950000000000001,19.848,1111.3666666666668
GeoChang,Strawberry,1,51,2021-04-07,2,32.2,10.0,8.5,6.5,16.5,15.18,1.0,7,11.818899585921326,8.366666666666667,15.22,158.76666666666668,26.833333333333332,238.375,18.984760869565214,16.75,21.4,99.39203519668737,99.10416666666667,99.67083333333333,449.20155279503103,387.88,569.0434782608696,17.662115942028986,15.950000000000001,19.848,1111.3666666666668
GeoChang,Strawberry,1,51,2021-04-07,4,29.5,8.0,9.3,7.0,17.8,14.75,1.0,7,11.818899585921326,8.366666666666667,15.22,158.76666666666668,26.833333333333332,238.375,18.984760869565214,16.75,21.4,99.39203519668737,99.10416666666667,99.67083333333333,449.20155279503103,387.88,569.0434782608696,17.662115942028986,15.950000000000001,19.848,1111.3666666666668
GeoChang,Strawberry,1,51,2021-04-13,1,23.3,11.0,10.2,6.5,12.3,16.09,1.0,7,10.662414549218896,8.404166666666667,14.004347826086958,193.17588932806322,27.52,261.3478260869565,18.723033596837947,16.348,20.08695652173913,99.42523028420854,99.30869565217391,99.63600000000001,476.09928006775834,441.30434782608694,569.0434782608696,17.173990118577077,15.292,18.31304347826087,1352.2312252964425
GeoChang,Strawberry,1,51,2021-04-13,2,31.8,10.0,8.4,6.1,16.1,16.26,5.0,7,10.662414549218896,8.404166666666667,14.004347826086958,193.17588932806322,27.52,261.3478260869565,18.723033596837947,16.348,20.08695652173913,99.42523028420854,99.30869565217391,99.63600000000001,476.09928006775834,441.30434782608694,569.0434782608696,17.173990118577077,15.292,18.31304347826087,1352.2312252964425
GeoChang,Strawberry,1,51,2021-04-13,4,29.0,8.0,9.8,7.1,17.1,17.45,3.0,7,10.662414549218896,8.404166666666667,14.004347826086958,193.17588932806322,27.52,261.3478260869565,18.723033596837947,16.348,20.08695652173913,99.42523028420854,99.30869565217391,99.63600000000001,476.09928006775834,441.30434782608694,569.0434782608696,17.173990118577077,15.292,18.31304347826087,1352.2312252964425
GimJe,Strawberry,1,20,2020-11-03,4,31.2,5.0,13.3,11.2,15.5,17.22,0.0,7,11.141071428571431,9.137500000000001,13.441666666666668,128.6904761904762,25.125,164.75,15.646428571428572,14.679166666666667,16.770833333333332,84.3125,80.48333333333333,93.8625,576.7619047619047,548.25,631.2916666666666,15.391071428571427,14.308333333333332,16.395833333333332,900.8333333333334
GimJe,Strawberry,1,20,2020-11-24,1,32.5,6.0,13.0,9.2,15.6,20.52,7.0,7,11.229761904761904,5.091666666666667,18.520833333333332,73.19047619047618,10.791666666666666,158.625,15.594642857142858,12.975,18.241666666666667,90.7202380952381,86.37083333333334,94.75416666666666,570.8035714285714,520.2916666666666,612.875,15.557738095238095,12.883333333333333,18.229166666666668,512.3333333333333
GimJe,Strawberry,1,20,2020-11-24,2,29.5,6.0,10.8,8.3,13.2,19.96,5.0,7,11.229761904761904,5.091666666666667,18.520833333333332,73.19047619047618,10.791666666666666,158.625,15.594642857142858,12.975,18.241666666666667,90.7202380952381,86.37083333333334,94.75416666666666,570.8035714285714,520.2916666666666,612.875,15.557738095238095,12.883333333333333,18.229166666666668,512.3333333333333
GimJe,Strawberry,1,20,2020-11-24,3,32.7,7.0,14.6,11.7,14.5,21.64,7.0,7,11.229761904761904,5.091666666666667,18.520833333333332,73.19047619047618,10.791666666666666,158.625,15.594642857142858,12.975,18.241666666666667,90.7202380952381,86.37083333333334,94.75416666666666,570.8035714285714,520.2916666666666,612.875,15.557738095238095,12.883333333333333,18.229166666666668,512.3333333333333
GimJe,Strawberry,1,20,2020-11-24,4,32.5,6.0,13.7,10.6,14.6,21.84,7.0,7,11.229761904761904,5.091666666666667,18.520833333333332,73.19047619047618,10.791666666666666,158.625,15.594642857142858,12.975,18.241666666666667,90.7202380952381,86.37083333333334,94.75416666666666,570.8035714285714,520.2916666666666,612.875,15.557738095238095,12.883333333333333,18.229166666666668,512.3333333333333
GimJe,Strawberry,1,20,2020-12-01,1,31.5,6.0,12.6,8.7,18.5,21.44,9.0,7,4.6625000000000005,3.1791666666666667,6.733333333333333,116.50595238095238,48.541666666666664,153.58333333333334,13.921428571428573,12.245833333333332,14.745833333333332,89.35654761904763,87.54583333333333,92.39999999999999,589.5833333333333,564.0833333333334,621.875,13.79107142857143,12.229166666666666,14.520833333333334,815.5416666666666
GimJe,Strawberry,1,20,2020-12-01,2,29.2,7.0,12.7,7.5,13.2,20.23,8.0,7,4.6625000000000005,3.1791666666666667,6.733333333333333,116.50595238095238,48.541666666666664,153.58333333333334,13.921428571428573,12.245833333333332,14.745833333333332,89.35654761904763,87.54583333333333,92.39999999999999,589.5833333333333,564.0833333333334,621.875,13.79107142857143,12.229166666666666,14.520833333333334,815.5416666666666
GimJe,Strawberry,1,20,2020-12-01,3,33.2,7.0,12.5,8.6,15.1,21.81,9.0,7,4.6625000000000005,3.1791666666666667,6.733333333333333,116.50595238095238,48.541666666666664,153.58333333333334,13.921428571428573,12.245833333333332,14.745833333333332,89.35654761904763,87.54583333333333,92.39999999999999,589.5833333333333,564.0833333333334,621.875,13.79107142857143,12.229166666666666,14.520833333333334,815.5416666666666
GimJe,Strawberry,1,20,2020-12-01,4,32.5,7.0,12.8,9.2,15.2,22.45,8.0,7,4.6625000000000005,3.1791666666666667,6.733333333333333,116.50595238095238,48.541666666666664,153.58333333333334,13.921428571428573,12.245833333333332,14.745833333333332,89.35654761904763,87.54583333333333,92.39999999999999,589.5833333333333,564.0833333333334,621.875,13.79107142857143,12.229166666666666,14.520833333333334,815.5416666666666
GimJe,Strawberry,1,20,2020-12-08,1,33.7,7.0,12.7,8.8,18.9,21.48,10.0,7,2.0208333333333335,-0.12083333333333333,3.5875,125.79761904761907,62.458333333333336,149.625,12.982738095238094,12.254166666666668,13.379166666666668,90.06666666666668,88.94166666666666,92.30833333333334,615.5833333333334,604.5833333333334,637.5,12.948214285714286,12.262500000000001,13.354166666666666,880.5833333333335
GimJe,Strawberry,1,20,2020-12-08,2,30.5,7.0,12.7,7.6,15.2,20.52,10.0,7,2.0208333333333335,-0.12083333333333333,3.5875,125.79761904761907,62.458333333333336,149.625,12.982738095238094,12.254166666666668,13.379166666666668,90.06666666666668,88.94166666666666,92.30833333333334,615.5833333333334,604.5833333333334,637.5,12.948214285714286,12.262500000000001,13.354166666666666,880.5833333333335
GimJe,Strawberry,1,20,2020-12-08,3,33.5,7.0,12.6,8.7,15.7,21.97,9.0,7,2.0208333333333335,-0.12083333333333333,3.5875,125.79761904761907,62.458333333333336,149.625,12.982738095238094,12.254166666666668,13.379166666666668,90.06666666666668,88.94166666666666,92.30833333333334,615.5833333333334,604.5833333333334,637.5,12.948214285714286,12.262500000000001,13.354166666666666,880.5833333333335
GimJe,Strawberry,1,20,2020-12-08,4,32.9,7.0,12.9,9.3,15.9,22.48,8.0,7,2.0208333333333335,-0.12083333333333333,3.5875,125.79761904761907,62.458333333333336,149.625,12.982738095238094,12.254166666666668,13.379166666666668,90.06666666666668,88.94166666666666,92.30833333333334,615.5833333333334,604.5833333333334,637.5,12.948214285714286,12.262500000000001,13.354166666666666,880.5833333333335
GimJe,Strawberry,1,20,2020-12-15,1,34.3,7.0,12.5,8.7,19.4,22.25,12.0,7,2.457738095238095,-2.6750000000000003,5.495833333333334,107.125,41.833333333333336,148.875,12.97857142857143,11.200000000000001,14.070833333333333,91.58630952380953,90.08333333333333,93.89166666666667,627.1309523809524,609.1666666666666,648.75,13.019642857142856,11.233333333333334,14.0375,749.875
GimJe,Strawberry,1,20,2020-12-15,2,31.2,7.0,12.6,7.9,15.8,20.87,11.0,7,2.457738095238095,-2.6750000000000003,5.495833333333334,107.125,41.833333333333336,148.875,12.97857142857143,11.200000000000001,14.070833333333333,91.58630952380953,90.08333333333333,93.89166666666667,627.1309523809524,609.1666666666666,648.75,13.019642857142856,11.233333333333334,14.0375,749.875
GimJe,Strawberry,1,20,2020-12-15,3,33.5,7.0,12.6,9.0,16.1,21.95,9.0,7,2.457738095238095,-2.6750000000000003,5.495833333333334,107.125,41.833333333333336,148.875,12.97857142857143,11.200000000000001,14.070833333333333,91.58630952380953,90.08333333333333,93.89166666666667,627.1309523809524,609.1666666666666,648.75,13.019642857142856,11.233333333333334,14.0375,749.875
GimJe,Strawberry,1,20,2020-12-15,4,32.9,8.0,11.7,8.9,18.0,23.01,8.0,7,2.457738095238095,-2.6750000000000003,5.495833333333334,107.125,41.833333333333336,148.875,12.97857142857143,11.200000000000001,14.070833333333333,91.58630952380953,90.08333333333333,93.89166666666667,627.1309523809524,609.1666666666666,648.75,13.019642857142856,11.233333333333334,14.0375,749.875
GimJe,Strawberry,1,20,2020-12-22,1,34.5,7.0,12.5,8.7,19.7,22.51,9.0,7,-2.4518939393939396,-4.591666666666667,0.49166666666666664,121.05627705627705,62.583333333333336,150.72727272727272,12.83582251082251,11.804166666666667,13.720833333333333,90.96807359307357,88.87083333333334,92.59166666666665,587.8138528138528,550.8636363636364,601.2916666666666,12.789015151515153,11.775,13.716666666666667,847.3939393939394
GimJe,Strawberry,1,20,2020-12-22,2,31.5,8.0,12.7,7.9,15.7,20.96,4.5,7,-2.4518939393939396,-4.591666666666667,0.49166666666666664,121.05627705627705,62.583333333333336,150.72727272727272,12.83582251082251,11.804166666666667,13.720833333333333,90.96807359307357,88.87083333333334,92.59166666666665,587.8138528138528,550.8636363636364,601.2916666666666,12.789015151515153,11.775,13.716666666666667,847.3939393939394
GimJe,Strawberry,1,20,2020-12-22,3,33.5,8.0,10.2,8.2,16.2,22.21,8.0,7,-2.4518939393939396,-4.591666666666667,0.49166666666666664,121.05627705627705,62.583333333333336,150.72727272727272,12.83582251082251,11.804166666666667,13.720833333333333,90.96807359307357,88.87083333333334,92.59166666666665,587.8138528138528,550.8636363636364,601.2916666666666,12.789015151515153,11.775,13.716666666666667,847.3939393939394
GimJe,Strawberry,1,20,2020-12-22,4,33.0,8.0,12.1,8.9,18.2,23.28,6.0,7,-2.4518939393939396,-4.591666666666667,0.49166666666666664,121.05627705627705,62.583333333333336,150.72727272727272,12.83582251082251,11.804166666666667,13.720833333333333,90.96807359307357,88.87083333333334,92.59166666666665,587.8138528138528,550.8636363636364,601.2916666666666,12.789015151515153,11.775,13.716666666666667,847.3939393939394
GimJe,Strawberry,1,20,2020-12-29,1,34.5,5.0,12.5,8.7,19.7,19.72,4.5,7,2.172619047619048,0.3208333333333333,3.9,90.07047619047619,35.0,136.33333333333334,13.23202380952381,11.454166666666666,14.72,91.466,89.97916666666667,93.65833333333335,613.6354761904762,592.75,646.7083333333334,13.303071428571428,11.583333333333334,14.784,630.4933333333333
GimJe,Strawberry,1,20,2020-12-29,2,31.7,6.0,12.7,7.9,15.7,20.26,5.0,7,2.172619047619048,0.3208333333333333,3.9,90.07047619047619,35.0,136.33333333333334,13.23202380952381,11.454166666666666,14.72,91.466,89.97916666666667,93.65833333333335,613.6354761904762,592.75,646.7083333333334,13.303071428571428,11.583333333333334,14.784,630.4933333333333
GimJe,Strawberry,1,20,2020-12-29,3,33.6,7.0,10.4,8.5,17.5,21.24,3.0,7,2.172619047619048,0.3208333333333333,3.9,90.07047619047619,35.0,136.33333333333334,13.23202380952381,11.454166666666666,14.72,91.466,89.97916666666667,93.65833333333335,613.6354761904762,592.75,646.7083333333334,13.303071428571428,11.583333333333334,14.784,630.4933333333333
GimJe,Strawberry,1,20,2020-12-29,4,33.1,7.0,12.1,8.9,18.2,22.32,3.0,7,2.172619047619048,0.3208333333333333,3.9,90.07047619047619,35.0,136.33333333333334,13.23202380952381,11.454166666666666,14.72,91.466,89.97916666666667,93.65833333333335,613.6354761904762,592.75,646.7083333333334,13.303071428571428,11.583333333333334,14.784,630.4933333333333
GimJe,Strawberry,1,20,2021-01-07,1,34.7,5.0,12.7,9.1,19.8,20.03,4.0,7,-3.266214285714286,-6.2250000000000005,-1.4041666666666668,111.57142857142856,82.95833333333333,148.75,12.377785714285713,11.308333333333332,13.591666666666667,91.52890476190477,90.1875,92.74583333333334,522.0707142857143,446.2083333333333,575.0833333333334,12.386642857142858,11.370833333333332,13.549999999999999,780.9999999999999
GimJe,Strawberry,1,20,2021-01-07,2,31.8,6.0,13.0,8.0,16.2,20.46,5.0,7,-3.266214285714286,-6.2250000000000005,-1.4041666666666668,111.57142857142856,82.95833333333333,148.75,12.377785714285713,11.308333333333332,13.591666666666667,91.52890476190477,90.1875,92.74583333333334,522.0707142857143,446.2083333333333,575.0833333333334,12.386642857142858,11.370833333333332,13.549999999999999,780.9999999999999
GimJe,Strawberry,1,20,2021-01-07,3,33.8,7.0,9.8,7.3,20.3,21.73,2.5,7,-3.266214285714286,-6.2250000000000005,-1.4041666666666668,111.57142857142856,82.95833333333333,148.75,12.377785714285713,11.308333333333332,13.591666666666667,91.52890476190477,90.1875,92.74583333333334,522.0707142857143,446.2083333333333,575.0833333333334,12.386642857142858,11.370833333333332,13.549999999999999,780.9999999999999
GimJe,Strawberry,1,20,2021-01-07,4,33.1,7.0,9.8,7.6,16.6,22.1,2.0,7,-3.266214285714286,-6.2250000000000005,-1.4041666666666668,111.57142857142856,82.95833333333333,148.75,12.377785714285713,11.308333333333332,13.591666666666667,91.52890476190477,90.1875,92.74583333333334,522.0707142857143,446.2083333333333,575.0833333333334,12.386642857142858,11.370833333333332,13.549999999999999,780.9999999999999
GimJe,Strawberry,1,20,2021-01-13,1,35.0,5.0,13.0,9.1,20.1,20.06,3.0,7,-8.497619047619049,-14.741666666666667,-3.345833333333333,116.15476190476191,62.875,149.625,11.820238095238095,10.575000000000001,13.520833333333334,91.02380952380953,89.72500000000001,93.65833333333335,586.8928571428571,489.6666666666667,643.9166666666666,11.745833333333334,10.341666666666667,13.5375,813.0833333333334
GimJe,Strawberry,1,20,2021-01-13,2,32.1,6.0,13.1,8.0,16.9,20.47,4.0,7,-8.497619047619049,-14.741666666666667,-3.345833333333333,116.15476190476191,62.875,149.625,11.820238095238095,10.575000000000001,13.520833333333334,91.02380952380953,89.72500000000001,93.65833333333335,586.8928571428571,489.6666666666667,643.9166666666666,11.745833333333334,10.341666666666667,13.5375,813.0833333333334
GimJe,Strawberry,1,20,2021-01-13,3,33.8,7.0,9.9,7.5,20.7,21.83,2.5,7,-8.497619047619049,-14.741666666666667,-3.345833333333333,116.15476190476191,62.875,149.625,11.820238095238095,10.575000000000001,13.520833333333334,91.02380952380953,89.72500000000001,93.65833333333335,586.8928571428571,489.6666666666667,643.9166666666666,11.745833333333334,10.341666666666667,13.5375,813.0833333333334
GimJe,Strawberry,1,20,2021-01-13,4,33.1,7.0,10.0,7.6,17.2,22.17,2.0,7,-8.497619047619049,-14.741666666666667,-3.345833333333333,116.15476190476191,62.875,149.625,11.820238095238095,10.575000000000001,13.520833333333334,91.02380952380953,89.72500000000001,93.65833333333335,586.8928571428571,489.6666666666667,643.9166666666666,11.745833333333334,10.341666666666667,13.5375,813.0833333333334
GimJe,Strawberry,1,20,2021-01-21,1,35.4,5.0,13.0,9.2,20.7,20.09,5.0,7,0.1434523809523811,-4.195833333333334,5.579166666666667,135.30952380952382,75.04166666666667,169.125,13.820238095238095,12.904166666666667,15.275,91.36845238095238,90.10833333333333,93.82083333333333,578.0238095238095,545.2916666666666,609.7916666666666,13.745238095238095,12.791666666666666,15.216666666666667,947.1666666666667
GimJe,Strawberry,1,20,2021-01-21,2,32.6,5.0,13.3,8.0,17.1,20.54,7.0,7,0.1434523809523811,-4.195833333333334,5.579166666666667,135.30952380952382,75.04166666666667,169.125,13.820238095238095,12.904166666666667,15.275,91.36845238095238,90.10833333333333,93.82083333333333,578.0238095238095,545.2916666666666,609.7916666666666,13.745238095238095,12.791666666666666,15.216666666666667,947.1666666666667
GimJe,Strawberry,1,20,2021-01-21,3,33.2,6.0,10.0,7.5,20.8,21.85,6.0,7,0.1434523809523811,-4.195833333333334,5.579166666666667,135.30952380952382,75.04166666666667,169.125,13.820238095238095,12.904166666666667,15.275,91.36845238095238,90.10833333333333,93.82083333333333,578.0238095238095,545.2916666666666,609.7916666666666,13.745238095238095,12.791666666666666,15.216666666666667,947.1666666666667
GimJe,Strawberry,1,20,2021-01-21,4,33.1,7.0,10.0,7.6,17.2,22.4,6.0,7,0.1434523809523811,-4.195833333333334,5.579166666666667,135.30952380952382,75.04166666666667,169.125,13.820238095238095,12.904166666666667,15.275,91.36845238095238,90.10833333333333,93.82083333333333,578.0238095238095,545.2916666666666,609.7916666666666,13.745238095238095,12.791666666666666,15.216666666666667,947.1666666666667
GimJe,Strawberry,1,20,2021-01-27,1,35.4,5.0,13.0,9.2,20.7,21.0,9.0,7,5.8125,-0.6541666666666665,9.320833333333333,95.03571428571429,37.708333333333336,162.75,13.796428571428573,12.237499999999999,14.954166666666666,92.21666666666667,88.77083333333333,94.84166666666665,588.0595238095237,545.2916666666666,618.0,13.763095238095236,12.129166666666668,15.137500000000001,665.25
GimJe,Strawberry,1,20,2021-01-27,2,32.9,5.0,13.4,8.0,17.3,20.76,12.0,7,5.8125,-0.6541666666666665,9.320833333333333,95.03571428571429,37.708333333333336,162.75,13.796428571428573,12.237499999999999,14.954166666666666,92.21666666666667,88.77083333333333,94.84166666666665,588.0595238095237,545.2916666666666,618.0,13.763095238095236,12.129166666666668,15.137500000000001,665.25
GimJe,Strawberry,1,20,2021-01-27,3,33.5,6.0,10.1,7.5,20.8,21.92,9.0,7,5.8125,-0.6541666666666665,9.320833333333333,95.03571428571429,37.708333333333336,162.75,13.796428571428573,12.237499999999999,14.954166666666666,92.21666666666667,88.77083333333333,94.84166666666665,588.0595238095237,545.2916666666666,618.0,13.763095238095236,12.129166666666668,15.137500000000001,665.25
GimJe,Strawberry,1,20,2021-01-27,4,33.0,7.0,10.0,7.6,17.2,22.51,11.0,7,5.8125,-0.6541666666666665,9.320833333333333,95.03571428571429,37.708333333333336,162.75,13.796428571428573,12.237499999999999,14.954166666666666,92.21666666666667,88.77083333333333,94.84166666666665,588.0595238095237,545.2916666666666,618.0,13.763095238095236,12.129166666666668,15.137500000000001,665.25
GimJe,Strawberry,1,20,2021-02-03,1,35.8,5.0,13.0,9.2,20.9,21.02,6.0,7,1.6964285714285714,-4.325,8.545833333333333,130.875,67.29166666666667,188.25,13.479761904761904,11.120833333333332,15.408333333333333,90.77440476190476,88.42916666666667,92.87083333333334,562.1666666666666,540.4583333333334,586.0833333333334,13.451190476190474,11.212499999999999,15.4125,916.125
GimJe,Strawberry,1,20,2021-02-03,2,33.5,5.0,13.4,8.0,18.3,20.78,7.0,7,1.6964285714285714,-4.325,8.545833333333333,130.875,67.29166666666667,188.25,13.479761904761904,11.120833333333332,15.408333333333333,90.77440476190476,88.42916666666667,92.87083333333334,562.1666666666666,540.4583333333334,586.0833333333334,13.451190476190474,11.212499999999999,15.4125,916.125
GimJe,Strawberry,1,20,2021-02-03,3,33.7,6.0,10.2,7.5,21.6,22.03,5.0,7,1.6964285714285714,-4.325,8.545833333333333,130.875,67.29166666666667,188.25,13.479761904761904,11.120833333333332,15.408333333333333,90.77440476190476,88.42916666666667,92.87083333333334,562.1666666666666,540.4583333333334,586.0833333333334,13.451190476190474,11.212499999999999,15.4125,916.125
GimJe,Strawberry,1,20,2021-02-03,4,32.8,7.0,10.0,7.6,17.2,22.64,10.0,7,1.6964285714285714,-4.325,8.545833333333333,130.875,67.29166666666667,188.25,13.479761904761904,11.120833333333332,15.408333333333333,90.77440476190476,88.42916666666667,92.87083333333334,562.1666666666666,540.4583333333334,586.0833333333334,13.451190476190474,11.212499999999999,15.4125,916.125
GimJe,Strawberry,1,20,2021-02-10,1,35.8,5.0,13.0,9.2,20.9,21.12,6.0,7,1.045142857142857,-1.9708333333333332,5.5249999999999995,160.90404761904762,56.041666666666664,197.83333333333334,14.265023809523809,12.745833333333332,15.3125,87.20661904761904,79.22083333333333,93.10416666666667,565.492857142857,543.9583333333334,586.5416666666666,14.187166666666666,12.875,15.166666666666666,1126.3283333333334
GimJe,Strawberry,1,20,2021-02-10,2,33.7,5.0,13.4,8.0,18.5,20.8,5.0,7,1.045142857142857,-1.9708333333333332,5.5249999999999995,160.90404761904762,56.041666666666664,197.83333333333334,14.265023809523809,12.745833333333332,15.3125,87.20661904761904,79.22083333333333,93.10416666666667,565.492857142857,543.9583333333334,586.5416666666666,14.187166666666666,12.875,15.166666666666666,1126.3283333333334
GimJe,Strawberry,1,20,2021-02-10,3,34.0,7.0,8.2,5.5,12.5,22.21,5.0,7,1.045142857142857,-1.9708333333333332,5.5249999999999995,160.90404761904762,56.041666666666664,197.83333333333334,14.265023809523809,12.745833333333332,15.3125,87.20661904761904,79.22083333333333,93.10416666666667,565.492857142857,543.9583333333334,586.5416666666666,14.187166666666666,12.875,15.166666666666666,1126.3283333333334
GimJe,Strawberry,1,20,2021-02-10,4,32.7,7.0,10.0,7.6,16.9,22.91,9.0,7,1.045142857142857,-1.9708333333333332,5.5249999999999995,160.90404761904762,56.041666666666664,197.83333333333334,14.265023809523809,12.745833333333332,15.3125,87.20661904761904,79.22083333333333,93.10416666666667,565.492857142857,543.9583333333334,586.5416666666666,14.187166666666666,12.875,15.166666666666666,1126.3283333333334
GimJe,Strawberry,1,20,2021-02-17,1,36.6,5.0,13.1,9.3,21.8,21.16,5.0,7,3.8255952380952385,-1.2916666666666667,7.9750000000000005,133.33333333333331,67.625,191.04166666666666,13.901190476190477,12.566666666666668,14.575000000000001,81.77380952380952,75.03750000000001,86.71249999999999,565.1666666666666,529.0,589.1666666666666,13.766071428571426,12.508333333333333,14.541666666666666,933.3333333333333
GimJe,Strawberry,1,20,2021-02-17,2,34.9,5.0,13.5,8.0,19.3,20.95,4.0,7,3.8255952380952385,-1.2916666666666667,7.9750000000000005,133.33333333333331,67.625,191.04166666666666,13.901190476190477,12.566666666666668,14.575000000000001,81.77380952380952,75.03750000000001,86.71249999999999,565.1666666666666,529.0,589.1666666666666,13.766071428571426,12.508333333333333,14.541666666666666,933.3333333333333
GimJe,Strawberry,1,20,2021-02-17,3,34.7,7.0,8.4,5.5,12.8,22.32,4.0,7,3.8255952380952385,-1.2916666666666667,7.9750000000000005,133.33333333333331,67.625,191.04166666666666,13.901190476190477,12.566666666666668,14.575000000000001,81.77380952380952,75.03750000000001,86.71249999999999,565.1666666666666,529.0,589.1666666666666,13.766071428571426,12.508333333333333,14.541666666666666,933.3333333333333
GimJe,Strawberry,1,20,2021-02-17,4,32.7,8.0,9.7,7.1,17.8,23.01,6.0,7,3.8255952380952385,-1.2916666666666667,7.9750000000000005,133.33333333333331,67.625,191.04166666666666,13.901190476190477,12.566666666666668,14.575000000000001,81.77380952380952,75.03750000000001,86.71249999999999,565.1666666666666,529.0,589.1666666666666,13.766071428571426,12.508333333333333,14.541666666666666,933.3333333333333
GimJe,Strawberry,1,20,2021-02-24,1,37.1,6.0,12.0,8.2,20.3,21.17,1.0,7,3.807142857142857,-4.8999999999999995,13.4125,198.8869047619048,172.375,234.20833333333334,14.916071428571428,13.0875,16.645833333333332,81.39285714285714,75.09166666666667,83.54583333333333,552.7916666666666,531.875,568.2083333333334,14.549999999999999,12.795833333333334,16.5125,1392.2083333333335
GimJe,Strawberry,1,20,2021-02-24,3,35.0,6.0,8.5,5.5,13.0,23.49,2.0,7,3.807142857142857,-4.8999999999999995,13.4125,198.8869047619048,172.375,234.20833333333334,14.916071428571428,13.0875,16.645833333333332,81.39285714285714,75.09166666666667,83.54583333333333,552.7916666666666,531.875,568.2083333333334,14.549999999999999,12.795833333333334,16.5125,1392.2083333333335
GimJe,Strawberry,1,20,2021-02-24,4,32.5,8.0,9.7,7.1,17.8,23.08,3.0,7,3.807142857142857,-4.8999999999999995,13.4125,198.8869047619048,172.375,234.20833333333334,14.916071428571428,13.0875,16.645833333333332,81.39285714285714,75.09166666666667,83.54583333333333,552.7916666666666,531.875,568.2083333333334,14.549999999999999,12.795833333333334,16.5125,1392.2083333333335
GimJe,Strawberry,1,20,2021-03-04,1,37.1,6.0,12.0,8.2,20.3,21.17,2.0,7,6.608333333333334,2.558333333333333,11.004166666666668,124.65476190476191,29.0,210.08333333333334,14.217261904761902,12.695833333333333,15.525,86.5892857142857,81.27499999999999,91.71249999999999,549.6964285714286,515.7916666666666,574.1666666666666,14.235119047619047,12.450000000000001,15.779166666666667,872.5833333333334
GimJe,Strawberry,1,20,2021-03-04,4,32.5,8.0,6.2,5.8,16.2,23.11,1.0,7,6.608333333333334,2.558333333333333,11.004166666666668,124.65476190476191,29.0,210.08333333333334,14.217261904761902,12.695833333333333,15.525,86.5892857142857,81.27499999999999,91.71249999999999,549.6964285714286,515.7916666666666,574.1666666666666,14.235119047619047,12.450000000000001,15.779166666666667,872.5833333333334
GimJe,Strawberry,1,20,2021-03-10,1,37.4,7.0,4.9,4.0,14.6,21.19,5.0,7,6.228571428571429,3.829166666666667,7.6499999999999995,159.07738095238093,70.0,219.16666666666666,15.063690476190475,13.766666666666666,15.770833333333334,84.56964285714285,81.58333333333333,90.55833333333334,557.2261904761905,515.7916666666666,586.2916666666666,14.929761904761904,13.658333333333333,15.6625,1113.5416666666665
GimJe,Strawberry,1,20,2021-03-10,3,35.2,10.0,6.0,4.6,11.7,23.57,0.0,7,6.228571428571429,3.829166666666667,7.6499999999999995,159.07738095238093,70.0,219.16666666666666,15.063690476190475,13.766666666666666,15.770833333333334,84.56964285714285,81.58333333333333,90.55833333333334,557.2261904761905,515.7916666666666,586.2916666666666,14.929761904761904,13.658333333333333,15.6625,1113.5416666666665
GimJe,Strawberry,1,20,2021-03-10,4,31.7,10.0,6.6,5.7,11.1,23.25,2.0,7,6.228571428571429,3.829166666666667,7.6499999999999995,159.07738095238093,70.0,219.16666666666666,15.063690476190475,13.766666666666666,15.770833333333334,84.56964285714285,81.58333333333333,90.55833333333334,557.2261904761905,515.7916666666666,586.2916666666666,14.929761904761904,13.658333333333333,15.6625,1113.5416666666665
GimJe,Strawberry,1,20,2021-03-17,1,35.1,6.0,7.0,6.8,14.1,19.95,10.0,7,8.25379917184265,6.778260869565218,9.754166666666666,194.62573498964804,61.5,253.29166666666666,16.6209016563147,14.779166666666667,18.191666666666666,84.73461283643893,77.38695652173914,89.54166666666667,608.8432919254658,585.9130434782609,635.4166666666666,16.474451345755693,14.766666666666666,17.849999999999998,1362.3801449275363
GimJe,Strawberry,1,20,2021-03-17,3,35.4,11.0,5.8,4.5,10.1,22.19,1.0,7,8.25379917184265,6.778260869565218,9.754166666666666,194.62573498964804,61.5,253.29166666666666,16.6209016563147,14.779166666666667,18.191666666666666,84.73461283643893,77.38695652173914,89.54166666666667,608.8432919254658,585.9130434782609,635.4166666666666,16.474451345755693,14.766666666666666,17.849999999999998,1362.3801449275363
GimJe,Strawberry,1,20,2021-03-17,4,32.8,10.0,8.2,6.9,12.2,22.05,3.0,7,8.25379917184265,6.778260869565218,9.754166666666666,194.62573498964804,61.5,253.29166666666666,16.6209016563147,14.779166666666667,18.191666666666666,84.73461283643893,77.38695652173914,89.54166666666667,608.8432919254658,585.9130434782609,635.4166666666666,16.474451345755693,14.766666666666666,17.849999999999998,1362.3801449275363
GimJe,Strawberry,1,20,2021-03-24,1,35.1,7.0,9.9,8.1,19.0,19.91,11.0,7,7.830357142857143,5.995833333333334,11.4375,198.875,32.291666666666664,261.3333333333333,15.313690476190477,13.358333333333334,16.962500000000002,87.33690476190476,83.46666666666667,91.78750000000001,589.5892857142857,564.25,619.625,15.13452380952381,13.220833333333333,16.908333333333335,1392.125
GimJe,Strawberry,1,20,2021-03-24,2,30.0,9.0,7.1,5.6,14.9,19.22,0.0,7,7.830357142857143,5.995833333333334,11.4375,198.875,32.291666666666664,261.3333333333333,15.313690476190477,13.358333333333334,16.962500000000002,87.33690476190476,83.46666666666667,91.78750000000001,589.5892857142857,564.25,619.625,15.13452380952381,13.220833333333333,16.908333333333335,1392.125
GimJe,Strawberry,1,20,2021-03-24,3,29.1,11.0,8.8,7.7,19.4,20.47,3.0,7,7.830357142857143,5.995833333333334,11.4375,198.875,32.291666666666664,261.3333333333333,15.313690476190477,13.358333333333334,16.962500000000002,87.33690476190476,83.46666666666667,91.78750000000001,589.5892857142857,564.25,619.625,15.13452380952381,13.220833333333333,16.908333333333335,1392.125
GimJe,Strawberry,1,20,2021-03-24,4,32.8,9.0,8.4,7.0,13.5,22.03,3.0,7,7.830357142857143,5.995833333333334,11.4375,198.875,32.291666666666664,261.3333333333333,15.313690476190477,13.358333333333334,16.962500000000002,87.33690476190476,83.46666666666667,91.78750000000001,589.5892857142857,564.25,619.625,15.13452380952381,13.220833333333333,16.908333333333335,1392.125
GimJe,Strawberry,1,20,2021-03-31,1,35.1,7.0,7.2,5.5,16.5,19.91,5.5,7,10.639285714285716,9.15,12.129166666666668,179.99404761904762,44.166666666666664,278.4583333333333,15.12202380952381,14.137500000000001,15.841666666666667,80.44404761904762,71.4375,89.14166666666667,554.7321428571429,493.75,612.75,14.849999999999998,14.016666666666666,15.575000000000001,1259.9583333333333
GimJe,Strawberry,1,20,2021-03-31,2,35.8,10.0,8.7,6.5,19.1,19.25,1.0,7,10.639285714285716,9.15,12.129166666666668,179.99404761904762,44.166666666666664,278.4583333333333,15.12202380952381,14.137500000000001,15.841666666666667,80.44404761904762,71.4375,89.14166666666667,554.7321428571429,493.75,612.75,14.849999999999998,14.016666666666666,15.575000000000001,1259.9583333333333
GimJe,Strawberry,1,20,2021-03-31,3,33.0,11.0,10.5,9.3,21.1,20.98,4.0,7,10.639285714285716,9.15,12.129166666666668,179.99404761904762,44.166666666666664,278.4583333333333,15.12202380952381,14.137500000000001,15.841666666666667,80.44404761904762,71.4375,89.14166666666667,554.7321428571429,493.75,612.75,14.849999999999998,14.016666666666666,15.575000000000001,1259.9583333333333
GimJe,Strawberry,1,20,2021-03-31,4,30.0,10.0,9.3,7.2,12.1,21.32,2.0,7,10.639285714285716,9.15,12.129166666666668,179.99404761904762,44.166666666666664,278.4583333333333,15.12202380952381,14.137500000000001,15.841666666666667,80.44404761904762,71.4375,89.14166666666667,554.7321428571429,493.75,612.75,14.849999999999998,14.016666666666666,15.575000000000001,1259.9583333333333
GimJe,Strawberry,1,20,2021-04-08,1,35.2,7.0,9.0,6.4,18.1,19.56,5.0,7,13.225595238095236,10.395833333333334,17.962500000000002,201.01785714285714,39.125,299.7916666666667,16.66488095238095,14.825000000000001,18.962500000000002,76.59880952380952,66.22083333333333,89.17083333333333,515.0,476.7083333333333,541.125,16.647619047619045,14.762500000000001,18.8875,1407.125
GimJe,Strawberry,1,20,2021-04-08,2,40.0,8.0,9.3,7.0,20.2,19.25,5.0,7,13.225595238095236,10.395833333333334,17.962500000000002,201.01785714285714,39.125,299.7916666666667,16.66488095238095,14.825000000000001,18.962500000000002,76.59880952380952,66.22083333333333,89.17083333333333,515.0,476.7083333333333,541.125,16.647619047619045,14.762500000000001,18.8875,1407.125
GimJe,Strawberry,1,20,2021-04-08,3,39.5,9.0,12.0,10.5,21.2,21.37,4.5,7,13.225595238095236,10.395833333333334,17.962500000000002,201.01785714285714,39.125,299.7916666666667,16.66488095238095,14.825000000000001,18.962500000000002,76.59880952380952,66.22083333333333,89.17083333333333,515.0,476.7083333333333,541.125,16.647619047619045,14.762500000000001,18.8875,1407.125
GimJe,Strawberry,1,20,2021-04-08,4,29.6,10.0,9.0,5.7,18.3,21.71,0.0,7,13.225595238095236,10.395833333333334,17.962500000000002,201.01785714285714,39.125,299.7916666666667,16.66488095238095,14.825000000000001,18.962500000000002,76.59880952380952,66.22083333333333,89.17083333333333,515.0,476.7083333333333,541.125,16.647619047619045,14.762500000000001,18.8875,1407.125
GimJe,Strawberry,1,20,2021-04-14,1,38.5,7.0,9.1,6.4,18.1,19.58,3.0,7,11.431809523809523,9.933333333333334,13.058333333333332,258.0452380952381,51.4,299.4166666666667,16.28757142857143,15.088,17.670833333333334,78.0162619047619,73.59166666666667,92.16799999999999,538.6464285714285,475.6666666666667,583.4,16.22964285714286,15.12,17.900000000000002,1806.3166666666668
GimJe,Strawberry,1,20,2021-04-14,2,42.0,9.0,11.4,8.8,24.8,20.38,6.5,7,11.431809523809523,9.933333333333334,13.058333333333332,258.0452380952381,51.4,299.4166666666667,16.28757142857143,15.088,17.670833333333334,78.0162619047619,73.59166666666667,92.16799999999999,538.6464285714285,475.6666666666667,583.4,16.22964285714286,15.12,17.900000000000002,1806.3166666666668
GimJe,Strawberry,1,20,2021-04-14,3,42.2,10.0,8.6,6.7,24.3,21.71,4.0,7,11.431809523809523,9.933333333333334,13.058333333333332,258.0452380952381,51.4,299.4166666666667,16.28757142857143,15.088,17.670833333333334,78.0162619047619,73.59166666666667,92.16799999999999,538.6464285714285,475.6666666666667,583.4,16.22964285714286,15.12,17.900000000000002,1806.3166666666668
GimJe,Strawberry,1,20,2021-04-14,4,33.8,10.0,7.0,4.9,19.2,22.15,1.5,7,11.431809523809523,9.933333333333334,13.058333333333332,258.0452380952381,51.4,299.4166666666667,16.28757142857143,15.088,17.670833333333334,78.0162619047619,73.59166666666667,92.16799999999999,538.6464285714285,475.6666666666667,583.4,16.22964285714286,15.12,17.900000000000002,1806.3166666666668
GimJe,Strawberry,1,23,2020-10-28,1,36.8,4.0,14.3,10.4,17.1,14.68,1.0,5,0.0,0.0,0.0,3.725,3.3333333333333335,4.375,15.34277777777778,14.395833333333334,16.08888888888889,89.32861111111112,82.00833333333334,92.47916666666667,423.0416666666667,371.6666666666667,472.25,17.401111111111113,16.166666666666668,18.655555555555555,18.625
GimJe,Strawberry,1,23,2020-10-28,2,35.3,6.0,16.1,10.3,17.3,17.69,0.0,5,0.0,0.0,0.0,3.725,3.3333333333333335,4.375,15.34277777777778,14.395833333333334,16.08888888888889,89.32861111111112,82.00833333333334,92.47916666666667,423.0416666666667,371.6666666666667,472.25,17.401111111111113,16.166666666666668,18.655555555555555,18.625
GimJe,Strawberry,1,23,2020-10-28,3,31.9,6.0,13.7,10.4,16.6,14.85,1.0,5,0.0,0.0,0.0,3.725,3.3333333333333335,4.375,15.34277777777778,14.395833333333334,16.08888888888889,89.32861111111112,82.00833333333334,92.47916666666667,423.0416666666667,371.6666666666667,472.25,17.401111111111113,16.166666666666668,18.655555555555555,18.625
GimJe,Strawberry,1,23,2020-10-28,4,30.5,5.0,12.1,8.7,12.6,15.05,1.0,5,0.0,0.0,0.0,3.725,3.3333333333333335,4.375,15.34277777777778,14.395833333333334,16.08888888888889,89.32861111111112,82.00833333333334,92.47916666666667,423.0416666666667,371.6666666666667,472.25,17.401111111111113,16.166666666666668,18.655555555555555,18.625
GimJe,Strawberry,1,23,2020-11-04,1,39.5,5.0,13.5,9.5,18.7,16.11,4.0,7,0.0,0.0,0.0,3.255952380952381,0.875,4.791666666666667,15.344642857142857,13.833333333333334,16.5625,93.84940476190476,91.48333333333333,99.1375,460.01785714285717,423.6666666666667,488.9583333333333,17.345833333333335,16.420833333333334,18.6875,22.791666666666668
GimJe,Strawberry,1,23,2020-11-04,2,37.7,6.0,16.1,10.3,17.4,18.4,2.0,7,0.0,0.0,0.0,3.255952380952381,0.875,4.791666666666667,15.344642857142857,13.833333333333334,16.5625,93.84940476190476,91.48333333333333,99.1375,460.01785714285717,423.6666666666667,488.9583333333333,17.345833333333335,16.420833333333334,18.6875,22.791666666666668
GimJe,Strawberry,1,23,2020-11-04,3,34.5,6.0,13.9,10.5,16.8,16.82,2.0,7,0.0,0.0,0.0,3.255952380952381,0.875,4.791666666666667,15.344642857142857,13.833333333333334,16.5625,93.84940476190476,91.48333333333333,99.1375,460.01785714285717,423.6666666666667,488.9583333333333,17.345833333333335,16.420833333333334,18.6875,22.791666666666668
GimJe,Strawberry,1,23,2020-11-04,4,31.8,5.0,12.2,9.0,12.6,15.8,2.0,7,0.0,0.0,0.0,3.255952380952381,0.875,4.791666666666667,15.344642857142857,13.833333333333334,16.5625,93.84940476190476,91.48333333333333,99.1375,460.01785714285717,423.6666666666667,488.9583333333333,17.345833333333335,16.420833333333334,18.6875,22.791666666666668
GimJe,Strawberry,1,23,2020-11-11,1,40.7,5.0,13.6,9.6,19.2,16.74,7.0,7,0.0,0.0,0.0,2.7857142857142856,1.5833333333333333,3.8333333333333335,14.78452380952381,13.691666666666668,15.854166666666666,94.51488095238096,91.72500000000001,97.02083333333333,427.3154761904762,364.0833333333333,459.0416666666667,16.586309523809526,15.7875,17.479166666666668,19.5
GimJe,Strawberry,1,23,2020-11-11,2,39.3,6.0,14.8,10.6,20.1,18.83,3.0,7,0.0,0.0,0.0,2.7857142857142856,1.5833333333333333,3.8333333333333335,14.78452380952381,13.691666666666668,15.854166666666666,94.51488095238096,91.72500000000001,97.02083333333333,427.3154761904762,364.0833333333333,459.0416666666667,16.586309523809526,15.7875,17.479166666666668,19.5
GimJe,Strawberry,1,23,2020-11-11,3,35.1,5.0,13.9,10.7,17.0,17.1,4.0,7,0.0,0.0,0.0,2.7857142857142856,1.5833333333333333,3.8333333333333335,14.78452380952381,13.691666666666668,15.854166666666666,94.51488095238096,91.72500000000001,97.02083333333333,427.3154761904762,364.0833333333333,459.0416666666667,16.586309523809526,15.7875,17.479166666666668,19.5
GimJe,Strawberry,1,23,2020-11-11,4,32.5,6.0,14.9,10.3,15.1,16.63,6.0,7,0.0,0.0,0.0,2.7857142857142856,1.5833333333333333,3.8333333333333335,14.78452380952381,13.691666666666668,15.854166666666666,94.51488095238096,91.72500000000001,97.02083333333333,427.3154761904762,364.0833333333333,459.0416666666667,16.586309523809526,15.7875,17.479166666666668,19.5
GimJe,Strawberry,1,23,2020-11-18,1,40.8,6.0,14.9,10.0,24.0,18.53,12.0,7,8.8131279178338,0.0,13.745833333333332,82.41788048552756,3.5416666666666665,156.35294117647058,15.062215219421102,14.379166666666668,16.394117647058824,89.01809056956115,81.6888888888889,97.3,425.3232726423903,389.22222222222223,447.8666666666667,16.479885620915034,15.691666666666668,18.170588235294115,576.9251633986929
GimJe,Strawberry,1,23,2020-11-18,2,39.5,6.0,15.0,10.8,20.1,18.61,6.0,7,8.8131279178338,0.0,13.745833333333332,82.41788048552756,3.5416666666666665,156.35294117647058,15.062215219421102,14.379166666666668,16.394117647058824,89.01809056956115,81.6888888888889,97.3,425.3232726423903,389.22222222222223,447.8666666666667,16.479885620915034,15.691666666666668,18.170588235294115,576.9251633986929
GimJe,Strawberry,1,23,2020-11-18,3,36.8,6.0,14.2,10.2,18.7,17.33,9.0,7,8.8131279178338,0.0,13.745833333333332,82.41788048552756,3.5416666666666665,156.35294117647058,15.062215219421102,14.379166666666668,16.394117647058824,89.01809056956115,81.6888888888889,97.3,425.3232726423903,389.22222222222223,447.8666666666667,16.479885620915034,15.691666666666668,18.170588235294115,576.9251633986929
GimJe,Strawberry,1,23,2020-11-18,4,33.2,6.0,13.5,9.6,18.0,17.0,9.0,7,8.8131279178338,0.0,13.745833333333332,82.41788048552756,3.5416666666666665,156.35294117647058,15.062215219421102,14.379166666666668,16.394117647058824,89.01809056956115,81.6888888888889,97.3,425.3232726423903,389.22222222222223,447.8666666666667,16.479885620915034,15.691666666666668,18.170588235294115,576.9251633986929
GimJe,Strawberry,1,23,2020-11-25,1,41.3,6.0,14.9,10.1,24.0,18.88,13.0,7,10.193452380952381,5.3999999999999995,18.462500000000002,58.52380952380952,12.166666666666666,112.75,14.558333333333334,11.112499999999999,17.837500000000002,93.20892857142859,88.575,97.48333333333333,409.8035714285714,372.375,466.0,16.41785714285714,13.879166666666668,19.520833333333332,409.66666666666663
GimJe,Strawberry,1,23,2020-11-25,2,39.6,6.0,15.2,10.9,20.2,19.77,9.0,7,10.193452380952381,5.3999999999999995,18.462500000000002,58.52380952380952,12.166666666666666,112.75,14.558333333333334,11.112499999999999,17.837500000000002,93.20892857142859,88.575,97.48333333333333,409.8035714285714,372.375,466.0,16.41785714285714,13.879166666666668,19.520833333333332,409.66666666666663
GimJe,Strawberry,1,23,2020-11-25,3,37.2,6.0,14.4,10.3,19.0,18.72,13.0,7,10.193452380952381,5.3999999999999995,18.462500000000002,58.52380952380952,12.166666666666666,112.75,14.558333333333334,11.112499999999999,17.837500000000002,93.20892857142859,88.575,97.48333333333333,409.8035714285714,372.375,466.0,16.41785714285714,13.879166666666668,19.520833333333332,409.66666666666663
GimJe,Strawberry,1,23,2020-11-25,4,33.9,5.0,13.5,9.8,18.2,17.13,11.0,7,10.193452380952381,5.3999999999999995,18.462500000000002,58.52380952380952,12.166666666666666,112.75,14.558333333333334,11.112499999999999,17.837500000000002,93.20892857142859,88.575,97.48333333333333,409.8035714285714,372.375,466.0,16.41785714285714,13.879166666666668,19.520833333333332,409.66666666666663
GimJe,Strawberry,1,23,2020-12-02,1,41.4,7.0,11.5,9.1,22.5,19.06,15.0,7,4.464285714285714,2.2083333333333335,6.816666666666666,84.26190476190474,39.541666666666664,108.375,12.733928571428569,11.254166666666668,13.995833333333332,91.10535714285716,83.2375,97.95833333333333,422.4166666666667,407.375,433.9166666666667,14.839285714285714,14.133333333333333,15.833333333333334,589.8333333333333
GimJe,Strawberry,1,23,2020-12-02,2,40.1,7.0,14.4,10.0,22.8,19.3,10.0,7,4.464285714285714,2.2083333333333335,6.816666666666666,84.26190476190474,39.541666666666664,108.375,12.733928571428569,11.254166666666668,13.995833333333332,91.10535714285716,83.2375,97.95833333333333,422.4166666666667,407.375,433.9166666666667,14.839285714285714,14.133333333333333,15.833333333333334,589.8333333333333
GimJe,Strawberry,1,23,2020-12-02,3,37.6,5.0,14.4,10.3,19.0,18.62,16.0,7,4.464285714285714,2.2083333333333335,6.816666666666666,84.26190476190474,39.541666666666664,108.375,12.733928571428569,11.254166666666668,13.995833333333332,91.10535714285716,83.2375,97.95833333333333,422.4166666666667,407.375,433.9166666666667,14.839285714285714,14.133333333333333,15.833333333333334,589.8333333333333
GimJe,Strawberry,1,23,2020-12-02,4,34.0,6.0,11.6,8.6,16.5,17.34,12.0,7,4.464285714285714,2.2083333333333335,6.816666666666666,84.26190476190474,39.541666666666664,108.375,12.733928571428569,11.254166666666668,13.995833333333332,91.10535714285716,83.2375,97.95833333333333,422.4166666666667,407.375,433.9166666666667,14.839285714285714,14.133333333333333,15.833333333333334,589.8333333333333
GimJe,Strawberry,1,23,2020-12-09,1,41.4,7.0,11.5,9.1,22.6,19.08,13.0,7,2.704761904761905,0.5125000000000001,3.970833333333333,84.74404761904762,54.25,101.04166666666667,14.260714285714284,13.754166666666668,14.966666666666667,88.67678571428573,83.60833333333333,94.74583333333334,438.8392857142858,421.2083333333333,451.125,15.757142857142856,15.254166666666668,16.075,593.2083333333334
GimJe,Strawberry,1,23,2020-12-09,2,41.0,7.0,14.4,10.0,24.0,19.76,11.0,7,2.704761904761905,0.5125000000000001,3.970833333333333,84.74404761904762,54.25,101.04166666666667,14.260714285714284,13.754166666666668,14.966666666666667,88.67678571428573,83.60833333333333,94.74583333333334,438.8392857142858,421.2083333333333,451.125,15.757142857142856,15.254166666666668,16.075,593.2083333333334
GimJe,Strawberry,1,23,2020-12-09,3,37.8,6.0,13.3,9.5,22.6,18.92,16.0,7,2.704761904761905,0.5125000000000001,3.970833333333333,84.74404761904762,54.25,101.04166666666667,14.260714285714284,13.754166666666668,14.966666666666667,88.67678571428573,83.60833333333333,94.74583333333334,438.8392857142858,421.2083333333333,451.125,15.757142857142856,15.254166666666668,16.075,593.2083333333334
GimJe,Strawberry,1,23,2020-12-09,4,34.0,6.0,11.8,8.6,17.4,17.55,11.0,7,2.704761904761905,0.5125000000000001,3.970833333333333,84.74404761904762,54.25,101.04166666666667,14.260714285714284,13.754166666666668,14.966666666666667,88.67678571428573,83.60833333333333,94.74583333333334,438.8392857142858,421.2083333333333,451.125,15.757142857142856,15.254166666666668,16.075,593.2083333333334
GimJe,Strawberry,1,23,2020-12-16,1,41.4,7.0,11.5,9.1,22.6,19.15,11.0,7,1.9416666666666664,-4.304166666666666,5.808333333333334,79.75595238095238,36.833333333333336,99.5,13.012500000000001,10.6,13.770833333333334,91.54047619047618,87.74583333333334,97.39583333333333,432.11904761904765,411.875,459.5416666666667,14.34047619047619,12.8375,15.029166666666667,558.2916666666666
GimJe,Strawberry,1,23,2020-12-16,2,41.2,8.0,11.2,7.5,26.5,19.87,8.0,7,1.9416666666666664,-4.304166666666666,5.808333333333334,79.75595238095238,36.833333333333336,99.5,13.012500000000001,10.6,13.770833333333334,91.54047619047618,87.74583333333334,97.39583333333333,432.11904761904765,411.875,459.5416666666667,14.34047619047619,12.8375,15.029166666666667,558.2916666666666
GimJe,Strawberry,1,23,2020-12-16,3,37.8,6.0,13.3,9.5,22.6,19.3,14.0,7,1.9416666666666664,-4.304166666666666,5.808333333333334,79.75595238095238,36.833333333333336,99.5,13.012500000000001,10.6,13.770833333333334,91.54047619047618,87.74583333333334,97.39583333333333,432.11904761904765,411.875,459.5416666666667,14.34047619047619,12.8375,15.029166666666667,558.2916666666666
GimJe,Strawberry,1,23,2020-12-16,4,34.0,6.0,11.8,8.7,17.5,17.66,11.0,7,1.9416666666666664,-4.304166666666666,5.808333333333334,79.75595238095238,36.833333333333336,99.5,13.012500000000001,10.6,13.770833333333334,91.54047619047618,87.74583333333334,97.39583333333333,432.11904761904765,411.875,459.5416666666667,14.34047619047619,12.8375,15.029166666666667,558.2916666666666
GimJe,Strawberry,1,23,2020-12-23,1,41.4,7.0,11.7,9.2,22.9,19.25,8.0,7,-1.348214285714286,-3.9916666666666667,1.4166666666666667,78.4702380952381,44.0,100.83333333333333,12.338095238095237,10.333333333333334,12.970833333333333,91.4720238095238,88.5125,95.12083333333334,450.827380952381,402.7083333333333,542.0833333333334,13.605952380952383,12.691666666666668,14.3125,549.2916666666667
GimJe,Strawberry,1,23,2020-12-23,2,41.2,8.0,11.3,7.6,26.6,20.24,8.0,7,-1.348214285714286,-3.9916666666666667,1.4166666666666667,78.4702380952381,44.0,100.83333333333333,12.338095238095237,10.333333333333334,12.970833333333333,91.4720238095238,88.5125,95.12083333333334,450.827380952381,402.7083333333333,542.0833333333334,13.605952380952383,12.691666666666668,14.3125,549.2916666666667
GimJe,Strawberry,1,23,2020-12-23,3,38.1,6.0,13.4,9.7,22.7,20.7,9.0,7,-1.348214285714286,-3.9916666666666667,1.4166666666666667,78.4702380952381,44.0,100.83333333333333,12.338095238095237,10.333333333333334,12.970833333333333,91.4720238095238,88.5125,95.12083333333334,450.827380952381,402.7083333333333,542.0833333333334,13.605952380952383,12.691666666666668,14.3125,549.2916666666667
GimJe,Strawberry,1,23,2020-12-23,4,34.0,7.0,9.1,7.1,17.2,17.94,3.5,7,-1.348214285714286,-3.9916666666666667,1.4166666666666667,78.4702380952381,44.0,100.83333333333333,12.338095238095237,10.333333333333334,12.970833333333333,91.4720238095238,88.5125,95.12083333333334,450.827380952381,402.7083333333333,542.0833333333334,13.605952380952383,12.691666666666668,14.3125,549.2916666666667
GimJe,Strawberry,1,23,2020-12-30,1,41.4,6.0,11.7,9.2,22.9,20.03,3.5,7,2.6559523809523813,0.5416666666666666,4.191666666666666,63.82142857142857,29.083333333333332,92.66666666666667,12.157142857142857,10.779166666666667,13.770833333333334,94.16845238095239,89.93333333333334,98.1375,466.11904761904765,426.4583333333333,549.625,13.663095238095236,12.641666666666666,14.424999999999999,446.75
GimJe,Strawberry,1,23,2020-12-30,2,41.2,7.0,11.3,7.6,26.6,20.26,1.5,7,2.6559523809523813,0.5416666666666666,4.191666666666666,63.82142857142857,29.083333333333332,92.66666666666667,12.157142857142857,10.779166666666667,13.770833333333334,94.16845238095239,89.93333333333334,98.1375,466.11904761904765,426.4583333333333,549.625,13.663095238095236,12.641666666666666,14.424999999999999,446.75
GimJe,Strawberry,1,23,2020-12-30,3,38.1,6.0,13.5,9.7,22.7,20.18,7.0,7,2.6559523809523813,0.5416666666666666,4.191666666666666,63.82142857142857,29.083333333333332,92.66666666666667,12.157142857142857,10.779166666666667,13.770833333333334,94.16845238095239,89.93333333333334,98.1375,466.11904761904765,426.4583333333333,549.625,13.663095238095236,12.641666666666666,14.424999999999999,446.75
GimJe,Strawberry,1,23,2020-12-30,4,34.1,7.0,9.1,7.1,17.2,17.91,5.0,7,2.6559523809523813,0.5416666666666666,4.191666666666666,63.82142857142857,29.083333333333332,92.66666666666667,12.157142857142857,10.779166666666667,13.770833333333334,94.16845238095239,89.93333333333334,98.1375,466.11904761904765,426.4583333333333,549.625,13.663095238095236,12.641666666666666,14.424999999999999,446.75
GimJe,Strawberry,1,23,2021-01-07,1,41.4,6.0,11.7,9.2,22.9,20.06,2.0,7,-3.1779761904761905,-6.3,-1.4000000000000001,83.19642857142857,63.666666666666664,103.95833333333333,11.04404761904762,9.120833333333334,12.516666666666666,92.81666666666668,89.15833333333335,95.14583333333333,440.85119047619054,399.375,538.875,12.491071428571429,11.387500000000001,13.383333333333333,582.375
GimJe,Strawberry,1,23,2021-01-07,2,41.2,8.0,9.2,7.0,21.2,20.45,1.5,7,-3.1779761904761905,-6.3,-1.4000000000000001,83.19642857142857,63.666666666666664,103.95833333333333,11.04404761904762,9.120833333333334,12.516666666666666,92.81666666666668,89.15833333333335,95.14583333333333,440.85119047619054,399.375,538.875,12.491071428571429,11.387500000000001,13.383333333333333,582.375
GimJe,Strawberry,1,23,2021-01-07,3,38.4,6.0,13.5,9.8,23.2,21.06,2.5,7,-3.1779761904761905,-6.3,-1.4000000000000001,83.19642857142857,63.666666666666664,103.95833333333333,11.04404761904762,9.120833333333334,12.516666666666666,92.81666666666668,89.15833333333335,95.14583333333333,440.85119047619054,399.375,538.875,12.491071428571429,11.387500000000001,13.383333333333333,582.375
GimJe,Strawberry,1,23,2021-01-07,4,34.1,7.0,9.5,7.1,17.5,19.62,3.0,7,-3.1779761904761905,-6.3,-1.4000000000000001,83.19642857142857,63.666666666666664,103.95833333333333,11.04404761904762,9.120833333333334,12.516666666666666,92.81666666666668,89.15833333333335,95.14583333333333,440.85119047619054,399.375,538.875,12.491071428571429,11.387500000000001,13.383333333333333,582.375
GimJe,Strawberry,1,23,2021-01-13,1,41.4,6.0,11.6,9.2,22.8,20.15,2.0,7,-7.905194805194806,-13.945833333333333,-3.0666666666666664,96.31006493506494,65.875,111.04545454545455,10.921482683982685,9.191666666666666,12.516666666666666,91.80757575757575,89.08636363636364,94.50416666666666,584.1883116883117,407.2083333333333,841.8181818181819,11.735389610389609,10.516666666666667,13.025,674.1704545454546
GimJe,Strawberry,1,23,2021-01-13,2,41.2,8.0,9.2,7.0,21.3,20.68,1.0,7,-7.905194805194806,-13.945833333333333,-3.0666666666666664,96.31006493506494,65.875,111.04545454545455,10.921482683982685,9.191666666666666,12.516666666666666,91.80757575757575,89.08636363636364,94.50416666666666,584.1883116883117,407.2083333333333,841.8181818181819,11.735389610389609,10.516666666666667,13.025,674.1704545454546
GimJe,Strawberry,1,23,2021-01-13,3,39.0,6.0,13.5,9.9,23.6,21.87,1.0,7,-7.905194805194806,-13.945833333333333,-3.0666666666666664,96.31006493506494,65.875,111.04545454545455,10.921482683982685,9.191666666666666,12.516666666666666,91.80757575757575,89.08636363636364,94.50416666666666,584.1883116883117,407.2083333333333,841.8181818181819,11.735389610389609,10.516666666666667,13.025,674.1704545454546
GimJe,Strawberry,1,23,2021-01-13,4,34.1,7.0,9.5,7.2,17.6,19.65,2.0,7,-7.905194805194806,-13.945833333333333,-3.0666666666666664,96.31006493506494,65.875,111.04545454545455,10.921482683982685,9.191666666666666,12.516666666666666,91.80757575757575,89.08636363636364,94.50416666666666,584.1883116883117,407.2083333333333,841.8181818181819,11.735389610389609,10.516666666666667,13.025,674.1704545454546
GimJe,Strawberry,1,23,2021-01-21,1,41.4,6.0,10.3,7.2,20.4,20.41,4.0,7,0.2720238095238094,-3.970833333333333,5.895833333333333,95.64880952380953,58.0,117.25,12.652976190476192,12.045833333333334,13.75,91.83511904761906,88.33749999999999,97.93333333333334,479.18452380952385,412.3333333333333,566.3333333333334,14.422023809523811,14.020833333333334,15.2875,669.5416666666667
GimJe,Strawberry,1,23,2021-01-21,2,41.2,7.0,9.2,7.0,21.3,20.74,4.0,7,0.2720238095238094,-3.970833333333333,5.895833333333333,95.64880952380953,58.0,117.25,12.652976190476192,12.045833333333334,13.75,91.83511904761906,88.33749999999999,97.93333333333334,479.18452380952385,412.3333333333333,566.3333333333334,14.422023809523811,14.020833333333334,15.2875,669.5416666666667
GimJe,Strawberry,1,23,2021-01-21,3,39.3,6.0,13.7,9.9,23.9,21.89,1.0,7,0.2720238095238094,-3.970833333333333,5.895833333333333,95.64880952380953,58.0,117.25,12.652976190476192,12.045833333333334,13.75,91.83511904761906,88.33749999999999,97.93333333333334,479.18452380952385,412.3333333333333,566.3333333333334,14.422023809523811,14.020833333333334,15.2875,669.5416666666667
GimJe,Strawberry,1,23,2021-01-27,1,41.2,6.0,14.8,10.3,24.0,20.43,6.0,7,6.160119047619048,-0.13750000000000012,9.729166666666666,73.10119047619047,33.708333333333336,115.20833333333333,13.060714285714287,11.487499999999999,14.137500000000001,93.37023809523808,87.93333333333334,97.75,454.94642857142856,412.3333333333333,505.9583333333333,14.913690476190476,14.275,15.600000000000001,511.7083333333333
GimJe,Strawberry,1,23,2021-01-27,2,41.0,7.0,9.5,7.0,21.3,21.09,5.0,7,6.160119047619048,-0.13750000000000012,9.729166666666666,73.10119047619047,33.708333333333336,115.20833333333333,13.060714285714287,11.487499999999999,14.137500000000001,93.37023809523808,87.93333333333334,97.75,454.94642857142856,412.3333333333333,505.9583333333333,14.913690476190476,14.275,15.600000000000001,511.7083333333333
GimJe,Strawberry,1,23,2021-01-27,3,40.5,6.0,10.5,7.3,20.5,21.93,3.0,7,6.160119047619048,-0.13750000000000012,9.729166666666666,73.10119047619047,33.708333333333336,115.20833333333333,13.060714285714287,11.487499999999999,14.137500000000001,93.37023809523808,87.93333333333334,97.75,454.94642857142856,412.3333333333333,505.9583333333333,14.913690476190476,14.275,15.600000000000001,511.7083333333333
GimJe,Strawberry,1,23,2021-02-03,1,41.2,6.0,10.3,7.2,20.2,21.06,5.0,7,1.7249999999999999,-4.375,8.316666666666666,97.25595238095238,60.833333333333336,135.79166666666666,12.604761904761904,10.8375,14.016666666666666,91.08869047619048,86.76666666666667,96.33749999999999,449.1726190476191,392.125,490.8333333333333,14.855952380952383,13.916666666666666,16.508333333333333,680.7916666666666
GimJe,Strawberry,1,23,2021-02-03,2,40.8,7.0,9.5,7.0,21.3,21.33,5.0,7,1.7249999999999999,-4.375,8.316666666666666,97.25595238095238,60.833333333333336,135.79166666666666,12.604761904761904,10.8375,14.016666666666666,91.08869047619048,86.76666666666667,96.33749999999999,449.1726190476191,392.125,490.8333333333333,14.855952380952383,13.916666666666666,16.508333333333333,680.7916666666666
GimJe,Strawberry,1,23,2021-02-03,3,39.8,6.0,10.6,7.4,20.9,21.99,3.0,7,1.7249999999999999,-4.375,8.316666666666666,97.25595238095238,60.833333333333336,135.79166666666666,12.604761904761904,10.8375,14.016666666666666,91.08869047619048,86.76666666666667,96.33749999999999,449.1726190476191,392.125,490.8333333333333,14.855952380952383,13.916666666666666,16.508333333333333,680.7916666666666
GimJe,Strawberry,1,23,2021-02-10,2,40.5,6.0,9.6,7.0,21.3,21.36,5.0,7,1.0888716356107662,-1.7333333333333334,5.230434782608696,115.99560041407867,36.958333333333336,145.25,12.94272774327122,11.362499999999999,14.170833333333334,87.97802795031055,80.51666666666667,96.44583333333333,451.1915113871636,419.4583333333333,477.2083333333333,15.80496894409938,14.049999999999999,16.916666666666668,811.9692028985506
GimJe,Strawberry,1,23,2021-02-10,4,37.3,7.0,7.8,6.1,17.6,21.35,0.0,7,1.0888716356107662,-1.7333333333333334,5.230434782608696,115.99560041407867,36.958333333333336,145.25,12.94272774327122,11.362499999999999,14.170833333333334,87.97802795031055,80.51666666666667,96.44583333333333,451.1915113871636,419.4583333333333,477.2083333333333,15.80496894409938,14.049999999999999,16.916666666666668,811.9692028985506
GimJe,Strawberry,1,23,2021-02-17,1,41.0,6.0,10.3,7.2,19.6,22.32,0.0,7,4.035714285714286,-1.3583333333333334,8.358333333333333,106.3690476190476,72.58333333333333,139.875,13.92083333333333,11.566666666666668,14.729166666666666,85.87202380952381,78.675,92.21249999999999,469.375,439.0,503.0,16.652976190476192,14.65,17.349999999999998,744.5833333333333
GimJe,Strawberry,1,23,2021-02-17,2,40.3,6.0,9.6,7.0,21.2,21.43,5.0,7,4.035714285714286,-1.3583333333333334,8.358333333333333,106.3690476190476,72.58333333333333,139.875,13.92083333333333,11.566666666666668,14.729166666666666,85.87202380952381,78.675,92.21249999999999,469.375,439.0,503.0,16.652976190476192,14.65,17.349999999999998,744.5833333333333
GimJe,Strawberry,1,23,2021-02-17,4,34.3,7.0,7.8,6.1,17.6,21.96,1.0,7,4.035714285714286,-1.3583333333333334,8.358333333333333,106.3690476190476,72.58333333333333,139.875,13.92083333333333,11.566666666666668,14.729166666666666,85.87202380952381,78.675,92.21249999999999,469.375,439.0,503.0,16.652976190476192,14.65,17.349999999999998,744.5833333333333
GimJe,Strawberry,1,23,2021-02-24,1,40.8,7.0,7.5,6.1,20.3,22.35,2.0,7,3.4363095238095234,-5.45,12.566666666666668,142.57467532467533,100.77272727272727,160.95833333333334,13.821536796536796,11.95909090909091,15.854166666666666,83.01260822510822,73.8,88.79166666666667,432.76785714285717,373.3333333333333,483.0,16.395887445887446,14.254545454545456,17.633333333333333,998.0227272727274
GimJe,Strawberry,1,23,2021-02-24,2,40.3,8.0,5.6,4.7,17.3,21.85,2.0,7,3.4363095238095234,-5.45,12.566666666666668,142.57467532467533,100.77272727272727,160.95833333333334,13.821536796536796,11.95909090909091,15.854166666666666,83.01260822510822,73.8,88.79166666666667,432.76785714285717,373.3333333333333,483.0,16.395887445887446,14.254545454545456,17.633333333333333,998.0227272727274
GimJe,Strawberry,1,23,2021-02-24,4,36.1,8.0,7.8,6.1,19.9,22.07,2.0,7,3.4363095238095234,-5.45,12.566666666666668,142.57467532467533,100.77272727272727,160.95833333333334,13.821536796536796,11.95909090909091,15.854166666666666,83.01260822510822,73.8,88.79166666666667,432.76785714285717,373.3333333333333,483.0,16.395887445887446,14.254545454545456,17.633333333333333,998.0227272727274
GimJe,Strawberry,1,23,2021-03-04,1,32.7,5.0,7.7,6.7,14.5,20.95,6.0,7,6.975595238095239,3.1833333333333336,11.045833333333334,103.49404761904762,23.75,157.58333333333334,14.13154761904762,12.233333333333334,15.366666666666667,93.24940476190477,90.02916666666665,97.99166666666667,446.75000000000006,422.8333333333333,469.5,16.3875,15.1625,17.650000000000002,724.4583333333334
GimJe,Strawberry,1,23,2021-03-04,2,39.5,7.0,7.5,6.5,13.7,21.55,2.0,7,6.975595238095239,3.1833333333333336,11.045833333333334,103.49404761904762,23.75,157.58333333333334,14.13154761904762,12.233333333333334,15.366666666666667,93.24940476190477,90.02916666666665,97.99166666666667,446.75000000000006,422.8333333333333,469.5,16.3875,15.1625,17.650000000000002,724.4583333333334
GimJe,Strawberry,1,23,2021-03-04,3,32.4,5.0,8.1,6.6,16.5,20.05,1.0,7,6.975595238095239,3.1833333333333336,11.045833333333334,103.49404761904762,23.75,157.58333333333334,14.13154761904762,12.233333333333334,15.366666666666667,93.24940476190477,90.02916666666665,97.99166666666667,446.75000000000006,422.8333333333333,469.5,16.3875,15.1625,17.650000000000002,724.4583333333334
GimJe,Strawberry,1,23,2021-03-04,4,36.1,7.0,7.2,5.2,13.0,21.75,3.0,7,6.975595238095239,3.1833333333333336,11.045833333333334,103.49404761904762,23.75,157.58333333333334,14.13154761904762,12.233333333333334,15.366666666666667,93.24940476190477,90.02916666666665,97.99166666666667,446.75000000000006,422.8333333333333,469.5,16.3875,15.1625,17.650000000000002,724.4583333333334
GimJe,Strawberry,1,23,2021-03-10,1,32.2,8.0,8.4,7.8,15.8,20.95,4.0,7,6.466666666666667,4.179166666666666,7.824999999999999,129.1547619047619,63.25,165.04166666666666,14.941666666666665,13.475,15.733333333333334,91.92321428571428,88.41666666666667,96.2625,460.04166666666663,411.25,504.1666666666667,17.539285714285715,16.379166666666666,18.195833333333333,904.0833333333333
GimJe,Strawberry,1,23,2021-03-10,2,39.5,8.0,7.6,6.6,13.9,21.65,4.0,7,6.466666666666667,4.179166666666666,7.824999999999999,129.1547619047619,63.25,165.04166666666666,14.941666666666665,13.475,15.733333333333334,91.92321428571428,88.41666666666667,96.2625,460.04166666666663,411.25,504.1666666666667,17.539285714285715,16.379166666666666,18.195833333333333,904.0833333333333
GimJe,Strawberry,1,23,2021-03-10,3,32.2,7.0,8.2,7.4,17.0,20.08,2.0,7,6.466666666666667,4.179166666666666,7.824999999999999,129.1547619047619,63.25,165.04166666666666,14.941666666666665,13.475,15.733333333333334,91.92321428571428,88.41666666666667,96.2625,460.04166666666663,411.25,504.1666666666667,17.539285714285715,16.379166666666666,18.195833333333333,904.0833333333333
GimJe,Strawberry,1,23,2021-03-10,4,31.2,6.0,6.9,5.7,13.8,21.8,2.6666666666666665,7,6.466666666666667,4.179166666666666,7.824999999999999,129.1547619047619,63.25,165.04166666666666,14.941666666666665,13.475,15.733333333333334,91.92321428571428,88.41666666666667,96.2625,460.04166666666663,411.25,504.1666666666667,17.539285714285715,16.379166666666666,18.195833333333333,904.0833333333333
GimJe,Strawberry,1,23,2021-03-17,1,32.4,10.0,5.6,5.2,12.1,20.18,2.5,7,8.491071428571429,7.0375000000000005,9.85,160.53571428571428,52.083333333333336,197.79166666666666,16.909523809523808,14.924999999999999,17.779166666666665,84.63511904761906,76.2625,96.21249999999999,472.91071428571433,412.1666666666667,527.875,19.03452380952381,18.0625,20.108333333333334,1123.75
GimJe,Strawberry,1,23,2021-03-17,2,39.5,9.0,9.3,7.9,17.8,21.12,4.0,7,8.491071428571429,7.0375000000000005,9.85,160.53571428571428,52.083333333333336,197.79166666666666,16.909523809523808,14.924999999999999,17.779166666666665,84.63511904761906,76.2625,96.21249999999999,472.91071428571433,412.1666666666667,527.875,19.03452380952381,18.0625,20.108333333333334,1123.75
GimJe,Strawberry,1,23,2021-03-17,3,33.5,7.0,9.0,7.5,17.8,19.74,4.0,7,8.491071428571429,7.0375000000000005,9.85,160.53571428571428,52.083333333333336,197.79166666666666,16.909523809523808,14.924999999999999,17.779166666666665,84.63511904761906,76.2625,96.21249999999999,472.91071428571433,412.1666666666667,527.875,19.03452380952381,18.0625,20.108333333333334,1123.75
GimJe,Strawberry,1,23,2021-03-17,4,28.0,8.0,8.4,7.0,18.4,21.08,2.5,7,8.491071428571429,7.0375000000000005,9.85,160.53571428571428,52.083333333333336,197.79166666666666,16.909523809523808,14.924999999999999,17.779166666666665,84.63511904761906,76.2625,96.21249999999999,472.91071428571433,412.1666666666667,527.875,19.03452380952381,18.0625,20.108333333333334,1123.75
GimJe,Strawberry,1,23,2021-03-24,1,35.5,8.0,10.1,8.2,23.8,19.52,2.5,7,8.015476190476189,5.954166666666667,11.612499999999999,165.35714285714286,29.875,221.58333333333334,16.838690476190475,15.508333333333333,18.929166666666667,80.86130952380951,75.14999999999999,92.75833333333333,462.0714285714286,391.8333333333333,554.3333333333334,19.017857142857142,18.258333333333333,20.420833333333334,1157.5
GimJe,Strawberry,1,23,2021-03-24,2,39.4,10.0,5.9,4.4,11.9,22.23,3.0,7,8.015476190476189,5.954166666666667,11.612499999999999,165.35714285714286,29.875,221.58333333333334,16.838690476190475,15.508333333333333,18.929166666666667,80.86130952380951,75.14999999999999,92.75833333333333,462.0714285714286,391.8333333333333,554.3333333333334,19.017857142857142,18.258333333333333,20.420833333333334,1157.5
GimJe,Strawberry,1,23,2021-03-24,3,36.5,9.0,8.5,6.5,22.3,19.39,4.0,7,8.015476190476189,5.954166666666667,11.612499999999999,165.35714285714286,29.875,221.58333333333334,16.838690476190475,15.508333333333333,18.929166666666667,80.86130952380951,75.14999999999999,92.75833333333333,462.0714285714286,391.8333333333333,554.3333333333334,19.017857142857142,18.258333333333333,20.420833333333334,1157.5
GimJe,Strawberry,1,23,2021-03-24,4,31.7,9.0,7.3,6.1,16.9,21.89,3.0,7,8.015476190476189,5.954166666666667,11.612499999999999,165.35714285714286,29.875,221.58333333333334,16.838690476190475,15.508333333333333,18.929166666666667,80.86130952380951,75.14999999999999,92.75833333333333,462.0714285714286,391.8333333333333,554.3333333333334,19.017857142857142,18.258333333333333,20.420833333333334,1157.5
GimJe,Strawberry,1,23,2021-03-31,1,37.8,8.0,8.5,7.1,18.7,19.43,5.0,7,10.830357142857142,9.270833333333334,12.520833333333334,145.11904761904762,34.833333333333336,219.125,16.34107142857143,14.325000000000001,17.908333333333335,82.51547619047619,75.08749999999999,93.72916666666667,418.3511904761905,382.8333333333333,504.4583333333333,18.40297619047619,17.099999999999998,20.287499999999998,1015.8333333333334
GimJe,Strawberry,1,23,2021-03-31,2,39.4,9.0,5.9,4.4,11.9,22.23,1.0,7,10.830357142857142,9.270833333333334,12.520833333333334,145.11904761904762,34.833333333333336,219.125,16.34107142857143,14.325000000000001,17.908333333333335,82.51547619047619,75.08749999999999,93.72916666666667,418.3511904761905,382.8333333333333,504.4583333333333,18.40297619047619,17.099999999999998,20.287499999999998,1015.8333333333334
GimJe,Strawberry,1,23,2021-03-31,3,39.0,8.0,9.7,7.3,25.0,19.78,4.0,7,10.830357142857142,9.270833333333334,12.520833333333334,145.11904761904762,34.833333333333336,219.125,16.34107142857143,14.325000000000001,17.908333333333335,82.51547619047619,75.08749999999999,93.72916666666667,418.3511904761905,382.8333333333333,504.4583333333333,18.40297619047619,17.099999999999998,20.287499999999998,1015.8333333333334
GimJe,Strawberry,1,23,2021-03-31,4,37.9,10.0,8.0,7.3,27.3,22.51,2.0,7,10.830357142857142,9.270833333333334,12.520833333333334,145.11904761904762,34.833333333333336,219.125,16.34107142857143,14.325000000000001,17.908333333333335,82.51547619047619,75.08749999999999,93.72916666666667,418.3511904761905,382.8333333333333,504.4583333333333,18.40297619047619,17.099999999999998,20.287499999999998,1015.8333333333334
GimJe,Strawberry,1,23,2021-04-08,1,42.7,7.0,8.6,7.5,18.9,19.32,1.0,7,13.507142857142858,10.341666666666667,18.8,168.73214285714286,26.458333333333332,248.79166666666666,17.38452380952381,15.229166666666666,20.787499999999998,78.71666666666667,72.52499999999999,89.56666666666666,421.4642857142858,357.125,465.375,18.749404761904763,17.175,20.724999999999998,1181.125
GimJe,Strawberry,1,23,2021-04-08,2,41.2,9.0,10.9,8.9,24.8,22.63,1.0,7,13.507142857142858,10.341666666666667,18.8,168.73214285714286,26.458333333333332,248.79166666666666,17.38452380952381,15.229166666666666,20.787499999999998,78.71666666666667,72.52499999999999,89.56666666666666,421.4642857142858,357.125,465.375,18.749404761904763,17.175,20.724999999999998,1181.125
GimJe,Strawberry,1,23,2021-04-08,3,43.0,10.0,8.5,6.1,30.3,19.9,1.0,7,13.507142857142858,10.341666666666667,18.8,168.73214285714286,26.458333333333332,248.79166666666666,17.38452380952381,15.229166666666666,20.787499999999998,78.71666666666667,72.52499999999999,89.56666666666666,421.4642857142858,357.125,465.375,18.749404761904763,17.175,20.724999999999998,1181.125
GimJe,Strawberry,1,23,2021-04-08,4,40.8,12.0,5.3,4.6,22.0,24.53,0.0,7,13.507142857142858,10.341666666666667,18.8,168.73214285714286,26.458333333333332,248.79166666666666,17.38452380952381,15.229166666666666,20.787499999999998,78.71666666666667,72.52499999999999,89.56666666666666,421.4642857142858,357.125,465.375,18.749404761904763,17.175,20.724999999999998,1181.125
GimJe,Strawberry,1,23,2021-04-14,1,38.0,8.0,11.6,8.9,25.1,20.63,1.0,7,11.79761904761905,9.870833333333334,14.254166666666668,204.8154761904762,46.25,242.875,16.91488095238095,16.587500000000002,17.829166666666666,80.04761904761905,74.24166666666666,95.11666666666667,453.2202380952381,418.5,515.6666666666666,19.02440476190476,18.533333333333335,19.808333333333334,1433.7083333333335
GimJe,Strawberry,1,23,2021-04-14,2,42.5,8.0,10.9,8.9,25.4,20.9,1.0,7,11.79761904761905,9.870833333333334,14.254166666666668,204.8154761904762,46.25,242.875,16.91488095238095,16.587500000000002,17.829166666666666,80.04761904761905,74.24166666666666,95.11666666666667,453.2202380952381,418.5,515.6666666666666,19.02440476190476,18.533333333333335,19.808333333333334,1433.7083333333335
GimJe,Strawberry,1,23,2021-04-14,4,45.0,11.0,8.3,7.7,32.5,24.63,0.0,7,11.79761904761905,9.870833333333334,14.254166666666668,204.8154761904762,46.25,242.875,16.91488095238095,16.587500000000002,17.829166666666666,80.04761904761905,74.24166666666666,95.11666666666667,453.2202380952381,418.5,515.6666666666666,19.02440476190476,18.533333333333335,19.808333333333334,1433.7083333333335
GimJe,Strawberry,1,25,2020-11-17,1,39.5,6.0,11.0,4.1,20.1,16.45,5.0,3,11.572420634920634,10.5,13.421428571428573,153.9246031746032,125.125,209.35714285714286,17.47460317460317,16.383333333333333,19.157142857142855,84.91924603174603,80.47857142857143,87.39583333333333,519.6448412698413,483.14285714285717,538.5833333333334,17.781150793650795,17.245833333333334,18.664285714285715,461.7738095238096
GimJe,Strawberry,1,25,2020-11-17,2,39.0,7.0,11.1,4.9,22.5,16.79,10.0,3,11.572420634920634,10.5,13.421428571428573,153.9246031746032,125.125,209.35714285714286,17.47460317460317,16.383333333333333,19.157142857142855,84.91924603174603,80.47857142857143,87.39583333333333,519.6448412698413,483.14285714285717,538.5833333333334,17.781150793650795,17.245833333333334,18.664285714285715,461.7738095238096
GimJe,Strawberry,1,25,2020-11-17,3,40.4,7.0,10.2,4.8,23.3,16.3,8.0,3,11.572420634920634,10.5,13.421428571428573,153.9246031746032,125.125,209.35714285714286,17.47460317460317,16.383333333333333,19.157142857142855,84.91924603174603,80.47857142857143,87.39583333333333,519.6448412698413,483.14285714285717,538.5833333333334,17.781150793650795,17.245833333333334,18.664285714285715,461.7738095238096
GimJe,Strawberry,1,25,2020-11-17,4,40.3,6.0,10.6,4.2,19.4,15.45,4.0,3,11.572420634920634,10.5,13.421428571428573,153.9246031746032,125.125,209.35714285714286,17.47460317460317,16.383333333333333,19.157142857142855,84.91924603174603,80.47857142857143,87.39583333333333,519.6448412698413,483.14285714285717,538.5833333333334,17.781150793650795,17.245833333333334,18.664285714285715,461.7738095238096
GimJe,Strawberry,1,25,2020-11-24,1,40.1,7.0,10.3,4.8,25.0,17.4,9.0,7,11.698214285714286,5.133333333333334,19.545833333333334,67.66666666666667,9.916666666666666,153.16666666666666,15.492261904761905,12.358333333333334,18.416666666666668,91.56785714285715,84.925,96.67083333333333,504.56547619047626,469.9583333333333,558.6666666666666,16.15416666666667,14.366666666666667,18.925,473.6666666666667
GimJe,Strawberry,1,25,2020-11-24,2,39.5,8.0,8.5,4.1,23.9,16.98,10.0,7,11.698214285714286,5.133333333333334,19.545833333333334,67.66666666666667,9.916666666666666,153.16666666666666,15.492261904761905,12.358333333333334,18.416666666666668,91.56785714285715,84.925,96.67083333333333,504.56547619047626,469.9583333333333,558.6666666666666,16.15416666666667,14.366666666666667,18.925,473.6666666666667
GimJe,Strawberry,1,25,2020-11-24,3,41.7,7.0,10.6,4.3,25.5,16.88,9.0,7,11.698214285714286,5.133333333333334,19.545833333333334,67.66666666666667,9.916666666666666,153.16666666666666,15.492261904761905,12.358333333333334,18.416666666666668,91.56785714285715,84.925,96.67083333333333,504.56547619047626,469.9583333333333,558.6666666666666,16.15416666666667,14.366666666666667,18.925,473.6666666666667
GimJe,Strawberry,1,25,2020-11-24,4,41.3,4.0,11.2,4.5,19.5,15.6,5.0,7,11.698214285714286,5.133333333333334,19.545833333333334,67.66666666666667,9.916666666666666,153.16666666666666,15.492261904761905,12.358333333333334,18.416666666666668,91.56785714285715,84.925,96.67083333333333,504.56547619047626,469.9583333333333,558.6666666666666,16.15416666666667,14.366666666666667,18.925,473.6666666666667
GimJe,Strawberry,1,25,2020-12-01,1,41.2,6.0,10.5,4.9,25.1,18.02,11.0,7,4.952976190476191,3.7125,6.783333333333332,115.72023809523809,54.208333333333336,149.375,13.792857142857143,12.395833333333334,14.745833333333332,86.32083333333334,81.72083333333333,91.35833333333333,530.5714285714286,511.2916666666667,582.5,14.488095238095239,13.770833333333334,15.075000000000001,810.0416666666666
GimJe,Strawberry,1,25,2020-12-01,2,40.2,7.0,8.4,4.1,24.0,17.27,9.0,7,4.952976190476191,3.7125,6.783333333333332,115.72023809523809,54.208333333333336,149.375,13.792857142857143,12.395833333333334,14.745833333333332,86.32083333333334,81.72083333333333,91.35833333333333,530.5714285714286,511.2916666666667,582.5,14.488095238095239,13.770833333333334,15.075000000000001,810.0416666666666
GimJe,Strawberry,1,25,2020-12-01,3,42.0,5.0,10.7,4.4,25.2,17.13,9.0,7,4.952976190476191,3.7125,6.783333333333332,115.72023809523809,54.208333333333336,149.375,13.792857142857143,12.395833333333334,14.745833333333332,86.32083333333334,81.72083333333333,91.35833333333333,530.5714285714286,511.2916666666667,582.5,14.488095238095239,13.770833333333334,15.075000000000001,810.0416666666666
GimJe,Strawberry,1,25,2020-12-01,4,41.8,5.0,10.6,4.8,23.4,16.96,5.0,7,4.952976190476191,3.7125,6.783333333333332,115.72023809523809,54.208333333333336,149.375,13.792857142857143,12.395833333333334,14.745833333333332,86.32083333333334,81.72083333333333,91.35833333333333,530.5714285714286,511.2916666666667,582.5,14.488095238095239,13.770833333333334,15.075000000000001,810.0416666666666
GimJe,Strawberry,1,25,2020-12-08,1,41.3,6.0,8.7,4.1,26.3,18.56,9.0,7,2.193452380952381,0.29583333333333334,4.0,116.48809523809526,64.875,136.875,13.361309523809524,12.591666666666667,14.1,86.09642857142858,83.76666666666667,90.45,575.8511904761905,524.25,641.3333333333334,14.260119047619046,13.670833333333334,14.654166666666667,815.4166666666667
GimJe,Strawberry,1,25,2020-12-08,2,40.2,7.0,8.5,4.2,24.5,17.58,8.0,7,2.193452380952381,0.29583333333333334,4.0,116.48809523809526,64.875,136.875,13.361309523809524,12.591666666666667,14.1,86.09642857142858,83.76666666666667,90.45,575.8511904761905,524.25,641.3333333333334,14.260119047619046,13.670833333333334,14.654166666666667,815.4166666666667
GimJe,Strawberry,1,25,2020-12-08,3,42.3,6.0,11.7,4.6,25.5,17.27,8.0,7,2.193452380952381,0.29583333333333334,4.0,116.48809523809526,64.875,136.875,13.361309523809524,12.591666666666667,14.1,86.09642857142858,83.76666666666667,90.45,575.8511904761905,524.25,641.3333333333334,14.260119047619046,13.670833333333334,14.654166666666667,815.4166666666667
GimJe,Strawberry,1,25,2020-12-08,4,42.0,5.0,11.2,4.9,23.5,17.59,3.0,7,2.193452380952381,0.29583333333333334,4.0,116.48809523809526,64.875,136.875,13.361309523809524,12.591666666666667,14.1,86.09642857142858,83.76666666666667,90.45,575.8511904761905,524.25,641.3333333333334,14.260119047619046,13.670833333333334,14.654166666666667,815.4166666666667
GimJe,Strawberry,1,25,2020-12-15,1,41.3,6.0,9.0,4.6,26.2,18.7,8.0,7,2.724999999999999,-2.591666666666667,5.620833333333334,106.59523809523809,74.125,140.29166666666666,12.827976190476193,11.2125,13.5625,87.77321428571427,84.4875,91.19166666666666,539.8154761904761,464.0416666666667,595.2916666666666,13.805952380952382,12.887500000000001,14.366666666666667,746.1666666666666
GimJe,Strawberry,1,25,2020-12-15,2,40.5,8.0,9.2,4.1,21.2,17.76,6.0,7,2.724999999999999,-2.591666666666667,5.620833333333334,106.59523809523809,74.125,140.29166666666666,12.827976190476193,11.2125,13.5625,87.77321428571427,84.4875,91.19166666666666,539.8154761904761,464.0416666666667,595.2916666666666,13.805952380952382,12.887500000000001,14.366666666666667,746.1666666666666
GimJe,Strawberry,1,25,2020-12-15,3,42.3,6.0,11.0,4.4,25.5,18.91,6.0,7,2.724999999999999,-2.591666666666667,5.620833333333334,106.59523809523809,74.125,140.29166666666666,12.827976190476193,11.2125,13.5625,87.77321428571427,84.4875,91.19166666666666,539.8154761904761,464.0416666666667,595.2916666666666,13.805952380952382,12.887500000000001,14.366666666666667,746.1666666666666
GimJe,Strawberry,1,25,2020-12-15,4,42.0,5.0,11.2,5.0,23.5,17.26,2.0,7,2.724999999999999,-2.591666666666667,5.620833333333334,106.59523809523809,74.125,140.29166666666666,12.827976190476193,11.2125,13.5625,87.77321428571427,84.4875,91.19166666666666,539.8154761904761,464.0416666666667,595.2916666666666,13.805952380952382,12.887500000000001,14.366666666666667,746.1666666666666
GimJe,Strawberry,1,25,2020-12-22,1,39.0,5.0,9.0,3.9,26.2,18.86,3.5,7,-2.0595238095238098,-4.566666666666666,1.125,115.39285714285714,69.41666666666667,140.08333333333334,12.044047619047618,11.291666666666666,12.833333333333334,85.91369047619048,83.52499999999999,88.83333333333333,614.0654761904763,496.375,682.375,13.139285714285714,12.683333333333332,13.845833333333333,807.75
GimJe,Strawberry,1,25,2020-12-22,2,40.5,7.0,9.4,4.1,21.2,17.77,2.0,7,-2.0595238095238098,-4.566666666666666,1.125,115.39285714285714,69.41666666666667,140.08333333333334,12.044047619047618,11.291666666666666,12.833333333333334,85.91369047619048,83.52499999999999,88.83333333333333,614.0654761904763,496.375,682.375,13.139285714285714,12.683333333333332,13.845833333333333,807.75
GimJe,Strawberry,1,25,2020-12-22,3,42.3,7.0,8.3,3.8,24.5,19.09,5.0,7,-2.0595238095238098,-4.566666666666666,1.125,115.39285714285714,69.41666666666667,140.08333333333334,12.044047619047618,11.291666666666666,12.833333333333334,85.91369047619048,83.52499999999999,88.83333333333333,614.0654761904763,496.375,682.375,13.139285714285714,12.683333333333332,13.845833333333333,807.75
GimJe,Strawberry,1,25,2020-12-22,4,42.3,5.0,11.3,5.1,23.5,17.56,2.0,7,-2.0595238095238098,-4.566666666666666,1.125,115.39285714285714,69.41666666666667,140.08333333333334,12.044047619047618,11.291666666666666,12.833333333333334,85.91369047619048,83.52499999999999,88.83333333333333,614.0654761904763,496.375,682.375,13.139285714285714,12.683333333333332,13.845833333333333,807.75
GimJe,Strawberry,1,25,2020-12-29,1,39.1,5.0,9.0,4.0,26.2,18.65,4.0,7,2.748809523809524,0.5208333333333334,4.3,82.39880952380952,33.708333333333336,128.70833333333334,12.367261904761905,10.754166666666668,14.533333333333333,89.99821428571428,88.3125,93.47916666666667,707.595238095238,648.4583333333334,778.5416666666666,13.341071428571427,11.783333333333333,14.341666666666667,576.7916666666666
GimJe,Strawberry,1,25,2020-12-29,2,40.5,7.0,9.4,4.0,21.8,18.74,2.0,7,2.748809523809524,0.5208333333333334,4.3,82.39880952380952,33.708333333333336,128.70833333333334,12.367261904761905,10.754166666666668,14.533333333333333,89.99821428571428,88.3125,93.47916666666667,707.595238095238,648.4583333333334,778.5416666666666,13.341071428571427,11.783333333333333,14.341666666666667,576.7916666666666
GimJe,Strawberry,1,25,2020-12-29,3,42.3,7.0,8.3,4.0,24.5,19.08,3.0,7,2.748809523809524,0.5208333333333334,4.3,82.39880952380952,33.708333333333336,128.70833333333334,12.367261904761905,10.754166666666668,14.533333333333333,89.99821428571428,88.3125,93.47916666666667,707.595238095238,648.4583333333334,778.5416666666666,13.341071428571427,11.783333333333333,14.341666666666667,576.7916666666666
GimJe,Strawberry,1,25,2021-01-07,1,39.5,6.0,7.7,3.4,20.4,18.66,3.0,7,-2.905357142857143,-5.783333333333334,-1.0166666666666666,110.97619047619048,82.70833333333333,141.83333333333334,11.841071428571428,11.058333333333332,12.870833333333332,86.40833333333333,83.09166666666667,87.78333333333335,648.4404761904763,602.625,751.8333333333334,12.564880952380951,11.816666666666668,13.516666666666666,776.8333333333334
GimJe,Strawberry,1,25,2021-01-07,2,38.9,7.0,6.4,2.8,14.5,18.79,3.0,7,-2.905357142857143,-5.783333333333334,-1.0166666666666666,110.97619047619048,82.70833333333333,141.83333333333334,11.841071428571428,11.058333333333332,12.870833333333332,86.40833333333333,83.09166666666667,87.78333333333335,648.4404761904763,602.625,751.8333333333334,12.564880952380951,11.816666666666668,13.516666666666666,776.8333333333334
GimJe,Strawberry,1,25,2021-01-07,3,43.5,7.0,7.0,3.1,17.9,19.08,1.0,7,-2.905357142857143,-5.783333333333334,-1.0166666666666666,110.97619047619048,82.70833333333333,141.83333333333334,11.841071428571428,11.058333333333332,12.870833333333332,86.40833333333333,83.09166666666667,87.78333333333335,648.4404761904763,602.625,751.8333333333334,12.564880952380951,11.816666666666668,13.516666666666666,776.8333333333334
GimJe,Strawberry,1,25,2021-01-07,4,42.4,7.0,9.1,4.0,22.3,18.39,0.0,7,-2.905357142857143,-5.783333333333334,-1.0166666666666666,110.97619047619048,82.70833333333333,141.83333333333334,11.841071428571428,11.058333333333332,12.870833333333332,86.40833333333333,83.09166666666667,87.78333333333335,648.4404761904763,602.625,751.8333333333334,12.564880952380951,11.816666666666668,13.516666666666666,776.8333333333334
GimJe,Strawberry,1,25,2021-01-13,1,39.5,6.0,7.7,3.4,20.4,18.77,4.0,7,-8.159083850931676,-13.945833333333333,-2.9916666666666667,115.66951345755693,74.875,143.47826086956522,11.284989648033124,9.891666666666667,12.870833333333332,83.83545548654244,80.95652173913044,86.67083333333333,655.4306418219461,594.2083333333334,716.5833333333334,11.970471014492754,10.779166666666667,13.200000000000001,809.6865942028985
GimJe,Strawberry,1,25,2021-01-13,2,38.9,7.0,6.2,2.7,15.0,18.79,4.0,7,-8.159083850931676,-13.945833333333333,-2.9916666666666667,115.66951345755693,74.875,143.47826086956522,11.284989648033124,9.891666666666667,12.870833333333332,83.83545548654244,80.95652173913044,86.67083333333333,655.4306418219461,594.2083333333334,716.5833333333334,11.970471014492754,10.779166666666667,13.200000000000001,809.6865942028985
GimJe,Strawberry,1,25,2021-01-13,3,43.5,8.0,6.1,3.0,15.5,19.08,0.0,7,-8.159083850931676,-13.945833333333333,-2.9916666666666667,115.66951345755693,74.875,143.47826086956522,11.284989648033124,9.891666666666667,12.870833333333332,83.83545548654244,80.95652173913044,86.67083333333333,655.4306418219461,594.2083333333334,716.5833333333334,11.970471014492754,10.779166666666667,13.200000000000001,809.6865942028985
GimJe,Strawberry,1,25,2021-01-13,4,42.4,7.0,9.3,4.0,23.1,18.59,1.0,7,-8.159083850931676,-13.945833333333333,-2.9916666666666667,115.66951345755693,74.875,143.47826086956522,11.284989648033124,9.891666666666667,12.870833333333332,83.83545548654244,80.95652173913044,86.67083333333333,655.4306418219461,594.2083333333334,716.5833333333334,11.970471014492754,10.779166666666667,13.200000000000001,809.6865942028985
GimJe,Strawberry,1,25,2021-01-21,1,39.5,6.0,7.7,3.4,20.4,19.12,11.0,7,0.38750000000000007,-4.083333333333333,6.629166666666666,121.32142857142857,55.791666666666664,157.70833333333334,13.122619047619049,12.054166666666667,14.016666666666666,85.50416666666668,81.80833333333334,91.49583333333334,615.4940476190476,553.8333333333334,678.9166666666666,14.307142857142859,13.4375,15.358333333333334,849.25
GimJe,Strawberry,1,25,2021-01-21,2,38.9,8.0,5.8,2.5,10.3,19.1,4.0,7,0.38750000000000007,-4.083333333333333,6.629166666666666,121.32142857142857,55.791666666666664,157.70833333333334,13.122619047619049,12.054166666666667,14.016666666666666,85.50416666666668,81.80833333333334,91.49583333333334,615.4940476190476,553.8333333333334,678.9166666666666,14.307142857142859,13.4375,15.358333333333334,849.25
GimJe,Strawberry,1,25,2021-01-21,3,43.5,9.0,5.0,2.7,10.4,19.12,1.0,7,0.38750000000000007,-4.083333333333333,6.629166666666666,121.32142857142857,55.791666666666664,157.70833333333334,13.122619047619049,12.054166666666667,14.016666666666666,85.50416666666668,81.80833333333334,91.49583333333334,615.4940476190476,553.8333333333334,678.9166666666666,14.307142857142859,13.4375,15.358333333333334,849.25
GimJe,Strawberry,1,25,2021-01-21,4,42.4,8.0,7.1,3.8,14.1,18.76,5.0,7,0.38750000000000007,-4.083333333333333,6.629166666666666,121.32142857142857,55.791666666666664,157.70833333333334,13.122619047619049,12.054166666666667,14.016666666666666,85.50416666666668,81.80833333333334,91.49583333333334,615.4940476190476,553.8333333333334,678.9166666666666,14.307142857142859,13.4375,15.358333333333334,849.25
GimJe,Strawberry,1,25,2021-01-27,1,39.5,7.0,5.6,3.2,14.0,19.47,12.0,7,6.000595238095237,-0.07916666666666665,8.9375,85.83333333333333,37.666666666666664,154.45833333333334,13.663690476190478,12.741666666666667,14.983333333333334,89.74702380952382,81.80833333333334,96.50833333333333,678.7797619047618,550.4583333333334,846.25,14.482142857142858,13.658333333333333,15.616666666666667,600.8333333333333
GimJe,Strawberry,1,25,2021-01-27,2,38.9,9.0,5.3,4.2,13.4,19.85,4.0,7,6.000595238095237,-0.07916666666666665,8.9375,85.83333333333333,37.666666666666664,154.45833333333334,13.663690476190478,12.741666666666667,14.983333333333334,89.74702380952382,81.80833333333334,96.50833333333333,678.7797619047618,550.4583333333334,846.25,14.482142857142858,13.658333333333333,15.616666666666667,600.8333333333333
GimJe,Strawberry,1,25,2021-01-27,3,43.5,9.0,5.1,4.4,11.0,19.34,4.0,7,6.000595238095237,-0.07916666666666665,8.9375,85.83333333333333,37.666666666666664,154.45833333333334,13.663690476190478,12.741666666666667,14.983333333333334,89.74702380952382,81.80833333333334,96.50833333333333,678.7797619047618,550.4583333333334,846.25,14.482142857142858,13.658333333333333,15.616666666666667,600.8333333333333
GimJe,Strawberry,1,25,2021-01-27,4,42.4,6.0,7.1,3.5,17.9,18.32,9.0,7,6.000595238095237,-0.07916666666666665,8.9375,85.83333333333333,37.666666666666664,154.45833333333334,13.663690476190478,12.741666666666667,14.983333333333334,89.74702380952382,81.80833333333334,96.50833333333333,678.7797619047618,550.4583333333334,846.25,14.482142857142858,13.658333333333333,15.616666666666667,600.8333333333333
GimJe,Strawberry,1,25,2021-02-03,1,39.5,7.0,5.6,2.5,14.5,18.09,11.0,7,1.6261904761904766,-4.716666666666667,8.700000000000001,118.92261904761904,63.541666666666664,176.91666666666666,13.157142857142858,11.15,14.0625,84.81785714285714,77.84583333333333,92.07083333333333,566.0952380952381,525.2916666666666,619.6666666666666,14.094642857142857,12.9625,15.0375,832.4583333333333
GimJe,Strawberry,1,25,2021-02-03,2,38.9,10.0,7.3,3.2,11.8,18.35,4.0,7,1.6261904761904766,-4.716666666666667,8.700000000000001,118.92261904761904,63.541666666666664,176.91666666666666,13.157142857142858,11.15,14.0625,84.81785714285714,77.84583333333333,92.07083333333333,566.0952380952381,525.2916666666666,619.6666666666666,14.094642857142857,12.9625,15.0375,832.4583333333333
GimJe,Strawberry,1,25,2021-02-03,3,43.5,8.0,6.5,2.2,10.1,18.62,9.0,7,1.6261904761904766,-4.716666666666667,8.700000000000001,118.92261904761904,63.541666666666664,176.91666666666666,13.157142857142858,11.15,14.0625,84.81785714285714,77.84583333333333,92.07083333333333,566.0952380952381,525.2916666666666,619.6666666666666,14.094642857142857,12.9625,15.0375,832.4583333333333
GimJe,Strawberry,1,25,2021-02-03,4,42.4,6.0,7.1,3.6,18.0,18.52,9.0,7,1.6261904761904766,-4.716666666666667,8.700000000000001,118.92261904761904,63.541666666666664,176.91666666666666,13.157142857142858,11.15,14.0625,84.81785714285714,77.84583333333333,92.07083333333333,566.0952380952381,525.2916666666666,619.6666666666666,14.094642857142857,12.9625,15.0375,832.4583333333333
GimJe,Strawberry,1,25,2021-02-10,1,39.5,7.0,6.7,2.7,15.2,18.49,6.0,7,1.105952380952381,-1.6916666666666667,5.4750000000000005,149.05357142857142,59.291666666666664,186.20833333333334,13.766071428571431,12.708333333333334,14.512500000000001,82.82797619047619,79.425,90.075,610.0178571428571,544.125,698.5833333333334,14.751785714285715,13.695833333333333,15.299999999999999,1043.375
GimJe,Strawberry,1,25,2021-02-10,2,38.9,10.0,5.0,3.4,14.9,18.43,2.5,7,1.105952380952381,-1.6916666666666667,5.4750000000000005,149.05357142857142,59.291666666666664,186.20833333333334,13.766071428571431,12.708333333333334,14.512500000000001,82.82797619047619,79.425,90.075,610.0178571428571,544.125,698.5833333333334,14.751785714285715,13.695833333333333,15.299999999999999,1043.375
GimJe,Strawberry,1,25,2021-02-10,3,43.5,9.0,6.5,2.6,11.0,18.75,5.5,7,1.105952380952381,-1.6916666666666667,5.4750000000000005,149.05357142857142,59.291666666666664,186.20833333333334,13.766071428571431,12.708333333333334,14.512500000000001,82.82797619047619,79.425,90.075,610.0178571428571,544.125,698.5833333333334,14.751785714285715,13.695833333333333,15.299999999999999,1043.375
GimJe,Strawberry,1,25,2021-02-10,4,42.4,7.0,6.1,3.6,12.6,18.95,5.5,7,1.105952380952381,-1.6916666666666667,5.4750000000000005,149.05357142857142,59.291666666666664,186.20833333333334,13.766071428571431,12.708333333333334,14.512500000000001,82.82797619047619,79.425,90.075,610.0178571428571,544.125,698.5833333333334,14.751785714285715,13.695833333333333,15.299999999999999,1043.375
GimJe,Strawberry,1,25,2021-02-18,1,38.2,6.0,6.6,3.6,14.0,17.93,7.5,7,2.9577380952380956,-5.558333333333334,8.483333333333333,125.89880952380952,53.916666666666664,182.58333333333334,13.352380952380953,11.770833333333334,14.658333333333333,90.60833333333333,87.92916666666667,93.75,605.345238095238,563.4166666666666,638.9166666666666,14.326190476190476,12.954166666666666,15.454166666666666,881.2916666666666
GimJe,Strawberry,1,25,2021-02-18,2,27.1,7.0,5.4,3.6,13.6,18.65,3.3333333333333335,7,2.9577380952380956,-5.558333333333334,8.483333333333333,125.89880952380952,53.916666666666664,182.58333333333334,13.352380952380953,11.770833333333334,14.658333333333333,90.60833333333333,87.92916666666667,93.75,605.345238095238,563.4166666666666,638.9166666666666,14.326190476190476,12.954166666666666,15.454166666666666,881.2916666666666
GimJe,Strawberry,1,25,2021-02-18,3,22.4,4.0,6.5,2.8,11.2,18.98,5.0,7,2.9577380952380956,-5.558333333333334,8.483333333333333,125.89880952380952,53.916666666666664,182.58333333333334,13.352380952380953,11.770833333333334,14.658333333333333,90.60833333333333,87.92916666666667,93.75,605.345238095238,563.4166666666666,638.9166666666666,14.326190476190476,12.954166666666666,15.454166666666666,881.2916666666666
GimJe,Strawberry,1,25,2021-02-18,4,40.2,5.0,6.4,3.4,14.4,18.99,6.0,7,2.9577380952380956,-5.558333333333334,8.483333333333333,125.89880952380952,53.916666666666664,182.58333333333334,13.352380952380953,11.770833333333334,14.658333333333333,90.60833333333333,87.92916666666667,93.75,605.345238095238,563.4166666666666,638.9166666666666,14.326190476190476,12.954166666666666,15.454166666666666,881.2916666666666
GimJe,Strawberry,1,25,2021-02-25,1,38.2,6.0,6.6,3.8,14.2,17.98,7.0,7,5.178571428571428,-3.6374999999999997,14.408333333333333,182.8452380952381,134.625,203.08333333333334,14.071428571428571,12.975,15.733333333333334,88.05238095238096,84.58749999999999,89.575,526.577380952381,478.1666666666667,563.7916666666666,15.101785714285715,14.4125,15.8125,1279.9166666666667
GimJe,Strawberry,1,25,2021-02-25,2,27.2,8.0,8.5,3.7,16.0,18.74,7.0,7,5.178571428571428,-3.6374999999999997,14.408333333333333,182.8452380952381,134.625,203.08333333333334,14.071428571428571,12.975,15.733333333333334,88.05238095238096,84.58749999999999,89.575,526.577380952381,478.1666666666667,563.7916666666666,15.101785714285715,14.4125,15.8125,1279.9166666666667
GimJe,Strawberry,1,25,2021-02-25,3,24.6,6.0,5.6,3.8,13.6,19.02,6.0,7,5.178571428571428,-3.6374999999999997,14.408333333333333,182.8452380952381,134.625,203.08333333333334,14.071428571428571,12.975,15.733333333333334,88.05238095238096,84.58749999999999,89.575,526.577380952381,478.1666666666667,563.7916666666666,15.101785714285715,14.4125,15.8125,1279.9166666666667
GimJe,Strawberry,1,25,2021-02-25,4,40.2,5.0,6.4,3.5,14.6,18.99,5.0,7,5.178571428571428,-3.6374999999999997,14.408333333333333,182.8452380952381,134.625,203.08333333333334,14.071428571428571,12.975,15.733333333333334,88.05238095238096,84.58749999999999,89.575,526.577380952381,478.1666666666667,563.7916666666666,15.101785714285715,14.4125,15.8125,1279.9166666666667
GimJe,Strawberry,1,25,2021-03-05,1,29.5,5.0,6.6,4.1,14.7,18.03,4.5,7,7.473809523809523,3.858333333333333,11.450000000000001,115.22619047619048,24.541666666666668,216.66666666666666,13.439880952380951,12.504166666666668,15.316666666666668,91.78869047619048,85.58333333333333,97.7375,528.3928571428572,489.5,562.7916666666666,14.071428571428571,13.375,14.645833333333334,806.5833333333334
GimJe,Strawberry,1,25,2021-03-05,2,30.4,9.0,8.1,3.8,19.6,18.79,4.0,7,7.473809523809523,3.858333333333333,11.450000000000001,115.22619047619048,24.541666666666668,216.66666666666666,13.439880952380951,12.504166666666668,15.316666666666668,91.78869047619048,85.58333333333333,97.7375,528.3928571428572,489.5,562.7916666666666,14.071428571428571,13.375,14.645833333333334,806.5833333333334
GimJe,Strawberry,1,25,2021-03-05,3,25.7,9.0,5.6,2.9,17.8,19.04,5.5,7,7.473809523809523,3.858333333333333,11.450000000000001,115.22619047619048,24.541666666666668,216.66666666666666,13.439880952380951,12.504166666666668,15.316666666666668,91.78869047619048,85.58333333333333,97.7375,528.3928571428572,489.5,562.7916666666666,14.071428571428571,13.375,14.645833333333334,806.5833333333334
GimJe,Strawberry,1,25,2021-03-05,4,28.0,5.0,6.4,4.0,14.8,18.87,2.0,7,7.473809523809523,3.858333333333333,11.450000000000001,115.22619047619048,24.541666666666668,216.66666666666666,13.439880952380951,12.504166666666668,15.316666666666668,91.78869047619048,85.58333333333333,97.7375,528.3928571428572,489.5,562.7916666666666,14.071428571428571,13.375,14.645833333333334,806.5833333333334
GimJe,Strawberry,1,25,2021-03-11,1,30.1,6.0,7.7,3.2,16.4,18.06,2.6666666666666665,7,6.652380952380953,5.4750000000000005,7.604166666666667,158.61904761904762,67.45833333333333,232.33333333333334,14.6,12.520833333333334,15.341666666666667,86.3047619047619,70.54166666666667,94.36666666666667,543.9107142857143,524.125,564.6666666666666,15.961309523809524,13.908333333333333,17.025000000000002,1110.3333333333333
GimJe,Strawberry,1,25,2021-03-11,2,31.5,11.0,6.1,2.6,19.4,18.68,3.6666666666666665,7,6.652380952380953,5.4750000000000005,7.604166666666667,158.61904761904762,67.45833333333333,232.33333333333334,14.6,12.520833333333334,15.341666666666667,86.3047619047619,70.54166666666667,94.36666666666667,543.9107142857143,524.125,564.6666666666666,15.961309523809524,13.908333333333333,17.025000000000002,1110.3333333333333
GimJe,Strawberry,1,25,2021-03-11,3,30.1,10.0,6.1,3.2,19.0,19.23,4.0,7,6.652380952380953,5.4750000000000005,7.604166666666667,158.61904761904762,67.45833333333333,232.33333333333334,14.6,12.520833333333334,15.341666666666667,86.3047619047619,70.54166666666667,94.36666666666667,543.9107142857143,524.125,564.6666666666666,15.961309523809524,13.908333333333333,17.025000000000002,1110.3333333333333
GimJe,Strawberry,1,25,2021-03-11,4,28.1,5.0,6.3,4.0,15.1,18.72,3.0,7,6.652380952380953,5.4750000000000005,7.604166666666667,158.61904761904762,67.45833333333333,232.33333333333334,14.6,12.520833333333334,15.341666666666667,86.3047619047619,70.54166666666667,94.36666666666667,543.9107142857143,524.125,564.6666666666666,15.961309523809524,13.908333333333333,17.025000000000002,1110.3333333333333
GimJe,Strawberry,1,25,2021-03-18,1,32.4,6.0,7.3,3.5,21.8,17.52,2.5,7,8.091666666666667,5.5625,9.866666666666667,194.30952380952382,67.125,241.5,14.8875,13.35,16.537499999999998,76.5077380952381,72.91666666666667,86.9875,516.9821428571429,460.0833333333333,541.8333333333334,16.633928571428573,15.241666666666667,18.004166666666666,1360.1666666666667
GimJe,Strawberry,1,25,2021-03-18,2,35.9,11.0,6.9,3.2,18.0,18.07,3.5,7,8.091666666666667,5.5625,9.866666666666667,194.30952380952382,67.125,241.5,14.8875,13.35,16.537499999999998,76.5077380952381,72.91666666666667,86.9875,516.9821428571429,460.0833333333333,541.8333333333334,16.633928571428573,15.241666666666667,18.004166666666666,1360.1666666666667
GimJe,Strawberry,1,25,2021-03-18,3,33.4,10.0,6.6,3.2,18.0,18.5,2.5,7,8.091666666666667,5.5625,9.866666666666667,194.30952380952382,67.125,241.5,14.8875,13.35,16.537499999999998,76.5077380952381,72.91666666666667,86.9875,516.9821428571429,460.0833333333333,541.8333333333334,16.633928571428573,15.241666666666667,18.004166666666666,1360.1666666666667
GimJe,Strawberry,1,25,2021-03-18,4,28.5,7.0,6.3,3.3,18.0,18.75,1.5,7,8.091666666666667,5.5625,9.866666666666667,194.30952380952382,67.125,241.5,14.8875,13.35,16.537499999999998,76.5077380952381,72.91666666666667,86.9875,516.9821428571429,460.0833333333333,541.8333333333334,16.633928571428573,15.241666666666667,18.004166666666666,1360.1666666666667
GimJe,Strawberry,1,25,2021-03-25,1,33.2,6.0,7.4,3.4,22.8,17.51,3.0,7,8.489285714285716,6.066666666666666,11.104166666666666,205.11309523809524,29.791666666666668,277.0,14.349404761904761,12.862499999999999,15.8375,75.68869047619047,69.18333333333334,91.12916666666666,517.4761904761905,482.2083333333333,614.5,16.151190476190475,14.6875,17.570833333333333,1435.7916666666667
GimJe,Strawberry,1,25,2021-03-25,2,37.0,12.0,7.0,2.9,23.3,18.0,2.5,7,8.489285714285716,6.066666666666666,11.104166666666666,205.11309523809524,29.791666666666668,277.0,14.349404761904761,12.862499999999999,15.8375,75.68869047619047,69.18333333333334,91.12916666666666,517.4761904761905,482.2083333333333,614.5,16.151190476190475,14.6875,17.570833333333333,1435.7916666666667
GimJe,Strawberry,1,25,2021-03-25,3,34.2,11.0,6.3,2.7,18.4,18.26,1.5,7,8.489285714285716,6.066666666666666,11.104166666666666,205.11309523809524,29.791666666666668,277.0,14.349404761904761,12.862499999999999,15.8375,75.68869047619047,69.18333333333334,91.12916666666666,517.4761904761905,482.2083333333333,614.5,16.151190476190475,14.6875,17.570833333333333,1435.7916666666667
GimJe,Strawberry,1,25,2021-03-25,4,32.2,7.0,6.6,2.7,21.4,18.67,1.5,7,8.489285714285716,6.066666666666666,11.104166666666666,205.11309523809524,29.791666666666668,277.0,14.349404761904761,12.862499999999999,15.8375,75.68869047619047,69.18333333333334,91.12916666666666,517.4761904761905,482.2083333333333,614.5,16.151190476190475,14.6875,17.570833333333333,1435.7916666666667
GimJe,Strawberry,1,25,2021-04-01,1,36.7,7.0,6.8,2.5,21.2,17.72,3.0,7,11.06547619047619,9.841666666666667,13.166666666666666,184.9345238095238,46.416666666666664,277.0833333333333,14.669642857142858,12.995833333333332,15.895833333333334,77.81964285714285,68.2125,89.30416666666667,496.0714285714286,468.0,538.0833333333334,15.828571428571427,14.791666666666666,16.804166666666667,1294.5416666666665
GimJe,Strawberry,1,25,2021-04-01,2,36.7,11.0,8.5,3.5,26.0,18.17,1.5,7,11.06547619047619,9.841666666666667,13.166666666666666,184.9345238095238,46.416666666666664,277.0833333333333,14.669642857142858,12.995833333333332,15.895833333333334,77.81964285714285,68.2125,89.30416666666667,496.0714285714286,468.0,538.0833333333334,15.828571428571427,14.791666666666666,16.804166666666667,1294.5416666666665
GimJe,Strawberry,1,25,2021-04-01,3,38.1,11.0,6.4,2.9,28.3,18.43,1.0,7,11.06547619047619,9.841666666666667,13.166666666666666,184.9345238095238,46.416666666666664,277.0833333333333,14.669642857142858,12.995833333333332,15.895833333333334,77.81964285714285,68.2125,89.30416666666667,496.0714285714286,468.0,538.0833333333334,15.828571428571427,14.791666666666666,16.804166666666667,1294.5416666666665
GimJe,Strawberry,1,25,2021-04-01,4,38.6,7.0,8.7,3.6,27.0,18.71,0.5,7,11.06547619047619,9.841666666666667,13.166666666666666,184.9345238095238,46.416666666666664,277.0833333333333,14.669642857142858,12.995833333333332,15.895833333333334,77.81964285714285,68.2125,89.30416666666667,496.0714285714286,468.0,538.0833333333334,15.828571428571427,14.791666666666666,16.804166666666667,1294.5416666666665
GimJe,Strawberry,1,25,2021-04-09,1,38.0,5.0,8.5,2.8,26.0,17.57,1.6666666666666667,7,12.678312629399585,10.156521739130435,18.670833333333334,206.6972049689441,38.208333333333336,310.1304347826087,15.02008281573499,13.395833333333334,19.008333333333333,73.06040372670807,54.62083333333334,89.4375,475.54736024844715,449.625,500.4166666666667,15.902820910973082,14.904166666666667,17.729166666666668,1446.8804347826087
GimJe,Strawberry,1,25,2021-04-09,2,41.2,9.0,9.1,3.3,26.5,18.74,1.0,7,12.678312629399585,10.156521739130435,18.670833333333334,206.6972049689441,38.208333333333336,310.1304347826087,15.02008281573499,13.395833333333334,19.008333333333333,73.06040372670807,54.62083333333334,89.4375,475.54736024844715,449.625,500.4166666666667,15.902820910973082,14.904166666666667,17.729166666666668,1446.8804347826087
GimJe,Strawberry,1,25,2021-04-09,3,43.8,11.0,6.3,1.8,27.4,18.65,1.0,7,12.678312629399585,10.156521739130435,18.670833333333334,206.6972049689441,38.208333333333336,310.1304347826087,15.02008281573499,13.395833333333334,19.008333333333333,73.06040372670807,54.62083333333334,89.4375,475.54736024844715,449.625,500.4166666666667,15.902820910973082,14.904166666666667,17.729166666666668,1446.8804347826087
GimJe,Strawberry,1,25,2021-04-09,4,42.5,8.0,7.2,2.1,21.6,17.7,1.0,7,12.678312629399585,10.156521739130435,18.670833333333334,206.6972049689441,38.208333333333336,310.1304347826087,15.02008281573499,13.395833333333334,19.008333333333333,73.06040372670807,54.62083333333334,89.4375,475.54736024844715,449.625,500.4166666666667,15.902820910973082,14.904166666666667,17.729166666666668,1446.8804347826087
GimJe,Strawberry,1,25,2021-04-15,1,38.5,6.0,8.5,3.4,24.2,17.57,1.5,7,11.01115424430642,7.773913043478261,13.716666666666667,249.694099378882,44.541666666666664,328.60869565217394,14.048291925465838,13.01304347826087,15.504166666666668,88.13219461697723,70.09166666666667,99.52083333333333,489.01889233954455,459.75,510.7916666666667,15.525698757763973,14.779166666666667,16.391666666666666,1747.858695652174
GimJe,Strawberry,1,25,2021-04-15,2,42.0,9.0,7.6,3.3,29.7,18.62,2.0,7,11.01115424430642,7.773913043478261,13.716666666666667,249.694099378882,44.541666666666664,328.60869565217394,14.048291925465838,13.01304347826087,15.504166666666668,88.13219461697723,70.09166666666667,99.52083333333333,489.01889233954455,459.75,510.7916666666667,15.525698757763973,14.779166666666667,16.391666666666666,1747.858695652174
GimJe,Strawberry,1,25,2021-04-15,3,45.4,10.0,8.0,3.2,28.6,19.01,4.0,7,11.01115424430642,7.773913043478261,13.716666666666667,249.694099378882,44.541666666666664,328.60869565217394,14.048291925465838,13.01304347826087,15.504166666666668,88.13219461697723,70.09166666666667,99.52083333333333,489.01889233954455,459.75,510.7916666666667,15.525698757763973,14.779166666666667,16.391666666666666,1747.858695652174
GimJe,Strawberry,1,25,2021-04-15,4,45.8,8.0,8.5,3.3,26.5,17.75,1.3333333333333333,7,11.01115424430642,7.773913043478261,13.716666666666667,249.694099378882,44.541666666666664,328.60869565217394,14.048291925465838,13.01304347826087,15.504166666666668,88.13219461697723,70.09166666666667,99.52083333333333,489.01889233954455,459.75,510.7916666666667,15.525698757763973,14.779166666666667,16.391666666666666,1747.858695652174
HwaSun,Strawberry,1,31,2020-11-04,1,31.0,8.0,13.0,11.5,15.5,16.4,1.0,7,9.061738095238095,6.029166666666666,11.9,129.315,29.041666666666668,190.20833333333334,15.381404761904761,14.020833333333334,17.358333333333334,77.18588095238094,70.82916666666667,89.64583333333333,504.63261904761913,488.72,525.4583333333334,15.550142857142859,14.424999999999999,17.245833333333334,905.205
HwaSun,Strawberry,1,31,2020-11-04,2,33.5,7.0,12.5,11.0,15.0,14.7,1.0,7,9.061738095238095,6.029166666666666,11.9,129.315,29.041666666666668,190.20833333333334,15.381404761904761,14.020833333333334,17.358333333333334,77.18588095238094,70.82916666666667,89.64583333333333,504.63261904761913,488.72,525.4583333333334,15.550142857142859,14.424999999999999,17.245833333333334,905.205
HwaSun,Strawberry,1,31,2020-11-04,4,35.0,10.0,13.5,10.5,15.0,15.0,2.0,7,9.061738095238095,6.029166666666666,11.9,129.315,29.041666666666668,190.20833333333334,15.381404761904761,14.020833333333334,17.358333333333334,77.18588095238094,70.82916666666667,89.64583333333333,504.63261904761913,488.72,525.4583333333334,15.550142857142859,14.424999999999999,17.245833333333334,905.205
HwaSun,Strawberry,1,31,2020-11-10,1,34.5,8.0,13.5,10.0,17.5,16.5,5.0,7,6.91547619047619,4.116666666666666,10.833333333333334,122.32738095238095,25.25,173.5,14.645238095238096,13.495833333333332,16.733333333333334,76.15714285714286,69.86666666666666,86.92916666666667,506.5238095238096,481.2083333333333,518.5833333333334,13.532142857142858,11.670833333333334,16.583333333333332,856.2916666666666
HwaSun,Strawberry,1,31,2020-11-10,2,34.0,8.0,12.5,10.5,18.0,14.9,3.0,7,6.91547619047619,4.116666666666666,10.833333333333334,122.32738095238095,25.25,173.5,14.645238095238096,13.495833333333332,16.733333333333334,76.15714285714286,69.86666666666666,86.92916666666667,506.5238095238096,481.2083333333333,518.5833333333334,13.532142857142858,11.670833333333334,16.583333333333332,856.2916666666666
HwaSun,Strawberry,1,31,2020-11-10,3,33.0,8.0,14.5,12.0,15.0,15.7,1.0,7,6.91547619047619,4.116666666666666,10.833333333333334,122.32738095238095,25.25,173.5,14.645238095238096,13.495833333333332,16.733333333333334,76.15714285714286,69.86666666666666,86.92916666666667,506.5238095238096,481.2083333333333,518.5833333333334,13.532142857142858,11.670833333333334,16.583333333333332,856.2916666666666
HwaSun,Strawberry,1,31,2020-11-10,4,36.0,10.0,13.0,9.5,20.5,15.2,5.0,7,6.91547619047619,4.116666666666666,10.833333333333334,122.32738095238095,25.25,173.5,14.645238095238096,13.495833333333332,16.733333333333334,76.15714285714286,69.86666666666666,86.92916666666667,506.5238095238096,481.2083333333333,518.5833333333334,13.532142857142858,11.670833333333334,16.583333333333332,856.2916666666666
HwaSun,Strawberry,1,31,2020-11-16,1,36.0,6.0,12.0,10.5,20.0,16.7,7.0,7,6.7821428571428575,5.4375,9.275,150.30357142857142,133.20833333333334,163.625,14.525,13.495833333333332,15.237499999999999,75.25357142857142,69.86666666666666,78.72500000000001,523.577380952381,481.2083333333333,557.25,13.033333333333333,11.670833333333334,14.416666666666666,1052.125
HwaSun,Strawberry,1,31,2020-11-16,2,37.0,8.0,12.5,11.0,23.0,15.1,6.0,7,6.7821428571428575,5.4375,9.275,150.30357142857142,133.20833333333334,163.625,14.525,13.495833333333332,15.237499999999999,75.25357142857142,69.86666666666666,78.72500000000001,523.577380952381,481.2083333333333,557.25,13.033333333333333,11.670833333333334,14.416666666666666,1052.125
HwaSun,Strawberry,1,31,2020-11-16,3,33.0,6.0,11.5,9.8,19.0,15.9,4.0,7,6.7821428571428575,5.4375,9.275,150.30357142857142,133.20833333333334,163.625,14.525,13.495833333333332,15.237499999999999,75.25357142857142,69.86666666666666,78.72500000000001,523.577380952381,481.2083333333333,557.25,13.033333333333333,11.670833333333334,14.416666666666666,1052.125
HwaSun,Strawberry,1,31,2020-11-16,4,37.0,8.0,13.5,10.0,22.0,15.4,7.0,7,6.7821428571428575,5.4375,9.275,150.30357142857142,133.20833333333334,163.625,14.525,13.495833333333332,15.237499999999999,75.25357142857142,69.86666666666666,78.72500000000001,523.577380952381,481.2083333333333,557.25,13.033333333333333,11.670833333333334,14.416666666666666,1052.125
HwaSun,Strawberry,1,31,2020-11-25,1,37.0,7.0,12.5,11.0,22.5,16.9,10.0,7,9.676785714285714,4.470833333333333,17.395833333333332,70.39880952380953,14.75,146.25,14.958928571428572,11.583333333333334,19.537499999999998,83.89047619047619,73.78333333333333,93.62083333333334,456.74999999999994,440.9166666666667,489.75,15.045833333333333,12.487499999999999,19.020833333333332,492.7916666666667
HwaSun,Strawberry,1,31,2020-11-25,2,40.0,8.0,13.5,11.5,25.5,15.3,9.0,7,9.676785714285714,4.470833333333333,17.395833333333332,70.39880952380953,14.75,146.25,14.958928571428572,11.583333333333334,19.537499999999998,83.89047619047619,73.78333333333333,93.62083333333334,456.74999999999994,440.9166666666667,489.75,15.045833333333333,12.487499999999999,19.020833333333332,492.7916666666667
HwaSun,Strawberry,1,31,2020-11-25,3,34.0,7.0,10.5,8.5,20.0,16.1,9.0,7,9.676785714285714,4.470833333333333,17.395833333333332,70.39880952380953,14.75,146.25,14.958928571428572,11.583333333333334,19.537499999999998,83.89047619047619,73.78333333333333,93.62083333333334,456.74999999999994,440.9166666666667,489.75,15.045833333333333,12.487499999999999,19.020833333333332,492.7916666666667
HwaSun,Strawberry,1,31,2020-11-25,4,38.5,8.0,13.5,10.0,23.0,15.6,10.0,7,9.676785714285714,4.470833333333333,17.395833333333332,70.39880952380953,14.75,146.25,14.958928571428572,11.583333333333334,19.537499999999998,83.89047619047619,73.78333333333333,93.62083333333334,456.74999999999994,440.9166666666667,489.75,15.045833333333333,12.487499999999999,19.020833333333332,492.7916666666667
HwaSun,Strawberry,1,31,2020-12-03,1,37.5,8.0,12.0,9.0,18.0,16.9,9.0,7,3.058928571428571,0.27916666666666673,6.366666666666667,100.3690476190476,67.95833333333333,132.95833333333334,12.661904761904761,11.420833333333333,14.0,83.63690476190477,80.07916666666667,88.03333333333335,488.2797619047619,458.5416666666667,531.8333333333334,11.653571428571428,10.875,12.975,702.5833333333333
HwaSun,Strawberry,1,31,2020-12-03,2,41.0,9.0,13.5,11.5,23.0,15.9,9.0,7,3.058928571428571,0.27916666666666673,6.366666666666667,100.3690476190476,67.95833333333333,132.95833333333334,12.661904761904761,11.420833333333333,14.0,83.63690476190477,80.07916666666667,88.03333333333335,488.2797619047619,458.5416666666667,531.8333333333334,11.653571428571428,10.875,12.975,702.5833333333333
HwaSun,Strawberry,1,31,2020-12-03,3,37.5,8.0,12.5,11.0,21.5,16.1,9.0,7,3.058928571428571,0.27916666666666673,6.366666666666667,100.3690476190476,67.95833333333333,132.95833333333334,12.661904761904761,11.420833333333333,14.0,83.63690476190477,80.07916666666667,88.03333333333335,488.2797619047619,458.5416666666667,531.8333333333334,11.653571428571428,10.875,12.975,702.5833333333333
HwaSun,Strawberry,1,31,2020-12-03,4,38.5,8.0,14.0,10.0,23.5,15.7,10.0,7,3.058928571428571,0.27916666666666673,6.366666666666667,100.3690476190476,67.95833333333333,132.95833333333334,12.661904761904761,11.420833333333333,14.0,83.63690476190477,80.07916666666667,88.03333333333335,488.2797619047619,458.5416666666667,531.8333333333334,11.653571428571428,10.875,12.975,702.5833333333333
HwaSun,Strawberry,1,31,2020-12-08,1,37.5,8.0,12.0,9.0,19.0,17.0,9.0,7,0.7607142857142856,0.05416666666666667,1.5625,114.32142857142858,67.25,132.95833333333334,13.385714285714284,12.645833333333334,14.170833333333334,81.34166666666667,80.07916666666667,84.81666666666666,504.4047619047619,478.9166666666667,551.0,11.542261904761904,10.674999999999999,12.054166666666667,800.2500000000001
HwaSun,Strawberry,1,31,2020-12-08,2,41.0,9.0,14.5,9.5,22.0,16.8,8.0,7,0.7607142857142856,0.05416666666666667,1.5625,114.32142857142858,67.25,132.95833333333334,13.385714285714284,12.645833333333334,14.170833333333334,81.34166666666667,80.07916666666667,84.81666666666666,504.4047619047619,478.9166666666667,551.0,11.542261904761904,10.674999999999999,12.054166666666667,800.2500000000001
HwaSun,Strawberry,1,31,2020-12-08,3,38.5,9.0,13.0,9.0,21.0,15.4,9.0,7,0.7607142857142856,0.05416666666666667,1.5625,114.32142857142858,67.25,132.95833333333334,13.385714285714284,12.645833333333334,14.170833333333334,81.34166666666667,80.07916666666667,84.81666666666666,504.4047619047619,478.9166666666667,551.0,11.542261904761904,10.674999999999999,12.054166666666667,800.2500000000001
HwaSun,Strawberry,1,31,2020-12-08,4,39.0,8.0,12.0,10.0,25.0,15.8,9.0,7,0.7607142857142856,0.05416666666666667,1.5625,114.32142857142858,67.25,132.95833333333334,13.385714285714284,12.645833333333334,14.170833333333334,81.34166666666667,80.07916666666667,84.81666666666666,504.4047619047619,478.9166666666667,551.0,11.542261904761904,10.674999999999999,12.054166666666667,800.2500000000001
HwaSun,Strawberry,1,31,2020-12-17,1,38.0,8.0,13.0,9.0,18.0,17.1,8.0,7,-0.23630952380952433,-5.345833333333334,3.4166666666666665,100.5952380952381,59.458333333333336,134.5,12.25357142857143,11.325000000000001,13.070833333333333,83.4952380952381,78.85416666666667,88.33749999999999,586.8809523809523,554.25,625.5,10.55595238095238,8.887500000000001,12.391666666666666,704.1666666666667
HwaSun,Strawberry,1,31,2020-12-17,2,41.5,11.0,13.0,8.5,24.0,17.2,4.0,7,-0.23630952380952433,-5.345833333333334,3.4166666666666665,100.5952380952381,59.458333333333336,134.5,12.25357142857143,11.325000000000001,13.070833333333333,83.4952380952381,78.85416666666667,88.33749999999999,586.8809523809523,554.25,625.5,10.55595238095238,8.887500000000001,12.391666666666666,704.1666666666667
HwaSun,Strawberry,1,31,2020-12-17,3,39.0,9.0,13.0,9.5,24.0,15.5,9.0,7,-0.23630952380952433,-5.345833333333334,3.4166666666666665,100.5952380952381,59.458333333333336,134.5,12.25357142857143,11.325000000000001,13.070833333333333,83.4952380952381,78.85416666666667,88.33749999999999,586.8809523809523,554.25,625.5,10.55595238095238,8.887500000000001,12.391666666666666,704.1666666666667
HwaSun,Strawberry,1,31,2020-12-17,4,39.0,10.0,11.5,8.5,21.5,15.8,8.0,7,-0.23630952380952433,-5.345833333333334,3.4166666666666665,100.5952380952381,59.458333333333336,134.5,12.25357142857143,11.325000000000001,13.070833333333333,83.4952380952381,78.85416666666667,88.33749999999999,586.8809523809523,554.25,625.5,10.55595238095238,8.887500000000001,12.391666666666666,704.1666666666667
HwaSun,Strawberry,1,31,2021-01-08,1,37.2,7.0,12.4,9.0,18.0,17.29,4.0,7,-3.4266666666666667,-7.82,-1.4291666666666665,108.70119047619049,77.125,127.45,12.125952380952382,10.440000000000001,13.233333333333334,86.38321428571427,84.52083333333333,89.32916666666667,620.6761904761904,580.9,649.2916666666666,9.234642857142857,7.455,10.366666666666667,760.9083333333334
HwaSun,Strawberry,1,31,2021-01-08,2,41.1,9.0,13.1,8.6,22.4,18.34,5.0,7,-3.4266666666666667,-7.82,-1.4291666666666665,108.70119047619049,77.125,127.45,12.125952380952382,10.440000000000001,13.233333333333334,86.38321428571427,84.52083333333333,89.32916666666667,620.6761904761904,580.9,649.2916666666666,9.234642857142857,7.455,10.366666666666667,760.9083333333334
HwaSun,Strawberry,1,31,2021-01-08,3,41.5,8.0,12.8,9.0,18.5,19.52,3.5,7,-3.4266666666666667,-7.82,-1.4291666666666665,108.70119047619049,77.125,127.45,12.125952380952382,10.440000000000001,13.233333333333334,86.38321428571427,84.52083333333333,89.32916666666667,620.6761904761904,580.9,649.2916666666666,9.234642857142857,7.455,10.366666666666667,760.9083333333334
HwaSun,Strawberry,1,31,2021-01-08,4,39.1,8.0,11.1,8.0,21.2,19.78,5.0,7,-3.4266666666666667,-7.82,-1.4291666666666665,108.70119047619049,77.125,127.45,12.125952380952382,10.440000000000001,13.233333333333334,86.38321428571427,84.52083333333333,89.32916666666667,620.6761904761904,580.9,649.2916666666666,9.234642857142857,7.455,10.366666666666667,760.9083333333334
HwaSun,Strawberry,1,31,2021-01-13,1,38.1,7.0,9.0,6.4,17.0,16.66,3.5,7,-7.196926010678871,-12.47,-3.6125000000000003,121.25652173913045,58.208333333333336,178.0,11.93121826304893,10.440000000000001,13.34736842105263,84.02787539500926,80.71052631578948,87.8,653.2702680614581,580.9,717.4583333333334,8.794818295739347,7.2299999999999995,10.657894736842104,848.7956521739131
HwaSun,Strawberry,1,31,2021-01-13,2,40.8,9.0,8.1,6.0,19.2,16.8,5.0,7,-7.196926010678871,-12.47,-3.6125000000000003,121.25652173913045,58.208333333333336,178.0,11.93121826304893,10.440000000000001,13.34736842105263,84.02787539500926,80.71052631578948,87.8,653.2702680614581,580.9,717.4583333333334,8.794818295739347,7.2299999999999995,10.657894736842104,848.7956521739131
HwaSun,Strawberry,1,31,2021-01-13,3,39.1,8.0,7.9,6.1,16.8,19.34,3.5,7,-7.196926010678871,-12.47,-3.6125000000000003,121.25652173913045,58.208333333333336,178.0,11.93121826304893,10.440000000000001,13.34736842105263,84.02787539500926,80.71052631578948,87.8,653.2702680614581,580.9,717.4583333333334,8.794818295739347,7.2299999999999995,10.657894736842104,848.7956521739131
HwaSun,Strawberry,1,31,2021-01-13,4,39.2,8.0,11.2,8.1,20.8,17.52,4.5,7,-7.196926010678871,-12.47,-3.6125000000000003,121.25652173913045,58.208333333333336,178.0,11.93121826304893,10.440000000000001,13.34736842105263,84.02787539500926,80.71052631578948,87.8,653.2702680614581,580.9,717.4583333333334,8.794818295739347,7.2299999999999995,10.657894736842104,848.7956521739131
HwaSun,Strawberry,1,31,2021-01-21,1,38.5,10.0,8.7,6.4,16.8,18.02,3.0,7,-0.2190476190476193,-3.516666666666667,5.2749999999999995,109.51190476190477,63.166666666666664,153.625,13.229761904761903,11.945833333333333,14.325000000000001,84.06190476190476,78.64166666666667,87.59166666666665,621.672619047619,583.625,653.3333333333334,10.657738095238097,8.887500000000001,12.466666666666667,766.5833333333334
HwaSun,Strawberry,1,31,2021-01-21,2,41.1,11.0,8.2,6.0,18.2,18.22,8.0,7,-0.2190476190476193,-3.516666666666667,5.2749999999999995,109.51190476190477,63.166666666666664,153.625,13.229761904761903,11.945833333333333,14.325000000000001,84.06190476190476,78.64166666666667,87.59166666666665,621.672619047619,583.625,653.3333333333334,10.657738095238097,8.887500000000001,12.466666666666667,766.5833333333334
HwaSun,Strawberry,1,31,2021-01-21,3,39.2,8.0,8.1,6.2,16.5,20.89,7.0,7,-0.2190476190476193,-3.516666666666667,5.2749999999999995,109.51190476190477,63.166666666666664,153.625,13.229761904761903,11.945833333333333,14.325000000000001,84.06190476190476,78.64166666666667,87.59166666666665,621.672619047619,583.625,653.3333333333334,10.657738095238097,8.887500000000001,12.466666666666667,766.5833333333334
HwaSun,Strawberry,1,31,2021-01-21,4,39.2,8.0,6.8,5.7,17.8,19.2,7.0,7,-0.2190476190476193,-3.516666666666667,5.2749999999999995,109.51190476190477,63.166666666666664,153.625,13.229761904761903,11.945833333333333,14.325000000000001,84.06190476190476,78.64166666666667,87.59166666666665,621.672619047619,583.625,653.3333333333334,10.657738095238097,8.887500000000001,12.466666666666667,766.5833333333334
HwaSun,Strawberry,1,31,2021-01-28,1,38.0,9.0,9.0,6.3,17.1,18.93,5.0,7,5.69642857142857,3.4916666666666667,7.491666666666667,79.57738095238095,26.166666666666668,153.91666666666666,13.64404761904762,12.445833333333333,15.083333333333334,88.39702380952382,78.89166666666667,94.95416666666667,641.9583333333333,601.8333333333334,698.0833333333334,12.224404761904761,10.529166666666667,14.108333333333334,557.0416666666666
HwaSun,Strawberry,1,31,2021-01-28,2,41.2,9.0,8.1,5.9,19.7,19.02,8.0,7,5.69642857142857,3.4916666666666667,7.491666666666667,79.57738095238095,26.166666666666668,153.91666666666666,13.64404761904762,12.445833333333333,15.083333333333334,88.39702380952382,78.89166666666667,94.95416666666667,641.9583333333333,601.8333333333334,698.0833333333334,12.224404761904761,10.529166666666667,14.108333333333334,557.0416666666666
HwaSun,Strawberry,1,31,2021-01-28,3,38.5,9.0,8.1,5.8,16.7,20.51,7.0,7,5.69642857142857,3.4916666666666667,7.491666666666667,79.57738095238095,26.166666666666668,153.91666666666666,13.64404761904762,12.445833333333333,15.083333333333334,88.39702380952382,78.89166666666667,94.95416666666667,641.9583333333333,601.8333333333334,698.0833333333334,12.224404761904761,10.529166666666667,14.108333333333334,557.0416666666666
HwaSun,Strawberry,1,31,2021-01-28,4,39.2,9.0,6.7,5.6,17.5,16.22,7.0,7,5.69642857142857,3.4916666666666667,7.491666666666667,79.57738095238095,26.166666666666668,153.91666666666666,13.64404761904762,12.445833333333333,15.083333333333334,88.39702380952382,78.89166666666667,94.95416666666667,641.9583333333333,601.8333333333334,698.0833333333334,12.224404761904761,10.529166666666667,14.108333333333334,557.0416666666666
HwaSun,Strawberry,1,31,2021-02-04,1,38.5,9.0,9.0,6.4,17.2,17.0,4.0,7,-0.12697619047619038,-4.733333333333333,7.032,120.27119047619047,36.44,175.41666666666666,13.296738095238094,11.054166666666667,15.275,83.37290476190478,77.94583333333334,92.95200000000001,622.6719047619047,579.1666666666666,656.5,10.882499999999999,8.508333333333335,12.679166666666667,841.8983333333333
HwaSun,Strawberry,1,31,2021-02-04,2,41.8,9.0,8.3,6.2,19.2,17.88,4.0,7,-0.12697619047619038,-4.733333333333333,7.032,120.27119047619047,36.44,175.41666666666666,13.296738095238094,11.054166666666667,15.275,83.37290476190478,77.94583333333334,92.95200000000001,622.6719047619047,579.1666666666666,656.5,10.882499999999999,8.508333333333335,12.679166666666667,841.8983333333333
HwaSun,Strawberry,1,31,2021-02-04,3,39.2,8.0,8.2,6.1,16.1,18.91,7.0,7,-0.12697619047619038,-4.733333333333333,7.032,120.27119047619047,36.44,175.41666666666666,13.296738095238094,11.054166666666667,15.275,83.37290476190478,77.94583333333334,92.95200000000001,622.6719047619047,579.1666666666666,656.5,10.882499999999999,8.508333333333335,12.679166666666667,841.8983333333333
HwaSun,Strawberry,1,31,2021-02-04,4,39.5,7.0,6.6,5.7,18.8,15.31,6.0,7,-0.12697619047619038,-4.733333333333333,7.032,120.27119047619047,36.44,175.41666666666666,13.296738095238094,11.054166666666667,15.275,83.37290476190478,77.94583333333334,92.95200000000001,622.6719047619047,579.1666666666666,656.5,10.882499999999999,8.508333333333335,12.679166666666667,841.8983333333333
HwaSun,Strawberry,1,31,2021-02-10,1,38.6,9.0,6.2,4.3,9.0,17.53,4.0,7,0.2898809523809524,-2.4041666666666663,5.583333333333333,151.25,66.5,186.58333333333334,14.486904761904762,13.1875,15.841666666666667,81.70059523809525,77.94583333333334,87.73333333333333,611.9107142857143,590.2916666666666,633.0833333333334,11.847619047619046,10.479166666666666,14.283333333333333,1058.75
HwaSun,Strawberry,1,31,2021-02-10,2,40.2,10.0,6.0,5.1,11.0,17.6,4.5,7,0.2898809523809524,-2.4041666666666663,5.583333333333333,151.25,66.5,186.58333333333334,14.486904761904762,13.1875,15.841666666666667,81.70059523809525,77.94583333333334,87.73333333333333,611.9107142857143,590.2916666666666,633.0833333333334,11.847619047619046,10.479166666666666,14.283333333333333,1058.75
HwaSun,Strawberry,1,31,2021-02-10,3,39.2,10.0,8.2,6.0,16.4,18.6,7.0,7,0.2898809523809524,-2.4041666666666663,5.583333333333333,151.25,66.5,186.58333333333334,14.486904761904762,13.1875,15.841666666666667,81.70059523809525,77.94583333333334,87.73333333333333,611.9107142857143,590.2916666666666,633.0833333333334,11.847619047619046,10.479166666666666,14.283333333333333,1058.75
HwaSun,Strawberry,1,31,2021-02-10,4,39.5,9.0,6.8,5.8,19.2,15.76,5.0,7,0.2898809523809524,-2.4041666666666663,5.583333333333333,151.25,66.5,186.58333333333334,14.486904761904762,13.1875,15.841666666666667,81.70059523809525,77.94583333333334,87.73333333333333,611.9107142857143,590.2916666666666,633.0833333333334,11.847619047619046,10.479166666666666,14.283333333333333,1058.75
HwaSun,Strawberry,1,31,2021-02-18,1,38.5,10.0,6.1,4.5,9.5,17.78,3.0,7,2.413690476190476,-5.75,7.825,123.42857142857143,67.33333333333333,181.0,12.794642857142858,10.829166666666666,15.141666666666666,80.35059523809524,68.83749999999999,87.39999999999999,592.9047619047618,554.875,628.6666666666666,11.502380952380951,9.129166666666666,13.670833333333334,864.0
HwaSun,Strawberry,1,31,2021-02-18,2,42.0,10.0,6.1,5.2,11.4,17.66,4.0,7,2.413690476190476,-5.75,7.825,123.42857142857143,67.33333333333333,181.0,12.794642857142858,10.829166666666666,15.141666666666666,80.35059523809524,68.83749999999999,87.39999999999999,592.9047619047618,554.875,628.6666666666666,11.502380952380951,9.129166666666666,13.670833333333334,864.0
HwaSun,Strawberry,1,31,2021-02-18,3,39.2,10.0,7.0,5.5,12.0,19.02,5.0,7,2.413690476190476,-5.75,7.825,123.42857142857143,67.33333333333333,181.0,12.794642857142858,10.829166666666666,15.141666666666666,80.35059523809524,68.83749999999999,87.39999999999999,592.9047619047618,554.875,628.6666666666666,11.502380952380951,9.129166666666666,13.670833333333334,864.0
HwaSun,Strawberry,1,31,2021-02-18,4,40.1,10.0,5.5,4.7,8.5,15.71,2.0,7,2.413690476190476,-5.75,7.825,123.42857142857143,67.33333333333333,181.0,12.794642857142858,10.829166666666666,15.141666666666666,80.35059523809524,68.83749999999999,87.39999999999999,592.9047619047618,554.875,628.6666666666666,11.502380952380951,9.129166666666666,13.670833333333334,864.0
HwaSun,Strawberry,1,31,2021-02-25,1,38.5,10.0,7.5,6.7,11.4,18.14,2.0,7,2.643452380952381,-3.954166666666667,8.491666666666665,166.94642857142858,72.45833333333333,202.83333333333334,14.930952380952382,13.308333333333332,16.275000000000002,79.44642857142857,73.73333333333333,85.37083333333334,579.9940476190476,547.5833333333334,603.7083333333334,12.866071428571429,10.637500000000001,14.291666666666666,1168.625
HwaSun,Strawberry,1,31,2021-02-25,2,42.0,11.0,8.2,6.5,13.0,19.35,3.0,7,2.643452380952381,-3.954166666666667,8.491666666666665,166.94642857142858,72.45833333333333,202.83333333333334,14.930952380952382,13.308333333333332,16.275000000000002,79.44642857142857,73.73333333333333,85.37083333333334,579.9940476190476,547.5833333333334,603.7083333333334,12.866071428571429,10.637500000000001,14.291666666666666,1168.625
HwaSun,Strawberry,1,31,2021-02-25,3,40.0,10.0,7.7,6.6,15.5,19.02,2.6666666666666665,7,2.643452380952381,-3.954166666666667,8.491666666666665,166.94642857142858,72.45833333333333,202.83333333333334,14.930952380952382,13.308333333333332,16.275000000000002,79.44642857142857,73.73333333333333,85.37083333333334,579.9940476190476,547.5833333333334,603.7083333333334,12.866071428571429,10.637500000000001,14.291666666666666,1168.625
HwaSun,Strawberry,1,31,2021-02-25,4,39.8,9.0,6.6,4.6,10.0,16.68,3.0,7,2.643452380952381,-3.954166666666667,8.491666666666665,166.94642857142858,72.45833333333333,202.83333333333334,14.930952380952382,13.308333333333332,16.275000000000002,79.44642857142857,73.73333333333333,85.37083333333334,579.9940476190476,547.5833333333334,603.7083333333334,12.866071428571429,10.637500000000001,14.291666666666666,1168.625
HwaSun,Strawberry,1,31,2021-03-05,1,39.4,9.0,7.5,6.9,13.4,16.66,3.5,7,5.857738095238095,2.6958333333333333,10.141666666666667,116.41666666666667,26.041666666666668,203.08333333333334,14.72202380952381,13.625,15.804166666666667,84.725,76.71249999999999,94.21249999999999,558.8511904761905,526.625,600.625,13.103571428571428,11.1,14.808333333333332,814.9166666666667
HwaSun,Strawberry,1,31,2021-03-05,2,42.2,10.0,8.2,6.8,14.2,19.69,4.5,7,5.857738095238095,2.6958333333333333,10.141666666666667,116.41666666666667,26.041666666666668,203.08333333333334,14.72202380952381,13.625,15.804166666666667,84.725,76.71249999999999,94.21249999999999,558.8511904761905,526.625,600.625,13.103571428571428,11.1,14.808333333333332,814.9166666666667
HwaSun,Strawberry,1,31,2021-03-05,3,40.1,9.0,8.5,7.2,18.1,16.69,4.5,7,5.857738095238095,2.6958333333333333,10.141666666666667,116.41666666666667,26.041666666666668,203.08333333333334,14.72202380952381,13.625,15.804166666666667,84.725,76.71249999999999,94.21249999999999,558.8511904761905,526.625,600.625,13.103571428571428,11.1,14.808333333333332,814.9166666666667
HwaSun,Strawberry,1,31,2021-03-05,4,40.2,11.0,7.5,5.5,15.2,15.58,2.5,7,5.857738095238095,2.6958333333333333,10.141666666666667,116.41666666666667,26.041666666666668,203.08333333333334,14.72202380952381,13.625,15.804166666666667,84.725,76.71249999999999,94.21249999999999,558.8511904761905,526.625,600.625,13.103571428571428,11.1,14.808333333333332,814.9166666666667
HwaSun,Strawberry,1,31,2021-03-10,1,39.0,9.0,8.4,7.5,14.2,17.37,4.5,7,6.120833333333333,2.6958333333333333,8.320833333333333,155.39285714285714,46.5,208.95833333333334,15.689880952380951,13.625,16.545833333333334,81.81190476190477,78.50833333333334,90.73333333333333,546.9642857142857,515.7083333333334,600.625,14.066071428571428,11.1,15.966666666666667,1087.75
HwaSun,Strawberry,1,31,2021-03-10,2,42.5,10.0,8.5,6.7,15.0,19.45,4.0,7,6.120833333333333,2.6958333333333333,8.320833333333333,155.39285714285714,46.5,208.95833333333334,15.689880952380951,13.625,16.545833333333334,81.81190476190477,78.50833333333334,90.73333333333333,546.9642857142857,515.7083333333334,600.625,14.066071428571428,11.1,15.966666666666667,1087.75
HwaSun,Strawberry,1,31,2021-03-10,3,40.7,10.0,8.5,7.2,18.1,16.69,5.0,7,6.120833333333333,2.6958333333333333,8.320833333333333,155.39285714285714,46.5,208.95833333333334,15.689880952380951,13.625,16.545833333333334,81.81190476190477,78.50833333333334,90.73333333333333,546.9642857142857,515.7083333333334,600.625,14.066071428571428,11.1,15.966666666666667,1087.75
HwaSun,Strawberry,1,31,2021-03-10,4,40.2,9.0,8.2,6.4,16.8,15.71,3.0,7,6.120833333333333,2.6958333333333333,8.320833333333333,155.39285714285714,46.5,208.95833333333334,15.689880952380951,13.625,16.545833333333334,81.81190476190477,78.50833333333334,90.73333333333333,546.9642857142857,515.7083333333334,600.625,14.066071428571428,11.1,15.966666666666667,1087.75
HwaSun,Strawberry,1,31,2021-03-19,1,39.6,9.0,8.6,7.2,14.1,17.7,4.0,7,7.351785714285713,5.345833333333334,9.5,187.96428571428575,54.75,241.41666666666666,15.810119047619045,13.945833333333333,16.945833333333333,79.07678571428572,73.60833333333333,90.53333333333335,555.3809523809524,535.8333333333334,575.6666666666666,14.495238095238095,13.504166666666668,15.9625,1315.7500000000002
HwaSun,Strawberry,1,31,2021-03-19,2,41.0,9.0,9.6,8.1,21.5,19.24,2.5,7,7.351785714285713,5.345833333333334,9.5,187.96428571428575,54.75,241.41666666666666,15.810119047619045,13.945833333333333,16.945833333333333,79.07678571428572,73.60833333333333,90.53333333333335,555.3809523809524,535.8333333333334,575.6666666666666,14.495238095238095,13.504166666666668,15.9625,1315.7500000000002
HwaSun,Strawberry,1,31,2021-03-19,3,39.7,10.0,10.3,8.3,25.2,16.27,2.6666666666666665,7,7.351785714285713,5.345833333333334,9.5,187.96428571428575,54.75,241.41666666666666,15.810119047619045,13.945833333333333,16.945833333333333,79.07678571428572,73.60833333333333,90.53333333333335,555.3809523809524,535.8333333333334,575.6666666666666,14.495238095238095,13.504166666666668,15.9625,1315.7500000000002
HwaSun,Strawberry,1,31,2021-03-19,4,40.2,10.0,8.6,7.1,13.0,15.94,3.5,7,7.351785714285713,5.345833333333334,9.5,187.96428571428575,54.75,241.41666666666666,15.810119047619045,13.945833333333333,16.945833333333333,79.07678571428572,73.60833333333333,90.53333333333335,555.3809523809524,535.8333333333334,575.6666666666666,14.495238095238095,13.504166666666668,15.9625,1315.7500000000002
HwaSun,Strawberry,1,31,2021-03-24,1,38.4,9.0,9.8,6.8,20.6,21.69,2.0,7,6.909523809523809,5.229166666666667,10.65,197.2202380952381,42.791666666666664,258.2083333333333,15.638095238095238,14.262500000000001,16.8875,78.76071428571427,73.60833333333333,89.9875,546.327380952381,500.5833333333333,585.4583333333334,14.17202380952381,12.8375,16.145833333333332,1380.5416666666667
HwaSun,Strawberry,1,31,2021-03-24,2,37.5,9.0,9.9,8.1,22.4,19.64,3.0,7,6.909523809523809,5.229166666666667,10.65,197.2202380952381,42.791666666666664,258.2083333333333,15.638095238095238,14.262500000000001,16.8875,78.76071428571427,73.60833333333333,89.9875,546.327380952381,500.5833333333333,585.4583333333334,14.17202380952381,12.8375,16.145833333333332,1380.5416666666667
HwaSun,Strawberry,1,31,2021-03-24,3,39.5,10.0,11.3,8.0,20.4,16.88,2.0,7,6.909523809523809,5.229166666666667,10.65,197.2202380952381,42.791666666666664,258.2083333333333,15.638095238095238,14.262500000000001,16.8875,78.76071428571427,73.60833333333333,89.9875,546.327380952381,500.5833333333333,585.4583333333334,14.17202380952381,12.8375,16.145833333333332,1380.5416666666667
HwaSun,Strawberry,1,31,2021-03-24,4,36.8,9.0,10.4,8.7,21.7,15.13,2.5,7,6.909523809523809,5.229166666666667,10.65,197.2202380952381,42.791666666666664,258.2083333333333,15.638095238095238,14.262500000000001,16.8875,78.76071428571427,73.60833333333333,89.9875,546.327380952381,500.5833333333333,585.4583333333334,14.17202380952381,12.8375,16.145833333333332,1380.5416666666667
HwaSun,Strawberry,1,31,2021-03-31,1,38.6,11.0,9.8,7.5,22.2,20.3,1.0,7,9.8375,7.141666666666667,11.191666666666668,184.79761904761907,35.375,258.3333333333333,16.132738095238096,14.608333333333334,16.8875,80.21130952380953,72.49166666666666,91.4875,532.9285714285714,458.75,584.9583333333334,15.431547619047619,13.637500000000001,17.195833333333333,1293.5833333333335
HwaSun,Strawberry,1,31,2021-03-31,2,37.5,10.0,9.7,8.1,21.4,19.85,1.0,7,9.8375,7.141666666666667,11.191666666666668,184.79761904761907,35.375,258.3333333333333,16.132738095238096,14.608333333333334,16.8875,80.21130952380953,72.49166666666666,91.4875,532.9285714285714,458.75,584.9583333333334,15.431547619047619,13.637500000000001,17.195833333333333,1293.5833333333335
HwaSun,Strawberry,1,31,2021-03-31,3,39.0,9.0,11.3,8.6,21.4,16.88,3.0,7,9.8375,7.141666666666667,11.191666666666668,184.79761904761907,35.375,258.3333333333333,16.132738095238096,14.608333333333334,16.8875,80.21130952380953,72.49166666666666,91.4875,532.9285714285714,458.75,584.9583333333334,15.431547619047619,13.637500000000001,17.195833333333333,1293.5833333333335
HwaSun,Strawberry,1,31,2021-03-31,4,37.4,10.0,10.3,9.0,22.8,14.52,3.0,7,9.8375,7.141666666666667,11.191666666666668,184.79761904761907,35.375,258.3333333333333,16.132738095238096,14.608333333333334,16.8875,80.21130952380953,72.49166666666666,91.4875,532.9285714285714,458.75,584.9583333333334,15.431547619047619,13.637500000000001,17.195833333333333,1293.5833333333335
HwaSun,Strawberry,1,31,2021-04-07,1,42.2,11.0,11.0,9.8,21.1,19.17,2.0,7,11.67619047619048,9.033333333333333,16.025000000000002,148.41071428571428,30.166666666666668,263.4583333333333,16.683333333333334,14.783333333333333,19.266666666666666,82.41607142857143,71.17083333333333,99.4375,499.76190476190476,466.7916666666667,538.9166666666666,16.31904761904762,14.441666666666668,19.041666666666668,1038.875
HwaSun,Strawberry,1,31,2021-04-07,2,41.0,10.0,11.3,9.3,23.0,19.2,3.0,7,11.67619047619048,9.033333333333333,16.025000000000002,148.41071428571428,30.166666666666668,263.4583333333333,16.683333333333334,14.783333333333333,19.266666666666666,82.41607142857143,71.17083333333333,99.4375,499.76190476190476,466.7916666666667,538.9166666666666,16.31904761904762,14.441666666666668,19.041666666666668,1038.875
HwaSun,Strawberry,1,31,2021-04-07,3,46.2,10.0,11.7,8.7,22.8,17.22,2.0,7,11.67619047619048,9.033333333333333,16.025000000000002,148.41071428571428,30.166666666666668,263.4583333333333,16.683333333333334,14.783333333333333,19.266666666666666,82.41607142857143,71.17083333333333,99.4375,499.76190476190476,466.7916666666667,538.9166666666666,16.31904761904762,14.441666666666668,19.041666666666668,1038.875
HwaSun,Strawberry,1,31,2021-04-07,4,37.1,9.0,11.9,9.8,21.5,14.47,2.0,7,11.67619047619048,9.033333333333333,16.025000000000002,148.41071428571428,30.166666666666668,263.4583333333333,16.683333333333334,14.783333333333333,19.266666666666666,82.41607142857143,71.17083333333333,99.4375,499.76190476190476,466.7916666666667,538.9166666666666,16.31904761904762,14.441666666666668,19.041666666666668,1038.875
HwaSun,Strawberry,1,31,2021-04-13,1,45.2,10.0,11.0,9.0,25.7,18.16,2.0,7,10.098809523809523,9.033333333333333,11.35,230.375,46.25,287.1666666666667,16.190476190476193,14.9,16.866666666666667,75.87380952380951,69.72083333333333,90.35416666666667,528.9404761904763,507.875,572.0,15.178571428571429,14.441666666666668,16.1125,1612.625
HwaSun,Strawberry,1,31,2021-04-13,2,42.0,9.0,11.8,9.7,23.5,18.95,2.0,7,10.098809523809523,9.033333333333333,11.35,230.375,46.25,287.1666666666667,16.190476190476193,14.9,16.866666666666667,75.87380952380951,69.72083333333333,90.35416666666667,528.9404761904763,507.875,572.0,15.178571428571429,14.441666666666668,16.1125,1612.625
HwaSun,Strawberry,1,31,2021-04-13,3,48.8,8.0,10.4,8.7,30.4,16.45,1.5,7,10.098809523809523,9.033333333333333,11.35,230.375,46.25,287.1666666666667,16.190476190476193,14.9,16.866666666666667,75.87380952380951,69.72083333333333,90.35416666666667,528.9404761904763,507.875,572.0,15.178571428571429,14.441666666666668,16.1125,1612.625
HwaSun,Strawberry,1,31,2021-04-13,4,38.0,9.0,11.0,8.0,23.5,15.95,2.0,7,10.098809523809523,9.033333333333333,11.35,230.375,46.25,287.1666666666667,16.190476190476193,14.9,16.866666666666667,75.87380952380951,69.72083333333333,90.35416666666667,528.9404761904763,507.875,572.0,15.178571428571429,14.441666666666668,16.1125,1612.625
HwaSun,Strawberry,1,31,2021-04-21,1,49.5,10.0,11.0,8.1,30.5,24.34,1.5,7,8.684523809523808,7.220833333333334,11.183333333333332,259.3214285714286,138.20833333333334,296.6666666666667,15.92261904761905,15.466666666666667,16.954166666666666,76.5125,73.02499999999999,85.08749999999999,523.7916666666667,480.2083333333333,550.8333333333334,14.354761904761903,13.733333333333334,15.508333333333333,1815.2500000000002
HwaSun,Strawberry,1,31,2021-04-21,2,43.5,9.0,12.5,10.0,26.0,16.71,2.0,7,8.684523809523808,7.220833333333334,11.183333333333332,259.3214285714286,138.20833333333334,296.6666666666667,15.92261904761905,15.466666666666667,16.954166666666666,76.5125,73.02499999999999,85.08749999999999,523.7916666666667,480.2083333333333,550.8333333333334,14.354761904761903,13.733333333333334,15.508333333333333,1815.2500000000002
HwaSun,Strawberry,1,31,2021-04-21,3,48.8,11.0,11.0,9.5,30.1,17.97,1.5,7,8.684523809523808,7.220833333333334,11.183333333333332,259.3214285714286,138.20833333333334,296.6666666666667,15.92261904761905,15.466666666666667,16.954166666666666,76.5125,73.02499999999999,85.08749999999999,523.7916666666667,480.2083333333333,550.8333333333334,14.354761904761903,13.733333333333334,15.508333333333333,1815.2500000000002
HwaSun,Strawberry,1,31,2021-04-21,4,42.0,9.0,10.7,8.7,30.6,15.58,2.0,7,8.684523809523808,7.220833333333334,11.183333333333332,259.3214285714286,138.20833333333334,296.6666666666667,15.92261904761905,15.466666666666667,16.954166666666666,76.5125,73.02499999999999,85.08749999999999,523.7916666666667,480.2083333333333,550.8333333333334,14.354761904761903,13.733333333333334,15.508333333333333,1815.2500000000002
HwaSun,Strawberry,1,31,2021-04-28,1,52.0,11.0,10.6,8.0,29.0,25.37,1.0,7,14.746619047619046,12.391666666666666,18.412499999999998,212.46738095238098,91.58333333333333,274.48,17.97433333333333,16.654166666666665,20.537499999999998,73.8759761904762,59.237500000000004,82.42916666666666,492.65738095238095,471.9166666666667,529.2916666666666,17.66092857142857,16.733333333333334,19.587500000000002,1487.2716666666668
HwaSun,Strawberry,1,31,2021-04-28,2,42.0,10.0,12.6,10.0,27.4,18.09,1.0,7,14.746619047619046,12.391666666666666,18.412499999999998,212.46738095238098,91.58333333333333,274.48,17.97433333333333,16.654166666666665,20.537499999999998,73.8759761904762,59.237500000000004,82.42916666666666,492.65738095238095,471.9166666666667,529.2916666666666,17.66092857142857,16.733333333333334,19.587500000000002,1487.2716666666668
HwaSun,Strawberry,1,31,2021-04-28,3,49.5,9.0,12.7,9.5,31.6,16.06,2.0,7,14.746619047619046,12.391666666666666,18.412499999999998,212.46738095238098,91.58333333333333,274.48,17.97433333333333,16.654166666666665,20.537499999999998,73.8759761904762,59.237500000000004,82.42916666666666,492.65738095238095,471.9166666666667,529.2916666666666,17.66092857142857,16.733333333333334,19.587500000000002,1487.2716666666668
HwaSun,Strawberry,1,31,2021-04-28,4,50.0,9.0,12.8,10.3,32.6,15.24,1.5,7,14.746619047619046,12.391666666666666,18.412499999999998,212.46738095238098,91.58333333333333,274.48,17.97433333333333,16.654166666666665,20.537499999999998,73.8759761904762,59.237500000000004,82.42916666666666,492.65738095238095,471.9166666666667,529.2916666666666,17.66092857142857,16.733333333333334,19.587500000000002,1487.2716666666668
HwaSun,Strawberry,1,31,2021-05-06,1,51.5,11.0,12.5,9.6,30.5,24.62,1.0,7,12.220238095238097,8.604166666666666,15.0625,233.49404761904762,86.16666666666667,299.3333333333333,17.769642857142856,15.875,19.408333333333335,81.73630952380951,74.45833333333333,89.84166666666665,473.3511904761905,454.0416666666667,495.4583333333333,17.49345238095238,15.945833333333333,18.983333333333334,1634.4583333333333
HwaSun,Strawberry,1,31,2021-05-06,2,50.5,10.0,15.0,10.4,26.7,18.22,2.0,7,12.220238095238097,8.604166666666666,15.0625,233.49404761904762,86.16666666666667,299.3333333333333,17.769642857142856,15.875,19.408333333333335,81.73630952380951,74.45833333333333,89.84166666666665,473.3511904761905,454.0416666666667,495.4583333333333,17.49345238095238,15.945833333333333,18.983333333333334,1634.4583333333333
HwaSun,Strawberry,1,31,2021-05-06,3,50.7,10.0,10.5,8.4,31.0,21.98,2.0,7,12.220238095238097,8.604166666666666,15.0625,233.49404761904762,86.16666666666667,299.3333333333333,17.769642857142856,15.875,19.408333333333335,81.73630952380951,74.45833333333333,89.84166666666665,473.3511904761905,454.0416666666667,495.4583333333333,17.49345238095238,15.945833333333333,18.983333333333334,1634.4583333333333
HwaSun,Strawberry,1,31,2021-05-06,4,52.5,10.0,13.6,10.6,32.2,20.49,1.5,7,12.220238095238097,8.604166666666666,15.0625,233.49404761904762,86.16666666666667,299.3333333333333,17.769642857142856,15.875,19.408333333333335,81.73630952380951,74.45833333333333,89.84166666666665,473.3511904761905,454.0416666666667,495.4583333333333,17.49345238095238,15.945833333333333,18.983333333333334,1634.4583333333333
HwaSun,Strawberry,1,31,2021-05-12,1,53.0,11.0,10.6,9.0,33.3,25.87,1.0,7,13.635071428571427,11.475000000000001,16.220833333333335,219.67499999999998,136.20833333333334,299.3333333333333,18.23459523809524,17.458333333333332,19.408333333333335,82.77488095238095,77.7,91.01666666666667,470.75738095238097,453.875,518.5416666666666,18.207071428571428,16.9875,19.416666666666668,1537.725
HwaSun,Strawberry,1,31,2021-05-12,2,52.0,10.0,10.2,8.2,33.0,18.44,2.0,7,13.635071428571427,11.475000000000001,16.220833333333335,219.67499999999998,136.20833333333334,299.3333333333333,18.23459523809524,17.458333333333332,19.408333333333335,82.77488095238095,77.7,91.01666666666667,470.75738095238097,453.875,518.5416666666666,18.207071428571428,16.9875,19.416666666666668,1537.725
HwaSun,Strawberry,1,31,2021-05-12,3,52.0,10.0,12.3,7.6,32.0,21.88,1.5,7,13.635071428571427,11.475000000000001,16.220833333333335,219.67499999999998,136.20833333333334,299.3333333333333,18.23459523809524,17.458333333333332,19.408333333333335,82.77488095238095,77.7,91.01666666666667,470.75738095238097,453.875,518.5416666666666,18.207071428571428,16.9875,19.416666666666668,1537.725
HwaSun,Strawberry,1,31,2021-05-12,4,54.0,10.0,10.0,7.0,34.0,20.66,1.0,7,13.635071428571427,11.475000000000001,16.220833333333335,219.67499999999998,136.20833333333334,299.3333333333333,18.23459523809524,17.458333333333332,19.408333333333335,82.77488095238095,77.7,91.01666666666667,470.75738095238097,453.875,518.5416666666666,18.207071428571428,16.9875,19.416666666666668,1537.725
HwaSun,Strawberry,1,31,2021-05-18,1,55.0,10.0,13.2,10.8,32.4,27.81,1.0,7,18.057142857142853,14.241666666666667,19.583333333333332,156.6845238095238,46.958333333333336,291.7916666666667,21.202380952380953,18.820833333333333,22.912499999999998,84.19642857142857,70.70416666666667,95.07916666666667,466.7857142857143,436.0416666666667,491.8333333333333,20.813095238095237,18.591666666666665,22.175,1096.7916666666665
HwaSun,Strawberry,1,31,2021-05-18,2,55.2,10.0,12.2,10.3,36.0,18.64,1.0,7,18.057142857142853,14.241666666666667,19.583333333333332,156.6845238095238,46.958333333333336,291.7916666666667,21.202380952380953,18.820833333333333,22.912499999999998,84.19642857142857,70.70416666666667,95.07916666666667,466.7857142857143,436.0416666666667,491.8333333333333,20.813095238095237,18.591666666666665,22.175,1096.7916666666665
HwaSun,Strawberry,1,31,2021-05-18,3,43.5,9.0,11.2,9.5,25.0,22.24,1.0,7,18.057142857142853,14.241666666666667,19.583333333333332,156.6845238095238,46.958333333333336,291.7916666666667,21.202380952380953,18.820833333333333,22.912499999999998,84.19642857142857,70.70416666666667,95.07916666666667,466.7857142857143,436.0416666666667,491.8333333333333,20.813095238095237,18.591666666666665,22.175,1096.7916666666665
HwaSun,Strawberry,1,31,2021-05-18,4,52.5,10.0,10.5,7.8,36.3,20.68,1.0,7,18.057142857142853,14.241666666666667,19.583333333333332,156.6845238095238,46.958333333333336,291.7916666666667,21.202380952380953,18.820833333333333,22.912499999999998,84.19642857142857,70.70416666666667,95.07916666666667,466.7857142857143,436.0416666666667,491.8333333333333,20.813095238095237,18.591666666666665,22.175,1096.7916666666665
HwaSun,Strawberry,1,34,2020-11-04,1,32.0,7.0,11.4,10.3,13.0,16.9,2.0,7,10.255771221532092,7.1695652173913045,13.15,119.02562111801244,28.0,172.45833333333334,15.069668737060042,13.804347826086957,16.095833333333335,98.25693581780538,97.90416666666665,98.51666666666667,366.28053830227736,298.7916666666667,422.3333333333333,15.313457556935818,14.160869565217391,16.404166666666665,833.1793478260871
HwaSun,Strawberry,1,34,2020-11-04,2,28.0,9.0,10.5,8.5,14.5,15.8,1.0,7,10.255771221532092,7.1695652173913045,13.15,119.02562111801244,28.0,172.45833333333334,15.069668737060042,13.804347826086957,16.095833333333335,98.25693581780538,97.90416666666665,98.51666666666667,366.28053830227736,298.7916666666667,422.3333333333333,15.313457556935818,14.160869565217391,16.404166666666665,833.1793478260871
HwaSun,Strawberry,1,34,2020-11-04,3,25.0,7.0,12.5,10.0,9.0,16.9,1.0,7,10.255771221532092,7.1695652173913045,13.15,119.02562111801244,28.0,172.45833333333334,15.069668737060042,13.804347826086957,16.095833333333335,98.25693581780538,97.90416666666665,98.51666666666667,366.28053830227736,298.7916666666667,422.3333333333333,15.313457556935818,14.160869565217391,16.404166666666665,833.1793478260871
HwaSun,Strawberry,1,34,2020-11-13,1,32.0,9.0,12.0,10.5,13.5,16.5,6.0,7,8.35059523809524,6.579166666666667,11.929166666666667,123.22619047619048,23.5,156.16666666666666,14.52797619047619,13.329166666666666,15.237499999999999,98.28095238095239,98.03333333333335,98.49583333333334,360.5952380952381,345.625,376.0416666666667,14.520238095238096,13.504166666666668,15.345833333333333,862.5833333333334
HwaSun,Strawberry,1,34,2020-11-13,2,28.0,7.0,11.0,8.5,15.0,15.1,7.0,7,8.35059523809524,6.579166666666667,11.929166666666667,123.22619047619048,23.5,156.16666666666666,14.52797619047619,13.329166666666666,15.237499999999999,98.28095238095239,98.03333333333335,98.49583333333334,360.5952380952381,345.625,376.0416666666667,14.520238095238096,13.504166666666668,15.345833333333333,862.5833333333334
HwaSun,Strawberry,1,34,2020-11-13,3,25.0,7.0,13.0,11.0,9.5,17.1,3.0,7,8.35059523809524,6.579166666666667,11.929166666666667,123.22619047619048,23.5,156.16666666666666,14.52797619047619,13.329166666666666,15.237499999999999,98.28095238095239,98.03333333333335,98.49583333333334,360.5952380952381,345.625,376.0416666666667,14.520238095238096,13.504166666666668,15.345833333333333,862.5833333333334
HwaSun,Strawberry,1,34,2020-11-13,4,35.0,8.0,13.5,10.0,17.5,16.0,3.0,7,8.35059523809524,6.579166666666667,11.929166666666667,123.22619047619048,23.5,156.16666666666666,14.52797619047619,13.329166666666666,15.237499999999999,98.28095238095239,98.03333333333335,98.49583333333334,360.5952380952381,345.625,376.0416666666667,14.520238095238096,13.504166666666668,15.345833333333333,862.5833333333334
HwaSun,Strawberry,1,34,2020-11-20,1,32.0,8.0,12.0,10.0,17.5,16.8,13.0,7,13.285714285714286,8.2875,18.9875,98.2440476190476,12.625,142.08333333333334,16.110714285714284,14.116666666666667,19.008333333333333,98.30357142857143,98.07083333333333,98.56666666666666,331.36309523809524,290.4166666666667,372.4583333333333,16.27202380952381,14.166666666666666,19.233333333333334,687.7083333333333
HwaSun,Strawberry,1,34,2020-11-20,2,29.0,7.0,11.5,10.0,16.5,15.5,13.0,7,13.285714285714286,8.2875,18.9875,98.2440476190476,12.625,142.08333333333334,16.110714285714284,14.116666666666667,19.008333333333333,98.30357142857143,98.07083333333333,98.56666666666666,331.36309523809524,290.4166666666667,372.4583333333333,16.27202380952381,14.166666666666666,19.233333333333334,687.7083333333333
HwaSun,Strawberry,1,34,2020-11-20,3,25.0,9.0,9.2,8.0,13.5,17.2,7.0,7,13.285714285714286,8.2875,18.9875,98.2440476190476,12.625,142.08333333333334,16.110714285714284,14.116666666666667,19.008333333333333,98.30357142857143,98.07083333333333,98.56666666666666,331.36309523809524,290.4166666666667,372.4583333333333,16.27202380952381,14.166666666666666,19.233333333333334,687.7083333333333
HwaSun,Strawberry,1,34,2020-11-20,4,35.0,9.0,10.5,9.5,18.0,16.4,7.0,7,13.285714285714286,8.2875,18.9875,98.2440476190476,12.625,142.08333333333334,16.110714285714284,14.116666666666667,19.008333333333333,98.30357142857143,98.07083333333333,98.56666666666666,331.36309523809524,290.4166666666667,372.4583333333333,16.27202380952381,14.166666666666666,19.233333333333334,687.7083333333333
HwaSun,Strawberry,1,34,2020-11-26,1,32.5,8.0,12.5,10.0,18.0,16.7,13.0,7,8.867583899172319,5.234782608695652,18.150000000000002,73.22152323379945,11.9,139.70833333333334,13.391022021456806,11.033333333333335,18.266666666666666,97.91107220753914,97.15294117647058,98.26666666666667,298.7760559164377,269.2857142857143,346.69565217391306,13.473722765786155,11.052380952380952,18.316666666666666,512.5506626365961
HwaSun,Strawberry,1,34,2020-11-26,2,29.5,5.0,11.5,10.0,17.0,15.8,7.0,7,8.867583899172319,5.234782608695652,18.150000000000002,73.22152323379945,11.9,139.70833333333334,13.391022021456806,11.033333333333335,18.266666666666666,97.91107220753914,97.15294117647058,98.26666666666667,298.7760559164377,269.2857142857143,346.69565217391306,13.473722765786155,11.052380952380952,18.316666666666666,512.5506626365961
HwaSun,Strawberry,1,34,2020-11-26,3,25.5,9.0,9.5,8.0,14.0,17.3,9.0,7,8.867583899172319,5.234782608695652,18.150000000000002,73.22152323379945,11.9,139.70833333333334,13.391022021456806,11.033333333333335,18.266666666666666,97.91107220753914,97.15294117647058,98.26666666666667,298.7760559164377,269.2857142857143,346.69565217391306,13.473722765786155,11.052380952380952,18.316666666666666,512.5506626365961
HwaSun,Strawberry,1,34,2020-11-26,4,35.5,9.0,10.5,9.5,18.0,16.8,10.0,7,8.867583899172319,5.234782608695652,18.150000000000002,73.22152323379945,11.9,139.70833333333334,13.391022021456806,11.033333333333335,18.266666666666666,97.91107220753914,97.15294117647058,98.26666666666667,298.7760559164377,269.2857142857143,346.69565217391306,13.473722765786155,11.052380952380952,18.316666666666666,512.5506626365961
HwaSun,Strawberry,1,34,2020-12-03,1,32.5,9.0,10.2,8.0,15.0,17.5,13.0,7,3.950646997929607,0.908695652173913,7.591666666666666,93.6185522034901,56.85,130.17391304347825,12.68836808636498,11.434999999999999,13.85,98.01769077196094,97.74285714285713,98.44583333333333,328.4347826086956,297.2,362.9166666666667,12.698103371783494,11.745000000000001,13.820833333333333,655.3298654244306
HwaSun,Strawberry,1,34,2020-12-03,2,29.7,7.0,11.5,9.0,14.5,16.3,8.5,7,3.950646997929607,0.908695652173913,7.591666666666666,93.6185522034901,56.85,130.17391304347825,12.68836808636498,11.434999999999999,13.85,98.01769077196094,97.74285714285713,98.44583333333333,328.4347826086956,297.2,362.9166666666667,12.698103371783494,11.745000000000001,13.820833333333333,655.3298654244306
HwaSun,Strawberry,1,34,2020-12-03,3,27.5,8.0,9.0,8.0,16.0,17.3,10.0,7,3.950646997929607,0.908695652173913,7.591666666666666,93.6185522034901,56.85,130.17391304347825,12.68836808636498,11.434999999999999,13.85,98.01769077196094,97.74285714285713,98.44583333333333,328.4347826086956,297.2,362.9166666666667,12.698103371783494,11.745000000000001,13.820833333333333,655.3298654244306
HwaSun,Strawberry,1,34,2020-12-03,4,35.5,10.0,11.0,10.0,19.0,17.1,12.0,7,3.950646997929607,0.908695652173913,7.591666666666666,93.6185522034901,56.85,130.17391304347825,12.68836808636498,11.434999999999999,13.85,98.01769077196094,97.74285714285713,98.44583333333333,328.4347826086956,297.2,362.9166666666667,12.698103371783494,11.745000000000001,13.820833333333333,655.3298654244306
HwaSun,Strawberry,1,34,2020-12-11,1,33.0,9.0,10.5,8.0,15.0,17.6,11.0,7,1.4509988975827486,-0.06521739130434794,3.3190476190476192,93.91867656153372,31.476190476190474,128.91304347826087,12.545778548573578,10.923809523809524,13.377272727272727,97.97567422225806,97.45454545454545,98.31739130434784,338.63372859025037,321.4347826086956,359.95652173913044,12.549318383479875,11.242857142857142,13.230434782608697,657.430735930736
HwaSun,Strawberry,1,34,2020-12-11,2,30.0,8.0,11.5,9.0,15.5,16.5,9.0,7,1.4509988975827486,-0.06521739130434794,3.3190476190476192,93.91867656153372,31.476190476190474,128.91304347826087,12.545778548573578,10.923809523809524,13.377272727272727,97.97567422225806,97.45454545454545,98.31739130434784,338.63372859025037,321.4347826086956,359.95652173913044,12.549318383479875,11.242857142857142,13.230434782608697,657.430735930736
HwaSun,Strawberry,1,34,2020-12-11,3,28.5,9.0,8.5,8.0,17.0,17.4,9.0,7,1.4509988975827486,-0.06521739130434794,3.3190476190476192,93.91867656153372,31.476190476190474,128.91304347826087,12.545778548573578,10.923809523809524,13.377272727272727,97.97567422225806,97.45454545454545,98.31739130434784,338.63372859025037,321.4347826086956,359.95652173913044,12.549318383479875,11.242857142857142,13.230434782608697,657.430735930736
HwaSun,Strawberry,1,34,2020-12-11,4,35.5,9.0,9.0,7.0,15.0,17.4,11.0,7,1.4509988975827486,-0.06521739130434794,3.3190476190476192,93.91867656153372,31.476190476190474,128.91304347826087,12.545778548573578,10.923809523809524,13.377272727272727,97.97567422225806,97.45454545454545,98.31739130434784,338.63372859025037,321.4347826086956,359.95652173913044,12.549318383479875,11.242857142857142,13.230434782608697,657.430735930736
HwaSun,Strawberry,1,34,2020-12-17,1,33.5,9.0,10.5,8.0,15.0,17.8,10.0,7,0.4539914211298552,-5.188888888888889,4.629166666666666,80.34613055748615,31.476190476190474,116.04166666666667,11.559128300442982,10.421052631578947,13.049999999999999,98.00181195285131,97.41176470588235,98.30555555555556,323.75080470784803,291.7368421052632,356.3333333333333,11.627269679801744,10.473684210526315,13.116666666666667,562.422913902403
HwaSun,Strawberry,1,34,2020-12-17,2,30.0,8.0,11.5,9.0,15.0,16.7,8.5,7,0.4539914211298552,-5.188888888888889,4.629166666666666,80.34613055748615,31.476190476190474,116.04166666666667,11.559128300442982,10.421052631578947,13.049999999999999,98.00181195285131,97.41176470588235,98.30555555555556,323.75080470784803,291.7368421052632,356.3333333333333,11.627269679801744,10.473684210526315,13.116666666666667,562.422913902403
HwaSun,Strawberry,1,34,2020-12-17,3,28.5,10.0,9.0,8.0,17.0,17.5,8.0,7,0.4539914211298552,-5.188888888888889,4.629166666666666,80.34613055748615,31.476190476190474,116.04166666666667,11.559128300442982,10.421052631578947,13.049999999999999,98.00181195285131,97.41176470588235,98.30555555555556,323.75080470784803,291.7368421052632,356.3333333333333,11.627269679801744,10.473684210526315,13.116666666666667,562.422913902403
HwaSun,Strawberry,1,34,2020-12-17,4,35.5,11.0,9.5,7.0,15.0,17.6,10.0,7,0.4539914211298552,-5.188888888888889,4.629166666666666,80.34613055748615,31.476190476190474,116.04166666666667,11.559128300442982,10.421052631578947,13.049999999999999,98.00181195285131,97.41176470588235,98.30555555555556,323.75080470784803,291.7368421052632,356.3333333333333,11.627269679801744,10.473684210526315,13.116666666666667,562.422913902403
HwaSun,Strawberry,1,34,2021-01-07,1,33.5,9.0,11.0,8.0,16.5,17.8,5.0,7,-2.28452380952381,-6.095833333333334,-0.32916666666666666,99.375,75.375,117.375,12.715476190476192,11.616666666666667,13.320833333333333,98.07857142857142,97.72500000000001,98.3875,355.8690476190476,344.25,371.5,12.586309523809524,11.625,13.208333333333334,695.625
HwaSun,Strawberry,1,34,2021-01-07,2,30.0,8.0,11.5,9.0,16.0,17.0,4.666666666666667,7,-2.28452380952381,-6.095833333333334,-0.32916666666666666,99.375,75.375,117.375,12.715476190476192,11.616666666666667,13.320833333333333,98.07857142857142,97.72500000000001,98.3875,355.8690476190476,344.25,371.5,12.586309523809524,11.625,13.208333333333334,695.625
HwaSun,Strawberry,1,34,2021-01-07,3,28.5,8.0,9.0,8.0,17.0,17.6,3.5,7,-2.28452380952381,-6.095833333333334,-0.32916666666666666,99.375,75.375,117.375,12.715476190476192,11.616666666666667,13.320833333333333,98.07857142857142,97.72500000000001,98.3875,355.8690476190476,344.25,371.5,12.586309523809524,11.625,13.208333333333334,695.625
HwaSun,Strawberry,1,34,2021-01-07,4,35.5,11.0,9.9,7.7,15.5,17.9,7.0,7,-2.28452380952381,-6.095833333333334,-0.32916666666666666,99.375,75.375,117.375,12.715476190476192,11.616666666666667,13.320833333333333,98.07857142857142,97.72500000000001,98.3875,355.8690476190476,344.25,371.5,12.586309523809524,11.625,13.208333333333334,695.625
HwaSun,Strawberry,1,34,2021-01-14,1,32.0,9.0,9.5,6.0,15.0,17.9,4.0,7,-5.979994824016564,-12.273913043478261,2.3,107.83048654244307,54.583333333333336,132.875,12.09047619047619,11.008333333333333,13.778260869565216,98.12119565217391,97.6125,98.39565217391304,355.9371118012422,329.4583333333333,369.75,12.030771221532092,11.191666666666668,13.88695652173913,754.8134057971015
HwaSun,Strawberry,1,34,2021-01-14,2,30.0,9.0,7.2,5.5,14.0,17.2,3.6666666666666665,7,-5.979994824016564,-12.273913043478261,2.3,107.83048654244307,54.583333333333336,132.875,12.09047619047619,11.008333333333333,13.778260869565216,98.12119565217391,97.6125,98.39565217391304,355.9371118012422,329.4583333333333,369.75,12.030771221532092,11.191666666666668,13.88695652173913,754.8134057971015
HwaSun,Strawberry,1,34,2021-01-14,3,28.6,8.0,6.9,5.0,10.5,17.7,1.5,7,-5.979994824016564,-12.273913043478261,2.3,107.83048654244307,54.583333333333336,132.875,12.09047619047619,11.008333333333333,13.778260869565216,98.12119565217391,97.6125,98.39565217391304,355.9371118012422,329.4583333333333,369.75,12.030771221532092,11.191666666666668,13.88695652173913,754.8134057971015
HwaSun,Strawberry,1,34,2021-01-14,4,35.8,11.0,6.7,5.2,15.3,17.9,4.5,7,-5.979994824016564,-12.273913043478261,2.3,107.83048654244307,54.583333333333336,132.875,12.09047619047619,11.008333333333333,13.778260869565216,98.12119565217391,97.6125,98.39565217391304,355.9371118012422,329.4583333333333,369.75,12.030771221532092,11.191666666666668,13.88695652173913,754.8134057971015
HwaSun,Strawberry,1,34,2021-01-21,1,32.5,9.0,9.3,5.8,15.0,18.0,4.0,7,0.9094155844155845,-2.2958333333333334,6.5,106.62662337662337,66.08333333333333,153.13636363636363,12.956547619047617,11.6875,13.679166666666667,98.15551948051947,97.76363636363637,98.41250000000001,362.24891774891773,336.875,395.5416666666667,13.391071428571427,12.220833333333333,14.05,746.3863636363636
HwaSun,Strawberry,1,34,2021-01-21,2,30.3,9.0,7.5,5.5,13.0,17.3,3.5,7,0.9094155844155845,-2.2958333333333334,6.5,106.62662337662337,66.08333333333333,153.13636363636363,12.956547619047617,11.6875,13.679166666666667,98.15551948051947,97.76363636363637,98.41250000000001,362.24891774891773,336.875,395.5416666666667,13.391071428571427,12.220833333333333,14.05,746.3863636363636
HwaSun,Strawberry,1,34,2021-01-21,3,29.0,9.0,7.0,4.8,10.5,17.8,1.5,7,0.9094155844155845,-2.2958333333333334,6.5,106.62662337662337,66.08333333333333,153.13636363636363,12.956547619047617,11.6875,13.679166666666667,98.15551948051947,97.76363636363637,98.41250000000001,362.24891774891773,336.875,395.5416666666667,13.391071428571427,12.220833333333333,14.05,746.3863636363636
HwaSun,Strawberry,1,34,2021-01-21,4,36.0,10.0,7.0,5.0,16.0,18.0,4.5,7,0.9094155844155845,-2.2958333333333334,6.5,106.62662337662337,66.08333333333333,153.13636363636363,12.956547619047617,11.6875,13.679166666666667,98.15551948051947,97.76363636363637,98.41250000000001,362.24891774891773,336.875,395.5416666666667,13.391071428571427,12.220833333333333,14.05,746.3863636363636
HwaSun,Strawberry,1,34,2021-01-28,1,33.0,10.0,9.5,6.0,14.5,18.1,4.0,7,6.955952380952381,4.579166666666667,8.737499999999999,76.55952380952382,24.083333333333332,147.25,13.225,12.108333333333334,14.620833333333332,98.07678571428572,97.74166666666667,98.27916666666665,383.55357142857144,346.2083333333333,420.0833333333333,13.5875,12.341666666666667,15.108333333333334,535.9166666666667
HwaSun,Strawberry,1,34,2021-01-28,2,30.5,9.0,7.6,5.5,13.9,17.3,2.0,7,6.955952380952381,4.579166666666667,8.737499999999999,76.55952380952382,24.083333333333332,147.25,13.225,12.108333333333334,14.620833333333332,98.07678571428572,97.74166666666667,98.27916666666665,383.55357142857144,346.2083333333333,420.0833333333333,13.5875,12.341666666666667,15.108333333333334,535.9166666666667
HwaSun,Strawberry,1,34,2021-01-28,3,29.0,8.0,7.3,5.3,10.0,17.9,1.5,7,6.955952380952381,4.579166666666667,8.737499999999999,76.55952380952382,24.083333333333332,147.25,13.225,12.108333333333334,14.620833333333332,98.07678571428572,97.74166666666667,98.27916666666665,383.55357142857144,346.2083333333333,420.0833333333333,13.5875,12.341666666666667,15.108333333333334,535.9166666666667
HwaSun,Strawberry,1,34,2021-01-28,4,36.3,10.0,7.1,5.1,15.2,18.1,8.0,7,6.955952380952381,4.579166666666667,8.737499999999999,76.55952380952382,24.083333333333332,147.25,13.225,12.108333333333334,14.620833333333332,98.07678571428572,97.74166666666667,98.27916666666665,383.55357142857144,346.2083333333333,420.0833333333333,13.5875,12.341666666666667,15.108333333333334,535.9166666666667
HwaSun,Strawberry,1,34,2021-02-04,1,33.2,10.0,6.5,5.3,7.5,18.1,4.0,7,0.9767857142857145,-3.7291666666666665,8.387500000000001,105.86309523809523,31.916666666666668,164.41666666666666,13.405357142857143,11.991666666666667,14.454166666666666,98.05892857142858,97.48333333333333,98.43333333333334,353.29166666666663,324.1666666666667,375.875,13.345238095238098,12.070833333333333,14.241666666666667,741.0416666666666
HwaSun,Strawberry,1,34,2021-02-04,2,30.5,9.0,7.7,5.9,14.3,17.4,2.0,7,0.9767857142857145,-3.7291666666666665,8.387500000000001,105.86309523809523,31.916666666666668,164.41666666666666,13.405357142857143,11.991666666666667,14.454166666666666,98.05892857142858,97.48333333333333,98.43333333333334,353.29166666666663,324.1666666666667,375.875,13.345238095238098,12.070833333333333,14.241666666666667,741.0416666666666
HwaSun,Strawberry,1,34,2021-02-04,3,30.5,8.0,8.5,7.3,15.5,18.0,2.5,7,0.9767857142857145,-3.7291666666666665,8.387500000000001,105.86309523809523,31.916666666666668,164.41666666666666,13.405357142857143,11.991666666666667,14.454166666666666,98.05892857142858,97.48333333333333,98.43333333333334,353.29166666666663,324.1666666666667,375.875,13.345238095238098,12.070833333333333,14.241666666666667,741.0416666666666
HwaSun,Strawberry,1,34,2021-02-04,4,35.0,10.0,7.0,5.2,16.4,18.1,7.0,7,0.9767857142857145,-3.7291666666666665,8.387500000000001,105.86309523809523,31.916666666666668,164.41666666666666,13.405357142857143,11.991666666666667,14.454166666666666,98.05892857142858,97.48333333333333,98.43333333333334,353.29166666666663,324.1666666666667,375.875,13.345238095238098,12.070833333333333,14.241666666666667,741.0416666666666
HwaSun,Strawberry,1,34,2021-02-10,1,33.5,9.0,6.4,5.2,9.2,18.2,3.0,7,1.3541666666666667,-1.5541666666666665,6.816666666666666,141.0119047619048,61.291666666666664,173.33333333333334,14.053571428571427,13.033333333333333,14.733333333333334,98.12738095238095,97.9375,98.33333333333333,364.75,354.2083333333333,376.5416666666667,14.199404761904763,13.254166666666668,14.979166666666666,987.0833333333335
HwaSun,Strawberry,1,34,2021-02-10,2,30.7,8.0,7.7,5.9,14.0,17.5,2.0,7,1.3541666666666667,-1.5541666666666665,6.816666666666666,141.0119047619048,61.291666666666664,173.33333333333334,14.053571428571427,13.033333333333333,14.733333333333334,98.12738095238095,97.9375,98.33333333333333,364.75,354.2083333333333,376.5416666666667,14.199404761904763,13.254166666666668,14.979166666666666,987.0833333333335
HwaSun,Strawberry,1,34,2021-02-10,3,31.6,9.0,8.4,7.3,16.3,18.2,3.0,7,1.3541666666666667,-1.5541666666666665,6.816666666666666,141.0119047619048,61.291666666666664,173.33333333333334,14.053571428571427,13.033333333333333,14.733333333333334,98.12738095238095,97.9375,98.33333333333333,364.75,354.2083333333333,376.5416666666667,14.199404761904763,13.254166666666668,14.979166666666666,987.0833333333335
HwaSun,Strawberry,1,34,2021-02-10,4,35.0,11.0,6.2,5.1,12.0,18.1,2.5,7,1.3541666666666667,-1.5541666666666665,6.816666666666666,141.0119047619048,61.291666666666664,173.33333333333334,14.053571428571427,13.033333333333333,14.733333333333334,98.12738095238095,97.9375,98.33333333333333,364.75,354.2083333333333,376.5416666666667,14.199404761904763,13.254166666666668,14.979166666666666,987.0833333333335
HwaSun,Strawberry,1,34,2021-02-18,1,33.9,10.0,6.7,5.5,10.0,18.2,2.0,7,3.567857142857143,-4.533333333333333,8.883333333333333,124.27976190476191,63.75,167.91666666666666,13.379761904761903,11.595833333333333,14.549999999999999,98.1154761904762,97.65833333333335,98.36666666666667,400.07142857142856,366.7916666666667,421.0,13.50357142857143,11.887500000000001,14.616666666666667,869.9583333333334
HwaSun,Strawberry,1,34,2021-02-18,2,30.8,8.0,6.8,5.5,5.3,17.6,1.0,7,3.567857142857143,-4.533333333333333,8.883333333333333,124.27976190476191,63.75,167.91666666666666,13.379761904761903,11.595833333333333,14.549999999999999,98.1154761904762,97.65833333333335,98.36666666666667,400.07142857142856,366.7916666666667,421.0,13.50357142857143,11.887500000000001,14.616666666666667,869.9583333333334
HwaSun,Strawberry,1,34,2021-02-18,3,31.8,9.0,8.5,7.2,16.3,18.3,4.0,7,3.567857142857143,-4.533333333333333,8.883333333333333,124.27976190476191,63.75,167.91666666666666,13.379761904761903,11.595833333333333,14.549999999999999,98.1154761904762,97.65833333333335,98.36666666666667,400.07142857142856,366.7916666666667,421.0,13.50357142857143,11.887500000000001,14.616666666666667,869.9583333333334
HwaSun,Strawberry,1,34,2021-02-18,4,35.1,12.0,6.2,5.4,11.0,18.3,2.5,7,3.567857142857143,-4.533333333333333,8.883333333333333,124.27976190476191,63.75,167.91666666666666,13.379761904761903,11.595833333333333,14.549999999999999,98.1154761904762,97.65833333333335,98.36666666666667,400.07142857142856,366.7916666666667,421.0,13.50357142857143,11.887500000000001,14.616666666666667,869.9583333333334
HwaSun,Strawberry,1,34,2021-02-25,1,33.9,11.0,7.6,5.6,11.0,18.3,4.0,7,3.846428571428571,-2.717391304347826,9.816666666666666,160.9151138716356,72.08333333333333,189.0,14.568995859213254,13.166666666666666,15.716666666666667,98.15087991718426,97.89999999999999,98.5,385.45056935817803,341.9166666666667,427.1666666666667,14.76620082815735,13.554166666666667,15.970833333333333,1126.4057971014493
HwaSun,Strawberry,1,34,2021-02-25,2,31.0,9.0,8.0,6.1,8.0,17.7,1.0,7,3.846428571428571,-2.717391304347826,9.816666666666666,160.9151138716356,72.08333333333333,189.0,14.568995859213254,13.166666666666666,15.716666666666667,98.15087991718426,97.89999999999999,98.5,385.45056935817803,341.9166666666667,427.1666666666667,14.76620082815735,13.554166666666667,15.970833333333333,1126.4057971014493
HwaSun,Strawberry,1,34,2021-02-25,3,31.9,11.0,9.0,7.7,17.0,18.4,1.5,7,3.846428571428571,-2.717391304347826,9.816666666666666,160.9151138716356,72.08333333333333,189.0,14.568995859213254,13.166666666666666,15.716666666666667,98.15087991718426,97.89999999999999,98.5,385.45056935817803,341.9166666666667,427.1666666666667,14.76620082815735,13.554166666666667,15.970833333333333,1126.4057971014493
HwaSun,Strawberry,1,34,2021-02-25,4,35.1,12.0,6.4,5.5,11.5,18.5,3.0,7,3.846428571428571,-2.717391304347826,9.816666666666666,160.9151138716356,72.08333333333333,189.0,14.568995859213254,13.166666666666666,15.716666666666667,98.15087991718426,97.89999999999999,98.5,385.45056935817803,341.9166666666667,427.1666666666667,14.76620082815735,13.554166666666667,15.970833333333333,1126.4057971014493
HwaSun,Strawberry,1,34,2021-03-05,1,34.0,12.0,8.7,6.4,10.8,18.4,7.0,7,7.0875,3.6999999999999997,11.525,108.0357142857143,24.958333333333332,190.45833333333334,14.246428571428572,12.733333333333334,15.166666666666666,98.21488095238097,98.14583333333333,98.28333333333335,388.5238095238096,354.7916666666667,423.2916666666667,14.835119047619047,13.366666666666667,15.5875,756.2500000000001
HwaSun,Strawberry,1,34,2021-03-05,3,32.0,10.0,7.6,6.2,10.0,18.5,2.0,7,7.0875,3.6999999999999997,11.525,108.0357142857143,24.958333333333332,190.45833333333334,14.246428571428572,12.733333333333334,15.166666666666666,98.21488095238097,98.14583333333333,98.28333333333335,388.5238095238096,354.7916666666667,423.2916666666667,14.835119047619047,13.366666666666667,15.5875,756.2500000000001
HwaSun,Strawberry,1,34,2021-03-05,4,35.5,12.0,8.2,6.0,10.5,18.7,3.0,7,7.0875,3.6999999999999997,11.525,108.0357142857143,24.958333333333332,190.45833333333334,14.246428571428572,12.733333333333334,15.166666666666666,98.21488095238097,98.14583333333333,98.28333333333335,388.5238095238096,354.7916666666667,423.2916666666667,14.835119047619047,13.366666666666667,15.5875,756.2500000000001
HwaSun,Strawberry,1,34,2021-03-10,1,34.2,11.0,8.7,6.6,10.9,18.6,5.0,7,7.236309523809523,3.6999999999999997,9.5,152.00595238095238,42.958333333333336,193.33333333333334,15.004166666666666,12.733333333333334,15.766666666666666,98.29404761904763,98.04166666666667,98.51666666666667,395.28571428571433,363.4166666666667,436.5833333333333,15.482738095238094,13.366666666666667,16.208333333333332,1064.0416666666667
HwaSun,Strawberry,1,34,2021-03-10,2,31.2,10.0,8.6,6.7,8.8,18.2,3.0,7,7.236309523809523,3.6999999999999997,9.5,152.00595238095238,42.958333333333336,193.33333333333334,15.004166666666666,12.733333333333334,15.766666666666666,98.29404761904763,98.04166666666667,98.51666666666667,395.28571428571433,363.4166666666667,436.5833333333333,15.482738095238094,13.366666666666667,16.208333333333332,1064.0416666666667
HwaSun,Strawberry,1,34,2021-03-10,3,32.5,10.0,8.0,6.2,10.0,18.6,4.0,7,7.236309523809523,3.6999999999999997,9.5,152.00595238095238,42.958333333333336,193.33333333333334,15.004166666666666,12.733333333333334,15.766666666666666,98.29404761904763,98.04166666666667,98.51666666666667,395.28571428571433,363.4166666666667,436.5833333333333,15.482738095238094,13.366666666666667,16.208333333333332,1064.0416666666667
HwaSun,Strawberry,1,34,2021-03-10,4,35.5,14.0,8.5,6.3,11.0,18.8,3.0,7,7.236309523809523,3.6999999999999997,9.5,152.00595238095238,42.958333333333336,193.33333333333334,15.004166666666666,12.733333333333334,15.766666666666666,98.29404761904763,98.04166666666667,98.51666666666667,395.28571428571433,363.4166666666667,436.5833333333333,15.482738095238094,13.366666666666667,16.208333333333332,1064.0416666666667
HwaSun,Strawberry,1,34,2021-03-17,1,34.3,10.0,7.7,6.5,8.3,18.7,5.0,7,8.70595238095238,7.045833333333333,10.658333333333333,174.95238095238093,57.291666666666664,215.29166666666666,15.31607142857143,13.6875,16.195833333333333,98.23809523809523,98.0625,98.51666666666667,368.4404761904762,308.0833333333333,403.0416666666667,15.987499999999999,14.075000000000001,17.054166666666667,1224.6666666666665
HwaSun,Strawberry,1,34,2021-03-17,2,31.2,13.0,8.6,6.6,9.4,18.3,3.0,7,8.70595238095238,7.045833333333333,10.658333333333333,174.95238095238093,57.291666666666664,215.29166666666666,15.31607142857143,13.6875,16.195833333333333,98.23809523809523,98.0625,98.51666666666667,368.4404761904762,308.0833333333333,403.0416666666667,15.987499999999999,14.075000000000001,17.054166666666667,1224.6666666666665
HwaSun,Strawberry,1,34,2021-03-17,3,33.0,12.0,7.6,6.2,11.0,18.7,2.0,7,8.70595238095238,7.045833333333333,10.658333333333333,174.95238095238093,57.291666666666664,215.29166666666666,15.31607142857143,13.6875,16.195833333333333,98.23809523809523,98.0625,98.51666666666667,368.4404761904762,308.0833333333333,403.0416666666667,15.987499999999999,14.075000000000001,17.054166666666667,1224.6666666666665
HwaSun,Strawberry,1,34,2021-03-17,4,35.5,14.0,7.9,6.2,11.5,18.9,1.5,7,8.70595238095238,7.045833333333333,10.658333333333333,174.95238095238093,57.291666666666664,215.29166666666666,15.31607142857143,13.6875,16.195833333333333,98.23809523809523,98.0625,98.51666666666667,368.4404761904762,308.0833333333333,403.0416666666667,15.987499999999999,14.075000000000001,17.054166666666667,1224.6666666666665
HwaSun,Strawberry,1,34,2021-03-24,1,19.5,6.0,8.3,6.7,9.8,17.6,3.0,7,8.061958874458876,6.370833333333334,11.841666666666667,180.1417748917749,35.958333333333336,231.375,14.948863636363637,13.208333333333334,17.3625,98.21607142857144,98.10416666666667,98.37083333333334,379.4047619047619,328.4166666666667,416.0,15.743560606060607,13.679166666666667,18.266666666666666,1260.9924242424242
HwaSun,Strawberry,1,34,2021-03-24,2,22.5,8.0,8.7,6.5,9.0,17.4,3.0,7,8.061958874458876,6.370833333333334,11.841666666666667,180.1417748917749,35.958333333333336,231.375,14.948863636363637,13.208333333333334,17.3625,98.21607142857144,98.10416666666667,98.37083333333334,379.4047619047619,328.4166666666667,416.0,15.743560606060607,13.679166666666667,18.266666666666666,1260.9924242424242
HwaSun,Strawberry,1,34,2021-03-24,3,33.5,10.0,7.7,6.5,11.0,17.8,3.0,7,8.061958874458876,6.370833333333334,11.841666666666667,180.1417748917749,35.958333333333336,231.375,14.948863636363637,13.208333333333334,17.3625,98.21607142857144,98.10416666666667,98.37083333333334,379.4047619047619,328.4166666666667,416.0,15.743560606060607,13.679166666666667,18.266666666666666,1260.9924242424242
HwaSun,Strawberry,1,34,2021-03-24,4,30.0,12.0,9.7,7.4,13.6,17.9,2.0,7,8.061958874458876,6.370833333333334,11.841666666666667,180.1417748917749,35.958333333333336,231.375,14.948863636363637,13.208333333333334,17.3625,98.21607142857144,98.10416666666667,98.37083333333334,379.4047619047619,328.4166666666667,416.0,15.743560606060607,13.679166666666667,18.266666666666666,1260.9924242424242
HwaSun,Strawberry,1,34,2021-03-31,1,20.5,7.0,8.6,7.0,10.4,17.6,2.0,7,11.145238095238097,8.216666666666667,12.770833333333334,173.53571428571428,31.666666666666668,245.08333333333334,15.629761904761905,14.416666666666666,16.608333333333334,98.31964285714287,97.8625,98.66250000000001,358.5595238095238,303.4583333333333,427.0833333333333,16.181547619047617,14.924999999999999,16.845833333333335,1214.75
HwaSun,Strawberry,1,34,2021-03-31,2,22.5,7.0,7.6,6.2,10.2,17.4,2.0,7,11.145238095238097,8.216666666666667,12.770833333333334,173.53571428571428,31.666666666666668,245.08333333333334,15.629761904761905,14.416666666666666,16.608333333333334,98.31964285714287,97.8625,98.66250000000001,358.5595238095238,303.4583333333333,427.0833333333333,16.181547619047617,14.924999999999999,16.845833333333335,1214.75
HwaSun,Strawberry,1,34,2021-03-31,3,30.5,11.0,7.7,6.6,10.7,17.9,2.0,7,11.145238095238097,8.216666666666667,12.770833333333334,173.53571428571428,31.666666666666668,245.08333333333334,15.629761904761905,14.416666666666666,16.608333333333334,98.31964285714287,97.8625,98.66250000000001,358.5595238095238,303.4583333333333,427.0833333333333,16.181547619047617,14.924999999999999,16.845833333333335,1214.75
HwaSun,Strawberry,1,34,2021-03-31,4,30.3,13.0,9.3,7.1,12.9,17.9,1.5,7,11.145238095238097,8.216666666666667,12.770833333333334,173.53571428571428,31.666666666666668,245.08333333333334,15.629761904761905,14.416666666666666,16.608333333333334,98.31964285714287,97.8625,98.66250000000001,358.5595238095238,303.4583333333333,427.0833333333333,16.181547619047617,14.924999999999999,16.845833333333335,1214.75
HwaSun,Strawberry,1,34,2021-04-07,1,26.5,8.0,9.2,7.3,16.4,17.6,1.0,7,12.994642857142855,10.2375,17.3,139.85714285714286,28.791666666666668,247.375,16.186309523809527,14.179166666666667,18.008333333333333,98.40357142857144,98.02083333333333,98.84583333333335,326.22023809523813,296.0416666666667,412.4166666666667,16.6375,14.512500000000001,18.520833333333332,979.0000000000001
HwaSun,Strawberry,1,34,2021-04-07,2,26.0,9.0,8.6,7.6,16.3,17.4,2.0,7,12.994642857142855,10.2375,17.3,139.85714285714286,28.791666666666668,247.375,16.186309523809527,14.179166666666667,18.008333333333333,98.40357142857144,98.02083333333333,98.84583333333335,326.22023809523813,296.0416666666667,412.4166666666667,16.6375,14.512500000000001,18.520833333333332,979.0000000000001
HwaSun,Strawberry,1,34,2021-04-07,3,32.2,13.0,7.7,6.9,10.2,17.9,1.5,7,12.994642857142855,10.2375,17.3,139.85714285714286,28.791666666666668,247.375,16.186309523809527,14.179166666666667,18.008333333333333,98.40357142857144,98.02083333333333,98.84583333333335,326.22023809523813,296.0416666666667,412.4166666666667,16.6375,14.512500000000001,18.520833333333332,979.0000000000001
HwaSun,Strawberry,1,34,2021-04-07,4,35.0,16.0,9.0,8.1,14.1,17.9,1.0,7,12.994642857142855,10.2375,17.3,139.85714285714286,28.791666666666668,247.375,16.186309523809527,14.179166666666667,18.008333333333333,98.40357142857144,98.02083333333333,98.84583333333335,326.22023809523813,296.0416666666667,412.4166666666667,16.6375,14.512500000000001,18.520833333333332,979.0000000000001
HwaSun,Strawberry,1,34,2021-04-15,1,28.0,7.0,9.8,8.0,16.5,17.6,3.0,7,11.014803312629398,8.470833333333333,12.945833333333333,214.37111801242236,39.625,289.3478260869565,15.900465838509316,14.708333333333334,16.870833333333334,98.33198757763977,98.00416666666666,98.85000000000001,343.8819875776398,295.875,386.75,16.676837474120084,15.0375,18.175,1500.5978260869565
HwaSun,Strawberry,1,34,2021-04-15,2,32.8,9.0,9.3,8.4,17.7,17.5,2.0,7,11.014803312629398,8.470833333333333,12.945833333333333,214.37111801242236,39.625,289.3478260869565,15.900465838509316,14.708333333333334,16.870833333333334,98.33198757763977,98.00416666666666,98.85000000000001,343.8819875776398,295.875,386.75,16.676837474120084,15.0375,18.175,1500.5978260869565
HwaSun,Strawberry,1,34,2021-04-15,3,33.0,9.0,10.1,7.9,16.2,17.9,2.3333333333333335,7,11.014803312629398,8.470833333333333,12.945833333333333,214.37111801242236,39.625,289.3478260869565,15.900465838509316,14.708333333333334,16.870833333333334,98.33198757763977,98.00416666666666,98.85000000000001,343.8819875776398,295.875,386.75,16.676837474120084,15.0375,18.175,1500.5978260869565
HwaSun,Strawberry,1,34,2021-04-15,4,35.5,14.0,11.1,8.5,19.8,17.9,1.0,7,11.014803312629398,8.470833333333333,12.945833333333333,214.37111801242236,39.625,289.3478260869565,15.900465838509316,14.708333333333334,16.870833333333334,98.33198757763977,98.00416666666666,98.85000000000001,343.8819875776398,295.875,386.75,16.676837474120084,15.0375,18.175,1500.5978260869565
HwaSun,Strawberry,1,34,2021-04-21,1,30.0,7.0,10.0,8.5,17.5,17.8,1.5,7,9.901190476190477,8.237499999999999,12.233333333333334,244.95238095238096,120.54166666666667,285.7083333333333,15.396428571428572,14.708333333333334,16.633333333333333,98.25416666666668,98.00416666666666,98.44166666666666,345.98214285714295,283.5416666666667,386.75,15.774404761904762,14.783333333333333,17.020833333333332,1714.6666666666667
HwaSun,Strawberry,1,34,2021-04-21,2,37.2,8.0,10.0,8.7,17.6,17.6,2.0,7,9.901190476190477,8.237499999999999,12.233333333333334,244.95238095238096,120.54166666666667,285.7083333333333,15.396428571428572,14.708333333333334,16.633333333333333,98.25416666666668,98.00416666666666,98.44166666666666,345.98214285714295,283.5416666666667,386.75,15.774404761904762,14.783333333333333,17.020833333333332,1714.6666666666667
HwaSun,Strawberry,1,34,2021-04-21,3,37.9,11.0,10.2,8.5,18.0,18.0,1.75,7,9.901190476190477,8.237499999999999,12.233333333333334,244.95238095238096,120.54166666666667,285.7083333333333,15.396428571428572,14.708333333333334,16.633333333333333,98.25416666666668,98.00416666666666,98.44166666666666,345.98214285714295,283.5416666666667,386.75,15.774404761904762,14.783333333333333,17.020833333333332,1714.6666666666667
HwaSun,Strawberry,1,34,2021-04-21,4,39.1,15.0,12.2,9.7,20.1,18.0,1.6666666666666667,7,9.901190476190477,8.237499999999999,12.233333333333334,244.95238095238096,120.54166666666667,285.7083333333333,15.396428571428572,14.708333333333334,16.633333333333333,98.25416666666668,98.00416666666666,98.44166666666666,345.98214285714295,283.5416666666667,386.75,15.774404761904762,14.783333333333333,17.020833333333332,1714.6666666666667
HwaSun,Strawberry,1,34,2021-04-29,1,39.7,6.0,13.7,11.5,22.8,17.8,1.5,7,16.18869047619048,13.733333333333334,19.7625,215.45238095238093,88.25,284.0833333333333,17.78690476190476,15.9375,20.175,98.4672619047619,97.97083333333335,98.8,297.2202380952381,277.7083333333333,323.8333333333333,18.464880952380952,16.858333333333334,20.779166666666665,1508.1666666666665
HwaSun,Strawberry,1,34,2021-04-29,2,38.6,9.0,11.9,9.2,24.4,17.6,1.5,7,16.18869047619048,13.733333333333334,19.7625,215.45238095238093,88.25,284.0833333333333,17.78690476190476,15.9375,20.175,98.4672619047619,97.97083333333335,98.8,297.2202380952381,277.7083333333333,323.8333333333333,18.464880952380952,16.858333333333334,20.779166666666665,1508.1666666666665
HwaSun,Strawberry,1,34,2021-04-29,3,41.2,10.0,12.3,11.0,25.9,18.0,2.25,7,16.18869047619048,13.733333333333334,19.7625,215.45238095238093,88.25,284.0833333333333,17.78690476190476,15.9375,20.175,98.4672619047619,97.97083333333335,98.8,297.2202380952381,277.7083333333333,323.8333333333333,18.464880952380952,16.858333333333334,20.779166666666665,1508.1666666666665
HwaSun,Strawberry,1,34,2021-04-29,4,43.5,12.0,12.5,10.3,21.3,18.0,2.3333333333333335,7,16.18869047619048,13.733333333333334,19.7625,215.45238095238093,88.25,284.0833333333333,17.78690476190476,15.9375,20.175,98.4672619047619,97.97083333333335,98.8,297.2202380952381,277.7083333333333,323.8333333333333,18.464880952380952,16.858333333333334,20.779166666666665,1508.1666666666665
HwaSun,Strawberry,1,34,2021-05-07,1,40.2,7.0,15.1,11.8,25.9,17.8,1.0,7,12.842431972789115,10.049999999999999,16.483333333333334,207.9387755102041,80.125,292.0833333333333,15.99311224489796,13.7875,17.8875,98.21496598639455,97.95,98.6375,281.7108843537415,254.95833333333334,298.9166666666667,16.656292517006804,14.695833333333333,18.5125,1455.5714285714287
HwaSun,Strawberry,1,34,2021-05-07,2,39.7,8.0,12.7,9.5,26.1,17.6,1.3333333333333333,7,12.842431972789115,10.049999999999999,16.483333333333334,207.9387755102041,80.125,292.0833333333333,15.99311224489796,13.7875,17.8875,98.21496598639455,97.95,98.6375,281.7108843537415,254.95833333333334,298.9166666666667,16.656292517006804,14.695833333333333,18.5125,1455.5714285714287
HwaSun,Strawberry,1,34,2021-05-07,3,43.5,11.0,12.2,11.1,26.0,17.9,1.6666666666666667,7,12.842431972789115,10.049999999999999,16.483333333333334,207.9387755102041,80.125,292.0833333333333,15.99311224489796,13.7875,17.8875,98.21496598639455,97.95,98.6375,281.7108843537415,254.95833333333334,298.9166666666667,16.656292517006804,14.695833333333333,18.5125,1455.5714285714287
HwaSun,Strawberry,1,34,2021-05-07,4,44.6,12.0,12.3,10.1,21.3,18.1,1.3333333333333333,7,12.842431972789115,10.049999999999999,16.483333333333334,207.9387755102041,80.125,292.0833333333333,15.99311224489796,13.7875,17.8875,98.21496598639455,97.95,98.6375,281.7108843537415,254.95833333333334,298.9166666666667,16.656292517006804,14.695833333333333,18.5125,1455.5714285714287
HwaSun,Strawberry,1,34,2021-05-13,1,43.5,7.0,15.7,12.4,27.2,17.9,1.0,7,15.855952380952377,12.645833333333334,20.241666666666667,213.3511904761905,143.29166666666666,286.7083333333333,17.872619047619047,15.1625,21.837500000000002,98.4797619047619,98.01666666666667,98.8875,287.8095238095238,279.8333333333333,294.3333333333333,18.35238095238095,15.716666666666667,22.525000000000002,1493.4583333333335
HwaSun,Strawberry,1,34,2021-05-13,2,41.5,7.0,13.4,9.8,26.9,17.7,1.5,7,15.855952380952377,12.645833333333334,20.241666666666667,213.3511904761905,143.29166666666666,286.7083333333333,17.872619047619047,15.1625,21.837500000000002,98.4797619047619,98.01666666666667,98.8875,287.8095238095238,279.8333333333333,294.3333333333333,18.35238095238095,15.716666666666667,22.525000000000002,1493.4583333333335
HwaSun,Strawberry,1,34,2021-05-13,3,46.2,12.0,10.8,8.4,26.5,18.0,1.6666666666666667,7,15.855952380952377,12.645833333333334,20.241666666666667,213.3511904761905,143.29166666666666,286.7083333333333,17.872619047619047,15.1625,21.837500000000002,98.4797619047619,98.01666666666667,98.8875,287.8095238095238,279.8333333333333,294.3333333333333,18.35238095238095,15.716666666666667,22.525000000000002,1493.4583333333335
HwaSun,Strawberry,1,34,2021-05-13,4,47.5,13.0,12.7,9.6,22.8,18.2,1.5,7,15.855952380952377,12.645833333333334,20.241666666666667,213.3511904761905,143.29166666666666,286.7083333333333,17.872619047619047,15.1625,21.837500000000002,98.4797619047619,98.01666666666667,98.8875,287.8095238095238,279.8333333333333,294.3333333333333,18.35238095238095,15.716666666666667,22.525000000000002,1493.4583333333335
HwaSun,Strawberry,1,34,2021-05-21,1,48.2,8.0,12.3,9.7,27.1,17.8,3.0,7,18.745833333333334,15.737499999999999,21.283333333333335,119.88690476190474,43.791666666666664,272.625,20.51071428571429,17.504166666666666,22.858333333333334,98.48095238095239,98.25,98.75416666666666,294.6369047619047,270.125,309.125,20.711904761904766,17.566666666666666,23.183333333333334,839.2083333333333
HwaSun,Strawberry,1,34,2021-05-21,2,43.3,8.0,12.8,9.9,26.5,17.6,1.5,7,18.745833333333334,15.737499999999999,21.283333333333335,119.88690476190474,43.791666666666664,272.625,20.51071428571429,17.504166666666666,22.858333333333334,98.48095238095239,98.25,98.75416666666666,294.6369047619047,270.125,309.125,20.711904761904766,17.566666666666666,23.183333333333334,839.2083333333333
HwaSun,Strawberry,1,34,2021-05-21,3,46.8,13.0,10.2,8.9,27.4,17.9,1.6666666666666667,7,18.745833333333334,15.737499999999999,21.283333333333335,119.88690476190474,43.791666666666664,272.625,20.51071428571429,17.504166666666666,22.858333333333334,98.48095238095239,98.25,98.75416666666666,294.6369047619047,270.125,309.125,20.711904761904766,17.566666666666666,23.183333333333334,839.2083333333333
HwaSun,Strawberry,1,34,2021-05-21,4,50.5,13.0,12.7,10.3,22.8,18.1,2.4,7,18.745833333333334,15.737499999999999,21.283333333333335,119.88690476190474,43.791666666666664,272.625,20.51071428571429,17.504166666666666,22.858333333333334,98.48095238095239,98.25,98.75416666666666,294.6369047619047,270.125,309.125,20.711904761904766,17.566666666666666,23.183333333333334,839.2083333333333
JinCheon,Strawberry,1,5,2020-10-20,4,25.0,18.0,9.6,8.3,7.5,15.1,1.0,7,8.785714285714286,7.3625,9.679166666666667,907.3333333333334,906.75,908.2083333333334,17.501190476190477,15.916666666666666,18.1125,75.87857142857145,73.13333333333334,83.10833333333333,676.8452380952382,650.1666666666666,698.2916666666666,17.511309523809526,16.95,18.520833333333332,6351.333333333334
JinCheon,Strawberry,1,5,2020-10-27,1,23.5,21.0,12.0,9.0,11.7,16.87,2.0,7,7.171428571428572,3.6666666666666665,10.325000000000001,907.6071428571429,906.6666666666666,908.4166666666666,17.886309523809523,15.679166666666667,19.095833333333335,78.1327380952381,72.6375,88.04583333333333,686.7619047619048,641.5833333333334,726.4166666666666,18.194642857142856,17.295833333333334,19.1125,6353.25
JinCheon,Strawberry,1,5,2020-10-27,2,29.0,15.0,12.9,10.5,14.0,18.77,2.0,7,7.171428571428572,3.6666666666666665,10.325000000000001,907.6071428571429,906.6666666666666,908.4166666666666,17.886309523809523,15.679166666666667,19.095833333333335,78.1327380952381,72.6375,88.04583333333333,686.7619047619048,641.5833333333334,726.4166666666666,18.194642857142856,17.295833333333334,19.1125,6353.25
JinCheon,Strawberry,1,5,2020-10-27,3,30.0,15.0,12.0,8.5,16.0,16.5,5.0,7,7.171428571428572,3.6666666666666665,10.325000000000001,907.6071428571429,906.6666666666666,908.4166666666666,17.886309523809523,15.679166666666667,19.095833333333335,78.1327380952381,72.6375,88.04583333333333,686.7619047619048,641.5833333333334,726.4166666666666,18.194642857142856,17.295833333333334,19.1125,6353.25
JinCheon,Strawberry,1,5,2020-10-27,4,27.9,18.0,12.5,11.7,10.5,16.78,4.0,7,7.171428571428572,3.6666666666666665,10.325000000000001,907.6071428571429,906.6666666666666,908.4166666666666,17.886309523809523,15.679166666666667,19.095833333333335,78.1327380952381,72.6375,88.04583333333333,686.7619047619048,641.5833333333334,726.4166666666666,18.194642857142856,17.295833333333334,19.1125,6353.25
JinCheon,Strawberry,1,5,2020-11-03,1,26.6,21.0,12.1,9.3,14.1,16.89,6.0,7,7.707298136645962,5.208333333333333,10.441666666666666,907.618530020704,906.9130434782609,908.25,18.128053830227742,16.225,19.233333333333334,80.827950310559,75.95416666666667,94.85000000000001,739.8762939958591,688.5416666666666,857.2173913043479,18.666407867494826,17.956521739130434,19.241666666666667,6353.329710144928
JinCheon,Strawberry,1,5,2020-11-03,2,32.8,27.0,12.4,10.5,14.3,18.89,6.0,7,7.707298136645962,5.208333333333333,10.441666666666666,907.618530020704,906.9130434782609,908.25,18.128053830227742,16.225,19.233333333333334,80.827950310559,75.95416666666667,94.85000000000001,739.8762939958591,688.5416666666666,857.2173913043479,18.666407867494826,17.956521739130434,19.241666666666667,6353.329710144928
JinCheon,Strawberry,1,5,2020-11-03,3,34.3,21.0,12.4,9.3,16.8,17.78,11.0,7,7.707298136645962,5.208333333333333,10.441666666666666,907.618530020704,906.9130434782609,908.25,18.128053830227742,16.225,19.233333333333334,80.827950310559,75.95416666666667,94.85000000000001,739.8762939958591,688.5416666666666,857.2173913043479,18.666407867494826,17.956521739130434,19.241666666666667,6353.329710144928
JinCheon,Strawberry,1,5,2020-11-03,4,31.5,21.0,11.8,10.6,11.0,17.84,11.0,7,7.707298136645962,5.208333333333333,10.441666666666666,907.618530020704,906.9130434782609,908.25,18.128053830227742,16.225,19.233333333333334,80.827950310559,75.95416666666667,94.85000000000001,739.8762939958591,688.5416666666666,857.2173913043479,18.666407867494826,17.956521739130434,19.241666666666667,6353.329710144928
JinCheon,Strawberry,1,5,2020-11-10,1,32.0,21.0,12.6,10.0,10.2,16.98,11.0,7,4.685714285714286,0.23333333333333325,9.066666666666666,907.5952380952382,906.5,908.375,17.44107142857143,16.729166666666668,18.400000000000002,85.65833333333333,82.58749999999999,90.35000000000001,696.3571428571429,648.0416666666666,755.3333333333334,18.694642857142856,18.3875,19.158333333333335,6353.166666666667
JinCheon,Strawberry,1,5,2020-11-10,2,35.2,21.0,12.5,9.3,17.3,19.12,11.0,7,4.685714285714286,0.23333333333333325,9.066666666666666,907.5952380952382,906.5,908.375,17.44107142857143,16.729166666666668,18.400000000000002,85.65833333333333,82.58749999999999,90.35000000000001,696.3571428571429,648.0416666666666,755.3333333333334,18.694642857142856,18.3875,19.158333333333335,6353.166666666667
JinCheon,Strawberry,1,5,2020-11-10,3,35.0,18.0,12.2,11.0,11.1,19.11,15.0,7,4.685714285714286,0.23333333333333325,9.066666666666666,907.5952380952382,906.5,908.375,17.44107142857143,16.729166666666668,18.400000000000002,85.65833333333333,82.58749999999999,90.35000000000001,696.3571428571429,648.0416666666666,755.3333333333334,18.694642857142856,18.3875,19.158333333333335,6353.166666666667
JinCheon,Strawberry,1,5,2020-11-10,4,33.6,21.0,12.2,10.2,11.0,17.92,15.0,7,4.685714285714286,0.23333333333333325,9.066666666666666,907.5952380952382,906.5,908.375,17.44107142857143,16.729166666666668,18.400000000000002,85.65833333333333,82.58749999999999,90.35000000000001,696.3571428571429,648.0416666666666,755.3333333333334,18.694642857142856,18.3875,19.158333333333335,6353.166666666667
JinCheon,Strawberry,1,5,2020-11-17,1,32.0,21.0,12.3,9.5,13.5,17.32,13.0,7,4.367857142857143,3.1958333333333333,5.695833333333334,908.0833333333334,907.2916666666666,909.0833333333334,17.479166666666664,16.816666666666666,17.825,85.66607142857143,84.27083333333333,87.08333333333333,741.6011904761905,673.375,867.9166666666666,18.03095238095238,17.379166666666666,18.55,6356.583333333334
JinCheon,Strawberry,1,5,2020-11-17,2,35.0,21.0,13.2,9.7,19.5,19.79,14.0,7,4.367857142857143,3.1958333333333333,5.695833333333334,908.0833333333334,907.2916666666666,909.0833333333334,17.479166666666664,16.816666666666666,17.825,85.66607142857143,84.27083333333333,87.08333333333333,741.6011904761905,673.375,867.9166666666666,18.03095238095238,17.379166666666666,18.55,6356.583333333334
JinCheon,Strawberry,1,5,2020-11-17,3,36.9,24.0,12.8,9.6,17.5,19.21,18.0,7,4.367857142857143,3.1958333333333333,5.695833333333334,908.0833333333334,907.2916666666666,909.0833333333334,17.479166666666664,16.816666666666666,17.825,85.66607142857143,84.27083333333333,87.08333333333333,741.6011904761905,673.375,867.9166666666666,18.03095238095238,17.379166666666666,18.55,6356.583333333334
JinCheon,Strawberry,1,5,2020-11-17,4,31.3,27.0,12.3,9.2,18.0,18.26,16.0,7,4.367857142857143,3.1958333333333333,5.695833333333334,908.0833333333334,907.2916666666666,909.0833333333334,17.479166666666664,16.816666666666666,17.825,85.66607142857143,84.27083333333333,87.08333333333333,741.6011904761905,673.375,867.9166666666666,18.03095238095238,17.379166666666666,18.55,6356.583333333334
JinCheon,Strawberry,1,5,2020-11-24,1,30.2,24.0,12.0,9.5,13.2,18.81,5.0,7,5.6761904761904765,-2.35,11.983333333333334,870.2142857142857,643.75,908.75,15.805952380952379,13.358333333333334,17.566666666666666,91.36666666666666,83.69166666666666,96.47083333333335,676.0952380952382,584.7916666666666,771.7083333333334,16.753571428571426,15.733333333333334,17.933333333333334,6091.5
JinCheon,Strawberry,1,5,2020-11-24,2,32.4,27.0,13.2,10.1,16.0,19.83,6.0,7,5.6761904761904765,-2.35,11.983333333333334,870.2142857142857,643.75,908.75,15.805952380952379,13.358333333333334,17.566666666666666,91.36666666666666,83.69166666666666,96.47083333333335,676.0952380952382,584.7916666666666,771.7083333333334,16.753571428571426,15.733333333333334,17.933333333333334,6091.5
JinCheon,Strawberry,1,5,2020-11-24,3,36.0,27.0,13.1,10.0,20.0,19.6,9.0,7,5.6761904761904765,-2.35,11.983333333333334,870.2142857142857,643.75,908.75,15.805952380952379,13.358333333333334,17.566666666666666,91.36666666666666,83.69166666666666,96.47083333333335,676.0952380952382,584.7916666666666,771.7083333333334,16.753571428571426,15.733333333333334,17.933333333333334,6091.5
JinCheon,Strawberry,1,5,2020-11-24,4,33.0,27.0,12.2,10.5,11.0,18.33,9.0,7,5.6761904761904765,-2.35,11.983333333333334,870.2142857142857,643.75,908.75,15.805952380952379,13.358333333333334,17.566666666666666,91.36666666666666,83.69166666666666,96.47083333333335,676.0952380952382,584.7916666666666,771.7083333333334,16.753571428571426,15.733333333333334,17.933333333333334,6091.5
JinCheon,Strawberry,1,5,2020-12-01,1,34.3,27.0,11.9,10.8,11.0,20.78,4.0,7,2.264880952380952,-0.7124999999999999,4.3,130.63690476190476,69.54166666666667,160.91666666666666,14.126785714285713,13.304166666666667,14.858333333333334,87.05535714285715,84.3125,91.175,624.7321428571429,586.9166666666666,691.6666666666666,15.025000000000002,14.720833333333333,15.258333333333333,914.4583333333333
JinCheon,Strawberry,1,5,2020-12-01,2,35.0,24.0,12.3,11.0,16.6,19.85,4.0,7,2.264880952380952,-0.7124999999999999,4.3,130.63690476190476,69.54166666666667,160.91666666666666,14.126785714285713,13.304166666666667,14.858333333333334,87.05535714285715,84.3125,91.175,624.7321428571429,586.9166666666666,691.6666666666666,15.025000000000002,14.720833333333333,15.258333333333333,914.4583333333333
JinCheon,Strawberry,1,5,2020-12-01,3,36.4,24.0,8.1,6.1,15.0,19.76,6.0,7,2.264880952380952,-0.7124999999999999,4.3,130.63690476190476,69.54166666666667,160.91666666666666,14.126785714285713,13.304166666666667,14.858333333333334,87.05535714285715,84.3125,91.175,624.7321428571429,586.9166666666666,691.6666666666666,15.025000000000002,14.720833333333333,15.258333333333333,914.4583333333333
JinCheon,Strawberry,1,5,2020-12-01,4,34.1,27.0,12.0,8.8,19.8,19.73,4.0,7,2.264880952380952,-0.7124999999999999,4.3,130.63690476190476,69.54166666666667,160.91666666666666,14.126785714285713,13.304166666666667,14.858333333333334,87.05535714285715,84.3125,91.175,624.7321428571429,586.9166666666666,691.6666666666666,15.025000000000002,14.720833333333333,15.258333333333333,914.4583333333333
JinCheon,Strawberry,1,5,2020-12-08,1,32.3,30.0,12.8,10.0,13.2,20.98,2.0,7,0.5773809523809524,-1.2875,2.470833333333333,121.11309523809526,60.25,157.08333333333334,13.381547619047618,11.9125,14.545833333333334,88.43869047619047,85.11666666666666,92.625,656.077380952381,634.3333333333334,694.7916666666666,14.594642857142857,13.775,15.541666666666666,847.7916666666667
JinCheon,Strawberry,1,5,2020-12-08,2,35.0,24.0,11.0,8.8,20.0,20.53,3.0,7,0.5773809523809524,-1.2875,2.470833333333333,121.11309523809526,60.25,157.08333333333334,13.381547619047618,11.9125,14.545833333333334,88.43869047619047,85.11666666666666,92.625,656.077380952381,634.3333333333334,694.7916666666666,14.594642857142857,13.775,15.541666666666666,847.7916666666667
JinCheon,Strawberry,1,5,2020-12-08,3,35.0,24.0,5.5,7.0,13.6,20.86,4.0,7,0.5773809523809524,-1.2875,2.470833333333333,121.11309523809526,60.25,157.08333333333334,13.381547619047618,11.9125,14.545833333333334,88.43869047619047,85.11666666666666,92.625,656.077380952381,634.3333333333334,694.7916666666666,14.594642857142857,13.775,15.541666666666666,847.7916666666667
JinCheon,Strawberry,1,5,2020-12-08,4,32.9,27.0,12.2,8.9,19.0,20.83,4.0,7,0.5773809523809524,-1.2875,2.470833333333333,121.11309523809526,60.25,157.08333333333334,13.381547619047618,11.9125,14.545833333333334,88.43869047619047,85.11666666666666,92.625,656.077380952381,634.3333333333334,694.7916666666666,14.594642857142857,13.775,15.541666666666666,847.7916666666667
JinCheon,Strawberry,1,5,2020-12-15,2,35.1,24.0,13.5,10.1,18.3,20.91,1.0,7,-0.11738095238095246,-6.033333333333333,4.2250000000000005,111.57551020408164,1.6,156.125,12.218809523809524,7.590000000000001,13.508333333333333,89.45727891156464,85.95,95.82000000000001,627.6020408163265,534.25,787.047619047619,13.373605442176869,11.761904761904763,14.2875,781.0285714285715
JinCheon,Strawberry,1,5,2020-12-15,3,37.6,27.0,12.6,11.5,12.1,21.38,2.0,7,-0.11738095238095246,-6.033333333333333,4.2250000000000005,111.57551020408164,1.6,156.125,12.218809523809524,7.590000000000001,13.508333333333333,89.45727891156464,85.95,95.82000000000001,627.6020408163265,534.25,787.047619047619,13.373605442176869,11.761904761904763,14.2875,781.0285714285715
JinCheon,Strawberry,1,5,2020-12-15,4,34.2,30.0,9.0,6.8,17.2,22.57,1.0,7,-0.11738095238095246,-6.033333333333333,4.2250000000000005,111.57551020408164,1.6,156.125,12.218809523809524,7.590000000000001,13.508333333333333,89.45727891156464,85.95,95.82000000000001,627.6020408163265,534.25,787.047619047619,13.373605442176869,11.761904761904763,14.2875,781.0285714285715
JinCheon,Strawberry,1,5,2021-01-29,1,17.6,15.0,11.0,8.0,16.5,16.89,2.0,7,3.6029030910609863,-2.5055555555555555,6.741666666666667,106.33040935672514,38.625,165.3684210526316,13.723527568922306,10.8,15.710526315789474,89.84169799498747,83.71249999999999,94.875,620.8510860484546,518.25,821.1111111111111,14.980085630743526,14.122222222222222,15.984210526315788,744.312865497076
JinCheon,Strawberry,1,5,2021-01-29,3,20.7,12.0,13.5,10.0,16.0,17.14,1.0,7,3.6029030910609863,-2.5055555555555555,6.741666666666667,106.33040935672514,38.625,165.3684210526316,13.723527568922306,10.8,15.710526315789474,89.84169799498747,83.71249999999999,94.875,620.8510860484546,518.25,821.1111111111111,14.980085630743526,14.122222222222222,15.984210526315788,744.312865497076
JinCheon,Strawberry,1,5,2021-02-05,1,18.3,18.0,7.3,4.5,10.5,17.54,5.0,7,-1.4833195884969341,-6.410526315789474,5.216666666666667,161.71730462519938,108.125,192.21052631578948,15.269293292519835,13.862499999999999,15.927272727272726,83.91319293787829,80.60454545454546,88.81666666666666,643.3258690203771,604.1304347826087,673.8260869565217,15.497954495923604,15.112499999999999,15.808333333333332,1132.0211323763956
JinCheon,Strawberry,1,5,2021-02-05,3,20.8,15.0,13.5,10.5,15.5,17.18,2.0,7,-1.4833195884969341,-6.410526315789474,5.216666666666667,161.71730462519938,108.125,192.21052631578948,15.269293292519835,13.862499999999999,15.927272727272726,83.91319293787829,80.60454545454546,88.81666666666666,643.3258690203771,604.1304347826087,673.8260869565217,15.497954495923604,15.112499999999999,15.808333333333332,1132.0211323763956
JinCheon,Strawberry,1,5,2021-02-10,1,18.4,18.0,7.5,4.5,9.5,18.45,4.0,7,0.024305947675512782,-2.6681818181818184,5.2625,175.34721437982304,143.5909090909091,197.0,15.47559053265575,14.827272727272726,15.927272727272726,81.64718849990588,78.7909090909091,84.29130434782608,663.1841238471673,603.7272727272727,740.4782608695652,15.604950122341425,15.2,15.9625,1227.4305006587613
JinCheon,Strawberry,1,5,2021-02-10,3,21.5,15.0,12.0,8.5,18.7,17.38,4.0,7,0.024305947675512782,-2.6681818181818184,5.2625,175.34721437982304,143.5909090909091,197.0,15.47559053265575,14.827272727272726,15.927272727272726,81.64718849990588,78.7909090909091,84.29130434782608,663.1841238471673,603.7272727272727,740.4782608695652,15.604950122341425,15.2,15.9625,1227.4305006587613
JinCheon,Strawberry,1,5,2021-02-17,1,19.5,21.0,7.5,4.5,9.5,18.55,4.0,7,2.645678053830228,-3.783333333333333,7.104166666666667,138.7280020703934,88.91666666666667,199.30434782608697,15.15364906832298,13.325000000000001,16.379166666666666,83.44635093167702,76.08695652173913,88.6125,680.0398550724638,562.3333333333334,728.6666666666666,15.256340579710145,14.604166666666666,15.504166666666668,971.0960144927536
JinCheon,Strawberry,1,5,2021-02-17,3,22.6,15.0,14.5,10.0,19.0,17.91,4.0,7,2.645678053830228,-3.783333333333333,7.104166666666667,138.7280020703934,88.91666666666667,199.30434782608697,15.15364906832298,13.325000000000001,16.379166666666666,83.44635093167702,76.08695652173913,88.6125,680.0398550724638,562.3333333333334,728.6666666666666,15.256340579710145,14.604166666666666,15.504166666666668,971.0960144927536
JinCheon,Strawberry,1,5,2021-02-25,1,20.4,21.0,8.6,6.4,12.5,19.45,4.0,7,3.8861853002070395,-4.79,12.8375,201.7940476190476,178.91666666666666,231.35,16.98300724637681,16.595833333333335,17.979166666666668,75.73460144927537,72.17083333333333,79.82916666666667,695.7121118012421,669.75,751.0833333333334,16.15668219461698,15.535,16.608333333333334,1412.5583333333332
JinCheon,Strawberry,1,5,2021-02-25,3,22.9,15.0,15.0,8.8,20.0,18.15,4.0,7,3.8861853002070395,-4.79,12.8375,201.7940476190476,178.91666666666666,231.35,16.98300724637681,16.595833333333335,17.979166666666668,75.73460144927537,72.17083333333333,79.82916666666667,695.7121118012421,669.75,751.0833333333334,16.15668219461698,15.535,16.608333333333334,1412.5583333333332
JinCheon,Strawberry,1,5,2021-03-02,1,20.6,21.0,7.5,6.2,13.0,19.78,3.0,7,4.5652380952380955,0.4333333333333333,7.840000000000001,154.05833333333334,26.083333333333332,221.2,15.882499999999999,12.791666666666666,18.34,80.29095238095238,71.595,94.71666666666665,673.6488095238095,605.8333333333334,751.0833333333334,15.84297619047619,15.104166666666666,16.570833333333333,1078.4083333333333
JinCheon,Strawberry,1,5,2021-03-02,3,23.6,18.0,15.0,8.5,17.5,18.98,3.0,7,4.5652380952380955,0.4333333333333333,7.840000000000001,154.05833333333334,26.083333333333332,221.2,15.882499999999999,12.791666666666666,18.34,80.29095238095238,71.595,94.71666666666665,673.6488095238095,605.8333333333334,751.0833333333334,15.84297619047619,15.104166666666666,16.570833333333333,1078.4083333333333
JinCheon,Strawberry,1,5,2021-03-11,1,21.5,24.0,8.0,6.5,13.3,20.45,1.0,7,5.952380952380953,4.545833333333333,7.2875000000000005,178.95238095238096,111.33333333333333,231.41666666666666,16.138095238095236,14.554166666666667,17.745833333333334,78.56666666666668,71.125,87.15833333333335,655.8154761904761,617.625,682.4166666666666,15.935119047619049,15.591666666666667,16.216666666666665,1252.6666666666667
JinCheon,Strawberry,1,5,2021-03-11,3,23.4,18.0,15.0,10.3,15.5,19.55,2.0,7,5.952380952380953,4.545833333333333,7.2875000000000005,178.95238095238096,111.33333333333333,231.41666666666666,16.138095238095236,14.554166666666667,17.745833333333334,78.56666666666668,71.125,87.15833333333335,655.8154761904761,617.625,682.4166666666666,15.935119047619049,15.591666666666667,16.216666666666665,1252.6666666666667
JinCheon,Strawberry,1,5,2021-03-11,4,17.2,18.0,11.4,7.5,21.0,16.68,3.0,7,5.952380952380953,4.545833333333333,7.2875000000000005,178.95238095238096,111.33333333333333,231.41666666666666,16.138095238095236,14.554166666666667,17.745833333333334,78.56666666666668,71.125,87.15833333333335,655.8154761904761,617.625,682.4166666666666,15.935119047619049,15.591666666666667,16.216666666666665,1252.6666666666667
JinCheon,Strawberry,1,5,2021-03-19,2,21.8,15.0,13.5,10.5,15.5,18.7,2.0,7,9.020833333333332,7.675,10.820833333333333,198.98809523809524,59.666666666666664,254.875,16.68095238095238,13.816666666666668,18.379166666666666,75.69404761904762,69.00833333333334,91.49583333333334,674.1547619047618,611.375,720.125,16.38571428571429,15.483333333333334,17.3,1392.9166666666667
JinCheon,Strawberry,1,5,2021-03-19,4,17.6,21.0,9.5,7.7,26.5,16.9,3.0,7,9.020833333333332,7.675,10.820833333333333,198.98809523809524,59.666666666666664,254.875,16.68095238095238,13.816666666666668,18.379166666666666,75.69404761904762,69.00833333333334,91.49583333333334,674.1547619047618,611.375,720.125,16.38571428571429,15.483333333333334,17.3,1392.9166666666667
JinCheon,Strawberry,1,5,2021-03-22,2,21.5,18.0,16.0,7.0,24.0,19.87,3.0,7,9.714880952380952,6.216666666666666,14.0,203.5595238095238,53.708333333333336,254.875,17.09345238095238,14.795833333333334,19.429166666666667,75.44880952380952,69.00833333333334,91.41250000000001,663.2440476190477,590.0,720.125,16.839285714285715,15.512500000000001,18.5,1424.9166666666665
JinCheon,Strawberry,1,5,2021-03-22,4,18.4,24.0,12.0,5.0,17.5,17.25,3.0,7,9.714880952380952,6.216666666666666,14.0,203.5595238095238,53.708333333333336,254.875,17.09345238095238,14.795833333333334,19.429166666666667,75.44880952380952,69.00833333333334,91.41250000000001,663.2440476190477,590.0,720.125,16.839285714285715,15.512500000000001,18.5,1424.9166666666665
JinCheon,Strawberry,1,5,2021-03-31,2,22.5,18.0,15.0,8.5,21.0,19.6,3.0,7,10.854166666666668,8.737499999999999,12.179166666666667,197.48809523809524,49.625,276.9583333333333,17.053571428571427,14.950000000000001,18.716666666666665,75.17083333333333,65.67916666666666,92.44166666666666,677.3988095238094,577.9166666666666,726.375,16.77261904761905,16.195833333333333,17.604166666666668,1382.4166666666667
JinCheon,Strawberry,1,5,2021-03-31,4,18.5,24.0,13.0,5.5,21.0,17.55,3.0,7,10.854166666666668,8.737499999999999,12.179166666666667,197.48809523809524,49.625,276.9583333333333,17.053571428571427,14.950000000000001,18.716666666666665,75.17083333333333,65.67916666666666,92.44166666666666,677.3988095238094,577.9166666666666,726.375,16.77261904761905,16.195833333333333,17.604166666666668,1382.4166666666667
JinCheon,Strawberry,1,5,2021-04-06,1,23.8,21.0,11.6,7.5,18.0,20.45,1.0,7,12.982738095238094,10.066666666666666,16.741666666666667,215.04761904761904,65.83333333333333,300.75,17.025,15.066666666666668,18.729166666666668,68.37857142857142,58.354166666666664,82.51666666666667,639.3690476190476,551.4166666666666,715.7916666666666,16.657738095238095,15.733333333333334,17.358333333333334,1505.3333333333333
JinCheon,Strawberry,1,5,2021-04-06,2,22.8,18.0,15.0,8.5,20.5,20.11,3.0,7,12.982738095238094,10.066666666666666,16.741666666666667,215.04761904761904,65.83333333333333,300.75,17.025,15.066666666666668,18.729166666666668,68.37857142857142,58.354166666666664,82.51666666666667,639.3690476190476,551.4166666666666,715.7916666666666,16.657738095238095,15.733333333333334,17.358333333333334,1505.3333333333333
JinCheon,Strawberry,1,5,2021-04-06,4,19.5,21.0,11.4,7.3,30.0,17.9,3.0,7,12.982738095238094,10.066666666666666,16.741666666666667,215.04761904761904,65.83333333333333,300.75,17.025,15.066666666666668,18.729166666666668,68.37857142857142,58.354166666666664,82.51666666666667,639.3690476190476,551.4166666666666,715.7916666666666,16.657738095238095,15.733333333333334,17.358333333333334,1505.3333333333333
JinCheon,Strawberry,1,5,2021-04-12,2,23.6,21.0,15.2,8.6,22.3,19.96,3.0,7,11.76904761904762,10.066666666666666,13.204166666666666,279.2916666666667,251.0,300.75,16.429166666666667,15.9625,17.2375,64.47023809523809,61.29583333333333,66.48333333333333,677.7619047619048,643.8333333333334,705.125,16.182738095238093,15.733333333333334,16.645833333333332,1955.0416666666667
JinCheon,Strawberry,1,5,2021-04-12,4,19.7,21.0,15.5,9.8,21.0,18.48,3.0,7,11.76904761904762,10.066666666666666,13.204166666666666,279.2916666666667,251.0,300.75,16.429166666666667,15.9625,17.2375,64.47023809523809,61.29583333333333,66.48333333333333,677.7619047619048,643.8333333333334,705.125,16.182738095238093,15.733333333333334,16.645833333333332,1955.0416666666667
JinCheon,Strawberry,1,5,2021-04-20,2,23.9,21.0,15.0,8.8,20.0,20.17,3.0,7,10.092261904761903,8.204166666666667,11.604166666666666,243.0238095238095,73.20833333333333,307.2083333333333,15.361904761904762,12.970833333333333,17.491666666666667,69.42142857142856,62.387499999999996,82.51666666666667,682.2440476190477,652.5416666666666,711.25,15.522619047619049,14.0625,16.416666666666668,1701.1666666666665
JinCheon,Strawberry,1,5,2021-04-20,4,20.5,21.0,12.9,8.0,18.0,18.53,3.0,7,10.092261904761903,8.204166666666667,11.604166666666666,243.0238095238095,73.20833333333333,307.2083333333333,15.361904761904762,12.970833333333333,17.491666666666667,69.42142857142856,62.387499999999996,82.51666666666667,682.2440476190477,652.5416666666666,711.25,15.522619047619049,14.0625,16.416666666666668,1701.1666666666665
JinCheon,Strawberry,1,5,2021-04-29,2,24.7,24.0,14.5,10.5,10.5,20.11,3.0,7,17.41190476190476,15.308333333333332,21.4375,226.36904761904765,134.625,311.2916666666667,19.239285714285717,16.85833333333333,22.162499999999998,54.37678571428571,43.73333333333333,65.71666666666667,578.375,545.8333333333334,630.1666666666666,17.59702380952381,16.933333333333334,18.829166666666666,1584.5833333333335
JinCheon,Strawberry,1,5,2021-04-29,4,20.3,21.0,16.0,10.5,15.5,19.07,3.0,7,17.41190476190476,15.308333333333332,21.4375,226.36904761904765,134.625,311.2916666666667,19.239285714285717,16.85833333333333,22.162499999999998,54.37678571428571,43.73333333333333,65.71666666666667,578.375,545.8333333333334,630.1666666666666,17.59702380952381,16.933333333333334,18.829166666666666,1584.5833333333335
NamWon,Strawberry,1,24,2020-10-26,1,23.8,4.0,6.0,6.0,11.4,13.95,0.0,7,9.969785695772178,7.047058823529412,13.223809523809523,99.5301974189899,46.1764705882353,189.125,16.021918984985298,13.350000000000001,18.4625,60.6612892704462,51.8125,68.77826086956522,497.96379304230055,451.375,514.5384615384615,17.613944886761843,16.294444444444444,18.623809523809523,696.7113819329293
NamWon,Strawberry,1,24,2020-10-26,2,21.9,4.0,7.0,6.0,8.4,13.54,0.0,7,9.969785695772178,7.047058823529412,13.223809523809523,99.5301974189899,46.1764705882353,189.125,16.021918984985298,13.350000000000001,18.4625,60.6612892704462,51.8125,68.77826086956522,497.96379304230055,451.375,514.5384615384615,17.613944886761843,16.294444444444444,18.623809523809523,696.7113819329293
NamWon,Strawberry,1,24,2020-10-26,4,23.7,4.0,7.0,6.0,10.2,12.12,0.0,7,9.969785695772178,7.047058823529412,13.223809523809523,99.5301974189899,46.1764705882353,189.125,16.021918984985298,13.350000000000001,18.4625,60.6612892704462,51.8125,68.77826086956522,497.96379304230055,451.375,514.5384615384615,17.613944886761843,16.294444444444444,18.623809523809523,696.7113819329293
NamWon,Strawberry,1,24,2020-11-02,1,27.9,5.0,8.0,7.0,13.2,17.21,0.0,7,8.586938775510204,5.466666666666667,15.1,102.50530212084833,29.916666666666668,182.88235294117646,16.32747065492864,14.927777777777777,19.670588235294115,60.14257769774576,54.41764705882353,73.52499999999999,537.2833233293317,471.70588235294116,577.4666666666667,17.791148459383752,16.613333333333333,18.96470588235294,717.5371148459383
NamWon,Strawberry,1,24,2020-11-02,2,28.4,5.0,9.0,7.0,11.3,14.6,1.0,7,8.586938775510204,5.466666666666667,15.1,102.50530212084833,29.916666666666668,182.88235294117646,16.32747065492864,14.927777777777777,19.670588235294115,60.14257769774576,54.41764705882353,73.52499999999999,537.2833233293317,471.70588235294116,577.4666666666667,17.791148459383752,16.613333333333333,18.96470588235294,717.5371148459383
NamWon,Strawberry,1,24,2020-11-02,4,30.7,6.0,9.0,8.0,12.0,15.46,1.0,7,8.586938775510204,5.466666666666667,15.1,102.50530212084833,29.916666666666668,182.88235294117646,16.32747065492864,14.927777777777777,19.670588235294115,60.14257769774576,54.41764705882353,73.52499999999999,537.2833233293317,471.70588235294116,577.4666666666667,17.791148459383752,16.613333333333333,18.96470588235294,717.5371148459383
NamWon,Strawberry,1,24,2020-11-09,1,30.1,6.0,9.0,8.0,15.2,18.27,3.0,7,6.304804920373252,1.2722222222222221,10.495238095238095,78.20557569120153,40.411764705882355,130.1904761904762,15.382519897911319,13.994736842105262,18.071428571428573,62.73180152443752,57.89444444444444,75.02941176470588,528.7556173984746,501.3157894736842,546.6842105263158,16.64918464993653,15.777777777777779,17.442857142857143,547.4390298384108
NamWon,Strawberry,1,24,2020-11-09,2,31.2,5.0,9.0,8.0,13.0,16.4,4.0,7,6.304804920373252,1.2722222222222221,10.495238095238095,78.20557569120153,40.411764705882355,130.1904761904762,15.382519897911319,13.994736842105262,18.071428571428573,62.73180152443752,57.89444444444444,75.02941176470588,528.7556173984746,501.3157894736842,546.6842105263158,16.64918464993653,15.777777777777779,17.442857142857143,547.4390298384108
NamWon,Strawberry,1,24,2020-11-09,4,33.7,6.0,9.0,8.0,12.8,16.6,6.0,7,6.304804920373252,1.2722222222222221,10.495238095238095,78.20557569120153,40.411764705882355,130.1904761904762,15.382519897911319,13.994736842105262,18.071428571428573,62.73180152443752,57.89444444444444,75.02941176470588,528.7556173984746,501.3157894736842,546.6842105263158,16.64918464993653,15.777777777777779,17.442857142857143,547.4390298384108
NamWon,Strawberry,1,24,2020-11-16,1,32.5,6.0,9.0,8.0,15.6,20.04,6.0,7,4.379351652941878,1.6833333333333333,8.870833333333334,73.86487349325695,55.94444444444444,106.08333333333333,15.217852965747701,14.25,16.391666666666666,61.20089658670486,58.34166666666667,66.98333333333333,575.2964912280702,556.8333333333334,591.8421052631579,17.36688148943788,16.316666666666666,18.45,517.0541144527987
NamWon,Strawberry,1,24,2020-11-16,2,35.2,5.0,10.0,8.0,14.3,18.0,7.0,7,4.379351652941878,1.6833333333333333,8.870833333333334,73.86487349325695,55.94444444444444,106.08333333333333,15.217852965747701,14.25,16.391666666666666,61.20089658670486,58.34166666666667,66.98333333333333,575.2964912280702,556.8333333333334,591.8421052631579,17.36688148943788,16.316666666666666,18.45,517.0541144527987
NamWon,Strawberry,1,24,2020-11-16,4,34.9,7.0,9.0,9.0,19.6,17.22,8.0,7,4.379351652941878,1.6833333333333333,8.870833333333334,73.86487349325695,55.94444444444444,106.08333333333333,15.217852965747701,14.25,16.391666666666666,61.20089658670486,58.34166666666667,66.98333333333333,575.2964912280702,556.8333333333334,591.8421052631579,17.36688148943788,16.316666666666666,18.45,517.0541144527987
NamWon,Strawberry,1,24,2020-11-23,1,35.0,6.0,10.0,9.0,18.6,20.31,8.0,7,10.909436090225565,5.4,17.995833333333334,52.19730576441101,23.875,77.9,16.508489974937344,13.515,19.470833333333335,73.18057017543859,64.56315789473685,83.69166666666666,571.6910401002506,504.8,609.0833333333334,18.013508771929825,16.240000000000002,20.42083333333333,365.3811403508771
NamWon,Strawberry,1,24,2020-11-23,2,37.8,5.0,10.0,9.0,19.6,19.69,8.0,7,10.909436090225565,5.4,17.995833333333334,52.19730576441101,23.875,77.9,16.508489974937344,13.515,19.470833333333335,73.18057017543859,64.56315789473685,83.69166666666666,571.6910401002506,504.8,609.0833333333334,18.013508771929825,16.240000000000002,20.42083333333333,365.3811403508771
NamWon,Strawberry,1,24,2020-11-23,3,34.9,4.0,10.0,9.0,15.5,17.14,1.0,7,10.909436090225565,5.4,17.995833333333334,52.19730576441101,23.875,77.9,16.508489974937344,13.515,19.470833333333335,73.18057017543859,64.56315789473685,83.69166666666666,571.6910401002506,504.8,609.0833333333334,18.013508771929825,16.240000000000002,20.42083333333333,365.3811403508771
NamWon,Strawberry,1,24,2020-11-23,4,36.1,7.0,10.0,10.0,20.5,17.87,9.0,7,10.909436090225565,5.4,17.995833333333334,52.19730576441101,23.875,77.9,16.508489974937344,13.515,19.470833333333335,73.18057017543859,64.56315789473685,83.69166666666666,571.6910401002506,504.8,609.0833333333334,18.013508771929825,16.240000000000002,20.42083333333333,365.3811403508771
NamWon,Strawberry,1,24,2020-11-30,1,35.5,5.0,10.0,9.0,19.4,19.22,9.0,7,3.3066326530612247,1.9166666666666667,5.380952380952381,68.4187074829932,49.916666666666664,109.45833333333333,13.48671768707483,12.329166666666666,14.929166666666667,65.52023809523811,62.525,69.61666666666666,521.9285714285714,489.375,557.0,15.341462585034012,14.5875,16.01904761904762,478.93095238095236
NamWon,Strawberry,1,24,2020-11-30,2,38.8,5.0,10.0,9.0,19.9,19.86,10.0,7,3.3066326530612247,1.9166666666666667,5.380952380952381,68.4187074829932,49.916666666666664,109.45833333333333,13.48671768707483,12.329166666666666,14.929166666666667,65.52023809523811,62.525,69.61666666666666,521.9285714285714,489.375,557.0,15.341462585034012,14.5875,16.01904761904762,478.93095238095236
NamWon,Strawberry,1,24,2020-11-30,3,35.2,5.0,10.0,10.0,21.3,17.45,1.0,7,3.3066326530612247,1.9166666666666667,5.380952380952381,68.4187074829932,49.916666666666664,109.45833333333333,13.48671768707483,12.329166666666666,14.929166666666667,65.52023809523811,62.525,69.61666666666666,521.9285714285714,489.375,557.0,15.341462585034012,14.5875,16.01904761904762,478.93095238095236
NamWon,Strawberry,1,24,2020-11-30,4,36.6,6.0,10.0,10.0,20.9,16.72,10.0,7,3.3066326530612247,1.9166666666666667,5.380952380952381,68.4187074829932,49.916666666666664,109.45833333333333,13.48671768707483,12.329166666666666,14.929166666666667,65.52023809523811,62.525,69.61666666666666,521.9285714285714,489.375,557.0,15.341462585034012,14.5875,16.01904761904762,478.93095238095236
NamWon,Strawberry,1,24,2020-12-07,1,36.1,5.0,10.0,10.0,21.7,18.68,9.0,7,-0.0720277755370923,-1.5699999999999998,1.1681818181818182,88.23814027587319,61.35,112.33333333333333,12.676965932618106,11.455,13.483333333333334,64.43756601059395,62.84166666666667,66.635,524.3422891290904,506.04545454545456,548.9,14.610318020488828,14.227272727272727,15.0,617.6669819311123
NamWon,Strawberry,1,24,2020-12-07,2,40.1,5.0,11.0,10.0,24.4,18.86,9.0,7,-0.0720277755370923,-1.5699999999999998,1.1681818181818182,88.23814027587319,61.35,112.33333333333333,12.676965932618106,11.455,13.483333333333334,64.43756601059395,62.84166666666667,66.635,524.3422891290904,506.04545454545456,548.9,14.610318020488828,14.227272727272727,15.0,617.6669819311123
NamWon,Strawberry,1,24,2020-12-07,3,35.3,5.0,10.0,10.0,21.3,17.89,3.0,7,-0.0720277755370923,-1.5699999999999998,1.1681818181818182,88.23814027587319,61.35,112.33333333333333,12.676965932618106,11.455,13.483333333333334,64.43756601059395,62.84166666666667,66.635,524.3422891290904,506.04545454545456,548.9,14.610318020488828,14.227272727272727,15.0,617.6669819311123
NamWon,Strawberry,1,24,2020-12-07,4,36.7,7.0,10.0,11.0,18.0,16.61,10.0,7,-0.0720277755370923,-1.5699999999999998,1.1681818181818182,88.23814027587319,61.35,112.33333333333333,12.676965932618106,11.455,13.483333333333334,64.43756601059395,62.84166666666667,66.635,524.3422891290904,506.04545454545456,548.9,14.610318020488828,14.227272727272727,15.0,617.6669819311123
NamWon,Strawberry,1,24,2020-12-14,1,36.2,5.0,11.0,10.0,21.7,19.11,8.0,7,1.332683982683983,-1.075,2.9499999999999997,81.19155844155843,57.958333333333336,108.54166666666667,12.575432900432899,11.975,13.220833333333333,68.11877705627705,61.84166666666667,70.86666666666666,566.189393939394,527.5833333333334,601.8333333333334,14.487175324675324,14.158333333333333,14.872727272727273,568.340909090909
NamWon,Strawberry,1,24,2020-12-14,2,40.4,5.0,11.0,10.0,24.5,19.01,7.0,7,1.332683982683983,-1.075,2.9499999999999997,81.19155844155843,57.958333333333336,108.54166666666667,12.575432900432899,11.975,13.220833333333333,68.11877705627705,61.84166666666667,70.86666666666666,566.189393939394,527.5833333333334,601.8333333333334,14.487175324675324,14.158333333333333,14.872727272727273,568.340909090909
NamWon,Strawberry,1,24,2020-12-14,3,35.5,5.0,10.0,10.0,21.6,17.92,6.0,7,1.332683982683983,-1.075,2.9499999999999997,81.19155844155843,57.958333333333336,108.54166666666667,12.575432900432899,11.975,13.220833333333333,68.11877705627705,61.84166666666667,70.86666666666666,566.189393939394,527.5833333333334,601.8333333333334,14.487175324675324,14.158333333333333,14.872727272727273,568.340909090909
NamWon,Strawberry,1,24,2020-12-14,4,36.7,7.0,10.0,11.0,18.1,16.4,6.0,7,1.332683982683983,-1.075,2.9499999999999997,81.19155844155843,57.958333333333336,108.54166666666667,12.575432900432899,11.975,13.220833333333333,68.11877705627705,61.84166666666667,70.86666666666666,566.189393939394,527.5833333333334,601.8333333333334,14.487175324675324,14.158333333333333,14.872727272727273,568.340909090909
NamWon,Strawberry,1,24,2020-12-21,1,36.5,5.0,10.0,10.0,22.0,19.12,3.5,7,-4.2364648033126295,-6.054166666666667,-2.408333333333333,122.20600414078675,84.58333333333333,143.54166666666666,12.082246376811597,11.708333333333334,12.5,64.37362836438923,62.21666666666667,69.08333333333333,558.0698757763975,530.3333333333334,603.4166666666666,14.031444099378882,13.620833333333332,14.495833333333332,855.4420289855072
NamWon,Strawberry,1,24,2020-12-21,2,41.0,5.0,11.0,10.0,24.5,19.02,6.0,7,-4.2364648033126295,-6.054166666666667,-2.408333333333333,122.20600414078675,84.58333333333333,143.54166666666666,12.082246376811597,11.708333333333334,12.5,64.37362836438923,62.21666666666667,69.08333333333333,558.0698757763975,530.3333333333334,603.4166666666666,14.031444099378882,13.620833333333332,14.495833333333332,855.4420289855072
NamWon,Strawberry,1,24,2020-12-21,3,35.5,6.0,10.0,11.0,21.3,18.38,6.0,7,-4.2364648033126295,-6.054166666666667,-2.408333333333333,122.20600414078675,84.58333333333333,143.54166666666666,12.082246376811597,11.708333333333334,12.5,64.37362836438923,62.21666666666667,69.08333333333333,558.0698757763975,530.3333333333334,603.4166666666666,14.031444099378882,13.620833333333332,14.495833333333332,855.4420289855072
NamWon,Strawberry,1,24,2020-12-21,4,36.7,7.0,10.0,11.0,18.1,16.43,5.0,7,-4.2364648033126295,-6.054166666666667,-2.408333333333333,122.20600414078675,84.58333333333333,143.54166666666666,12.082246376811597,11.708333333333334,12.5,64.37362836438923,62.21666666666667,69.08333333333333,558.0698757763975,530.3333333333334,603.4166666666666,14.031444099378882,13.620833333333332,14.495833333333332,855.4420289855072
NamWon,Strawberry,1,24,2020-12-28,1,37.0,5.0,11.0,10.0,23.0,19.33,3.0,7,-0.8714285714285713,-2.704166666666666,1.6375,79.52380952380953,44.75,97.625,12.07202380952381,11.054166666666667,13.25,69.7375,66.4375,77.25833333333334,618.6428571428571,592.0416666666666,649.375,13.904761904761907,13.3375,14.620833333333332,556.6666666666667
NamWon,Strawberry,1,24,2020-12-28,2,41.0,5.0,11.0,10.0,24.7,19.1,1.5,7,-0.8714285714285713,-2.704166666666666,1.6375,79.52380952380953,44.75,97.625,12.07202380952381,11.054166666666667,13.25,69.7375,66.4375,77.25833333333334,618.6428571428571,592.0416666666666,649.375,13.904761904761907,13.3375,14.620833333333332,556.6666666666667
NamWon,Strawberry,1,24,2020-12-28,3,35.6,6.0,10.0,11.0,21.5,19.08,6.0,7,-0.8714285714285713,-2.704166666666666,1.6375,79.52380952380953,44.75,97.625,12.07202380952381,11.054166666666667,13.25,69.7375,66.4375,77.25833333333334,618.6428571428571,592.0416666666666,649.375,13.904761904761907,13.3375,14.620833333333332,556.6666666666667
NamWon,Strawberry,1,24,2020-12-28,4,36.7,7.0,10.0,11.0,18.1,16.62,4.0,7,-0.8714285714285713,-2.704166666666666,1.6375,79.52380952380953,44.75,97.625,12.07202380952381,11.054166666666667,13.25,69.7375,66.4375,77.25833333333334,618.6428571428571,592.0416666666666,649.375,13.904761904761907,13.3375,14.620833333333332,556.6666666666667
NamWon,Strawberry,1,24,2021-01-05,1,36.6,5.0,10.0,10.0,23.0,20.09,3.0,7,-3.931547619047619,-6.970833333333334,0.2416666666666666,102.50000000000001,57.125,121.04166666666667,11.623809523809525,10.108333333333333,12.362499999999999,69.73154761904762,67.1875,76.39583333333333,650.7380952380953,597.6666666666666,689.2916666666666,13.564285714285713,12.5375,14.279166666666667,717.5000000000001
NamWon,Strawberry,1,24,2021-01-05,2,41.1,5.0,11.0,10.0,24.7,19.11,1.5,7,-3.931547619047619,-6.970833333333334,0.2416666666666666,102.50000000000001,57.125,121.04166666666667,11.623809523809525,10.108333333333333,12.362499999999999,69.73154761904762,67.1875,76.39583333333333,650.7380952380953,597.6666666666666,689.2916666666666,13.564285714285713,12.5375,14.279166666666667,717.5000000000001
NamWon,Strawberry,1,24,2021-01-05,3,35.7,6.0,10.0,11.0,21.8,19.12,6.0,7,-3.931547619047619,-6.970833333333334,0.2416666666666666,102.50000000000001,57.125,121.04166666666667,11.623809523809525,10.108333333333333,12.362499999999999,69.73154761904762,67.1875,76.39583333333333,650.7380952380953,597.6666666666666,689.2916666666666,13.564285714285713,12.5375,14.279166666666667,717.5000000000001
NamWon,Strawberry,1,24,2021-01-05,4,36.7,7.0,10.0,12.0,21.3,17.54,1.5,7,-3.931547619047619,-6.970833333333334,0.2416666666666666,102.50000000000001,57.125,121.04166666666667,11.623809523809525,10.108333333333333,12.362499999999999,69.73154761904762,67.1875,76.39583333333333,650.7380952380953,597.6666666666666,689.2916666666666,13.564285714285713,12.5375,14.279166666666667,717.5000000000001
NamWon,Strawberry,1,24,2021-01-11,1,37.1,5.0,11.0,10.0,23.1,20.11,2.0,7,-8.494642857142859,-14.545833333333334,-2.1750000000000003,124.56547619047619,87.0,151.33333333333334,11.624404761904762,10.766666666666666,12.737499999999999,65.68928571428572,60.90833333333333,71.72916666666667,663.4285714285714,642.4583333333334,689.2916666666666,13.525000000000002,12.941666666666668,14.041666666666666,871.9583333333334
NamWon,Strawberry,1,24,2021-01-11,2,41.2,5.0,11.0,10.0,24.7,19.66,1.0,7,-8.494642857142859,-14.545833333333334,-2.1750000000000003,124.56547619047619,87.0,151.33333333333334,11.624404761904762,10.766666666666666,12.737499999999999,65.68928571428572,60.90833333333333,71.72916666666667,663.4285714285714,642.4583333333334,689.2916666666666,13.525000000000002,12.941666666666668,14.041666666666666,871.9583333333334
NamWon,Strawberry,1,24,2021-01-11,3,35.7,7.0,10.0,12.0,19.9,19.73,6.0,7,-8.494642857142859,-14.545833333333334,-2.1750000000000003,124.56547619047619,87.0,151.33333333333334,11.624404761904762,10.766666666666666,12.737499999999999,65.68928571428572,60.90833333333333,71.72916666666667,663.4285714285714,642.4583333333334,689.2916666666666,13.525000000000002,12.941666666666668,14.041666666666666,871.9583333333334
NamWon,Strawberry,1,24,2021-01-11,4,41.0,7.0,7.0,14.0,18.2,21.93,9.0,7,-8.494642857142859,-14.545833333333334,-2.1750000000000003,124.56547619047619,87.0,151.33333333333334,11.624404761904762,10.766666666666666,12.737499999999999,65.68928571428572,60.90833333333333,71.72916666666667,663.4285714285714,642.4583333333334,689.2916666666666,13.525000000000002,12.941666666666668,14.041666666666666,871.9583333333334
NamWon,Strawberry,1,24,2021-01-19,2,41.4,5.0,11.0,10.0,24.8,20.04,4.0,7,-1.1092908902691512,-5.666666666666667,4.770833333333333,100.66666666666666,55.916666666666664,126.5,12.724404761904761,10.654166666666667,14.058333333333332,69.15033643892339,63.20416666666667,76.4875,684.7880434782609,634.8333333333334,744.8333333333334,14.329011387163561,12.616666666666667,15.637500000000001,704.6666666666666
NamWon,Strawberry,1,24,2021-01-19,3,35.8,7.0,10.0,12.0,20.0,19.98,2.5,7,-1.1092908902691512,-5.666666666666667,4.770833333333333,100.66666666666666,55.916666666666664,126.5,12.724404761904761,10.654166666666667,14.058333333333332,69.15033643892339,63.20416666666667,76.4875,684.7880434782609,634.8333333333334,744.8333333333334,14.329011387163561,12.616666666666667,15.637500000000001,704.6666666666666
NamWon,Strawberry,1,24,2021-01-19,4,36.7,7.0,10.0,13.0,17.6,17.9,1.0,7,-1.1092908902691512,-5.666666666666667,4.770833333333333,100.66666666666666,55.916666666666664,126.5,12.724404761904761,10.654166666666667,14.058333333333332,69.15033643892339,63.20416666666667,76.4875,684.7880434782609,634.8333333333334,744.8333333333334,14.329011387163561,12.616666666666667,15.637500000000001,704.6666666666666
NamWon,Strawberry,1,24,2021-01-25,1,37.5,4.0,10.0,10.0,23.1,20.56,11.0,7,1.8354628808044955,-4.9375,8.125,80.03715616681454,47.375,132.95652173913044,12.834878734102336,10.654166666666667,14.873913043478263,73.64572241940256,63.76666666666667,81.53333333333333,741.2595755693582,692.2083333333334,782.1666666666666,14.476926205264716,12.916666666666666,16.152173913043477,560.2600931677018
NamWon,Strawberry,1,24,2021-01-25,2,41.5,5.0,11.0,10.0,24.5,20.82,8.0,7,1.8354628808044955,-4.9375,8.125,80.03715616681454,47.375,132.95652173913044,12.834878734102336,10.654166666666667,14.873913043478263,73.64572241940256,63.76666666666667,81.53333333333333,741.2595755693582,692.2083333333334,782.1666666666666,14.476926205264716,12.916666666666666,16.152173913043477,560.2600931677018
NamWon,Strawberry,1,24,2021-01-25,3,36.0,6.0,10.0,12.0,20.2,19.98,2.5,7,1.8354628808044955,-4.9375,8.125,80.03715616681454,47.375,132.95652173913044,12.834878734102336,10.654166666666667,14.873913043478263,73.64572241940256,63.76666666666667,81.53333333333333,741.2595755693582,692.2083333333334,782.1666666666666,14.476926205264716,12.916666666666666,16.152173913043477,560.2600931677018
NamWon,Strawberry,1,24,2021-01-25,4,36.6,8.0,10.0,14.0,11.7,18.93,4.0,7,1.8354628808044955,-4.9375,8.125,80.03715616681454,47.375,132.95652173913044,12.834878734102336,10.654166666666667,14.873913043478263,73.64572241940256,63.76666666666667,81.53333333333333,741.2595755693582,692.2083333333334,782.1666666666666,14.476926205264716,12.916666666666666,16.152173913043477,560.2600931677018
NamWon,Strawberry,1,24,2021-02-01,1,37.5,5.0,10.0,11.0,22.8,19.34,11.0,7,0.6873995250274021,-6.217391304347826,5.933333333333333,106.68125946030588,39.0,171.14285714285714,12.70726507994502,11.091666666666667,16.09047619047619,70.12720609983124,65.76190476190476,80.38260869565217,698.3315587104407,654.0,748.1304347826087,14.68133970979696,13.591666666666667,16.985714285714284,746.7688162221411
NamWon,Strawberry,1,24,2021-02-01,2,41.6,6.0,11.0,11.0,26.4,21.9,12.0,7,0.6873995250274021,-6.217391304347826,5.933333333333333,106.68125946030588,39.0,171.14285714285714,12.70726507994502,11.091666666666667,16.09047619047619,70.12720609983124,65.76190476190476,80.38260869565217,698.3315587104407,654.0,748.1304347826087,14.68133970979696,13.591666666666667,16.985714285714284,746.7688162221411
NamWon,Strawberry,1,24,2021-02-01,3,36.2,6.0,10.0,12.0,20.2,18.32,3.5,7,0.6873995250274021,-6.217391304347826,5.933333333333333,106.68125946030588,39.0,171.14285714285714,12.70726507994502,11.091666666666667,16.09047619047619,70.12720609983124,65.76190476190476,80.38260869565217,698.3315587104407,654.0,748.1304347826087,14.68133970979696,13.591666666666667,16.985714285714284,746.7688162221411
NamWon,Strawberry,1,24,2021-02-01,4,36.5,8.0,10.0,14.0,12.6,19.03,4.5,7,0.6873995250274021,-6.217391304347826,5.933333333333333,106.68125946030588,39.0,171.14285714285714,12.70726507994502,11.091666666666667,16.09047619047619,70.12720609983124,65.76190476190476,80.38260869565217,698.3315587104407,654.0,748.1304347826087,14.68133970979696,13.591666666666667,16.985714285714284,746.7688162221411
NamWon,Strawberry,1,24,2021-02-08,1,37.3,5.0,10.0,10.0,22.8,19.62,11.0,7,0.5578971886237333,-3.7399999999999998,7.6695652173913045,104.34692982456139,45.65217391304348,148.73684210526315,13.180260706113108,11.315000000000001,15.673913043478262,69.80772147760707,63.715789473684204,80.78695652173913,647.453149177291,609.3684210526316,736.9565217391304,14.887831535360139,13.855,15.765217391304349,730.4285087719297
NamWon,Strawberry,1,24,2021-02-08,2,41.8,7.0,11.0,12.0,19.4,22.29,10.0,7,0.5578971886237333,-3.7399999999999998,7.6695652173913045,104.34692982456139,45.65217391304348,148.73684210526315,13.180260706113108,11.315000000000001,15.673913043478262,69.80772147760707,63.715789473684204,80.78695652173913,647.453149177291,609.3684210526316,736.9565217391304,14.887831535360139,13.855,15.765217391304349,730.4285087719297
NamWon,Strawberry,1,24,2021-02-08,3,36.2,6.0,10.0,12.0,20.3,18.35,4.0,7,0.5578971886237333,-3.7399999999999998,7.6695652173913045,104.34692982456139,45.65217391304348,148.73684210526315,13.180260706113108,11.315000000000001,15.673913043478262,69.80772147760707,63.715789473684204,80.78695652173913,647.453149177291,609.3684210526316,736.9565217391304,14.887831535360139,13.855,15.765217391304349,730.4285087719297
NamWon,Strawberry,1,24,2021-02-08,4,36.3,8.0,10.0,14.0,12.6,19.52,5.5,7,0.5578971886237333,-3.7399999999999998,7.6695652173913045,104.34692982456139,45.65217391304348,148.73684210526315,13.180260706113108,11.315000000000001,15.673913043478262,69.80772147760707,63.715789473684204,80.78695652173913,647.453149177291,609.3684210526316,736.9565217391304,14.887831535360139,13.855,15.765217391304349,730.4285087719297
NamWon,Strawberry,1,24,2021-02-15,1,37.1,5.0,10.0,11.0,22.5,19.86,11.0,7,0.8345476787206111,-3.4947368421052634,8.154166666666667,92.93879042845208,69.0,115.61904761904762,11.7984708795799,10.25263157894737,15.520833333333334,67.78647362453754,65.4875,70.97500000000001,674.109007638143,647.2857142857143,700.1111111111111,14.353355113975413,13.394736842105264,16.287499999999998,650.5715329991646
NamWon,Strawberry,1,24,2021-02-15,2,42.0,6.0,11.0,12.0,19.8,22.08,5.0,7,0.8345476787206111,-3.4947368421052634,8.154166666666667,92.93879042845208,69.0,115.61904761904762,11.7984708795799,10.25263157894737,15.520833333333334,67.78647362453754,65.4875,70.97500000000001,674.109007638143,647.2857142857143,700.1111111111111,14.353355113975413,13.394736842105264,16.287499999999998,650.5715329991646
NamWon,Strawberry,1,24,2021-02-15,3,36.2,5.0,10.0,12.0,20.3,17.41,6.0,7,0.8345476787206111,-3.4947368421052634,8.154166666666667,92.93879042845208,69.0,115.61904761904762,11.7984708795799,10.25263157894737,15.520833333333334,67.78647362453754,65.4875,70.97500000000001,674.109007638143,647.2857142857143,700.1111111111111,14.353355113975413,13.394736842105264,16.287499999999998,650.5715329991646
NamWon,Strawberry,1,24,2021-02-15,4,36.3,8.0,10.0,15.0,13.1,18.87,3.3333333333333335,7,0.8345476787206111,-3.4947368421052634,8.154166666666667,92.93879042845208,69.0,115.61904761904762,11.7984708795799,10.25263157894737,15.520833333333334,67.78647362453754,65.4875,70.97500000000001,674.109007638143,647.2857142857143,700.1111111111111,14.353355113975413,13.394736842105264,16.287499999999998,650.5715329991646
NamWon,Strawberry,1,24,2021-02-22,1,36.9,5.0,11.0,11.0,22.3,19.93,11.0,7,-0.5419426542546845,-7.191666666666666,5.2124999999999995,113.56004594820385,67.58333333333333,158.95833333333334,11.712622329633607,10.533333333333333,14.058333333333332,68.6327485380117,62.86666666666667,74.47500000000001,629.8825635517366,581.375,674.7916666666666,13.943853681823608,12.700000000000001,15.327777777777776,794.9203216374269
NamWon,Strawberry,1,24,2021-02-22,2,42.0,6.0,11.0,12.0,20.0,22.08,5.0,7,-0.5419426542546845,-7.191666666666666,5.2124999999999995,113.56004594820385,67.58333333333333,158.95833333333334,11.712622329633607,10.533333333333333,14.058333333333332,68.6327485380117,62.86666666666667,74.47500000000001,629.8825635517366,581.375,674.7916666666666,13.943853681823608,12.700000000000001,15.327777777777776,794.9203216374269
NamWon,Strawberry,1,24,2021-02-22,3,36.2,5.0,10.0,12.0,19.8,17.85,3.5,7,-0.5419426542546845,-7.191666666666666,5.2124999999999995,113.56004594820385,67.58333333333333,158.95833333333334,11.712622329633607,10.533333333333333,14.058333333333332,68.6327485380117,62.86666666666667,74.47500000000001,629.8825635517366,581.375,674.7916666666666,13.943853681823608,12.700000000000001,15.327777777777776,794.9203216374269
NamWon,Strawberry,1,24,2021-02-22,4,35.2,8.0,12.0,16.0,15.3,19.8,5.0,7,-0.5419426542546845,-7.191666666666666,5.2124999999999995,113.56004594820385,67.58333333333333,158.95833333333334,11.712622329633607,10.533333333333333,14.058333333333332,68.6327485380117,62.86666666666667,74.47500000000001,629.8825635517366,581.375,674.7916666666666,13.943853681823608,12.700000000000001,15.327777777777776,794.9203216374269
NamWon,Strawberry,1,24,2021-03-02,1,36.9,6.0,10.5,7.6,20.6,19.98,5.5,7,4.719960317460318,-0.17777777777777778,11.841666666666667,79.88134920634921,40.458333333333336,128.1,12.431944444444444,10.1625,14.695833333333333,71.91313492063492,65.64166666666667,82.10000000000001,649.8682539682541,630.65,682.0,14.883928571428571,12.883333333333333,16.015,559.1694444444445
NamWon,Strawberry,1,24,2021-03-02,2,42.0,7.0,9.6,7.6,19.9,22.09,5.0,7,4.719960317460318,-0.17777777777777778,11.841666666666667,79.88134920634921,40.458333333333336,128.1,12.431944444444444,10.1625,14.695833333333333,71.91313492063492,65.64166666666667,82.10000000000001,649.8682539682541,630.65,682.0,14.883928571428571,12.883333333333333,16.015,559.1694444444445
NamWon,Strawberry,1,24,2021-03-02,3,36.2,5.0,9.8,8.5,19.7,17.91,4.5,7,4.719960317460318,-0.17777777777777778,11.841666666666667,79.88134920634921,40.458333333333336,128.1,12.431944444444444,10.1625,14.695833333333333,71.91313492063492,65.64166666666667,82.10000000000001,649.8682539682541,630.65,682.0,14.883928571428571,12.883333333333333,16.015,559.1694444444445
NamWon,Strawberry,1,24,2021-03-02,4,35.2,9.0,6.2,5.1,14.9,20.16,6.5,7,4.719960317460318,-0.17777777777777778,11.841666666666667,79.88134920634921,40.458333333333336,128.1,12.431944444444444,10.1625,14.695833333333333,71.91313492063492,65.64166666666667,82.10000000000001,649.8682539682541,630.65,682.0,14.883928571428571,12.883333333333333,16.015,559.1694444444445
NamWon,Strawberry,1,24,2021-03-08,1,36.9,7.0,7.2,5.8,10.3,20.03,6.0,7,5.699158936301794,0.8900000000000002,11.841666666666667,109.12303648732221,40.458333333333336,154.20833333333334,13.803345701917129,11.834999999999999,15.095833333333333,69.86978973407544,62.958333333333336,82.10000000000001,675.7175943104514,650.8333333333334,701.1,15.872081014223872,14.48,17.177272727272726,763.8612554112555
NamWon,Strawberry,1,24,2021-03-08,2,42.0,7.0,9.6,7.6,19.9,22.11,5.0,7,5.699158936301794,0.8900000000000002,11.841666666666667,109.12303648732221,40.458333333333336,154.20833333333334,13.803345701917129,11.834999999999999,15.095833333333333,69.86978973407544,62.958333333333336,82.10000000000001,675.7175943104514,650.8333333333334,701.1,15.872081014223872,14.48,17.177272727272726,763.8612554112555
NamWon,Strawberry,1,24,2021-03-08,3,36.2,7.0,9.0,6.3,14.2,18.0,4.5,7,5.699158936301794,0.8900000000000002,11.841666666666667,109.12303648732221,40.458333333333336,154.20833333333334,13.803345701917129,11.834999999999999,15.095833333333333,69.86978973407544,62.958333333333336,82.10000000000001,675.7175943104514,650.8333333333334,701.1,15.872081014223872,14.48,17.177272727272726,763.8612554112555
NamWon,Strawberry,1,24,2021-03-08,4,27.5,9.0,8.6,7.5,16.3,20.18,7.0,7,5.699158936301794,0.8900000000000002,11.841666666666667,109.12303648732221,40.458333333333336,154.20833333333334,13.803345701917129,11.834999999999999,15.095833333333333,69.86978973407544,62.958333333333336,82.10000000000001,675.7175943104514,650.8333333333334,701.1,15.872081014223872,14.48,17.177272727272726,763.8612554112555
NamWon,Strawberry,1,24,2021-03-15,1,36.9,7.0,8.3,7.1,10.8,18.62,4.5,7,7.640335166087046,5.308333333333334,9.592857142857143,146.94398083119887,55.333333333333336,266.07142857142856,14.392117938452525,12.808333333333332,16.87857142857143,63.57435684616136,54.24285714285714,74.95,646.3034049284049,529.0,726.75,16.70369702352785,16.241666666666667,17.345454545454547,1028.6078658183922
NamWon,Strawberry,1,24,2021-03-15,2,42.0,7.0,8.0,5.7,14.4,20.71,3.3333333333333335,7,7.640335166087046,5.308333333333334,9.592857142857143,146.94398083119887,55.333333333333336,266.07142857142856,14.392117938452525,12.808333333333332,16.87857142857143,63.57435684616136,54.24285714285714,74.95,646.3034049284049,529.0,726.75,16.70369702352785,16.241666666666667,17.345454545454547,1028.6078658183922
NamWon,Strawberry,1,24,2021-03-15,3,36.2,7.0,9.6,5.8,10.2,17.65,2.3333333333333335,7,7.640335166087046,5.308333333333334,9.592857142857143,146.94398083119887,55.333333333333336,266.07142857142856,14.392117938452525,12.808333333333332,16.87857142857143,63.57435684616136,54.24285714285714,74.95,646.3034049284049,529.0,726.75,16.70369702352785,16.241666666666667,17.345454545454547,1028.6078658183922
NamWon,Strawberry,1,24,2021-03-15,4,27.8,9.0,9.5,7.9,15.3,20.02,5.666666666666667,7,7.640335166087046,5.308333333333334,9.592857142857143,146.94398083119887,55.333333333333336,266.07142857142856,14.392117938452525,12.808333333333332,16.87857142857143,63.57435684616136,54.24285714285714,74.95,646.3034049284049,529.0,726.75,16.70369702352785,16.241666666666667,17.345454545454547,1028.6078658183922
NamWon,Strawberry,1,24,2021-03-22,1,36.9,7.0,9.4,7.7,13.5,18.01,8.0,7,9.070136236312708,5.885714285714285,11.314285714285715,153.25753028484118,48.86363636363637,262.57142857142856,15.156553227351548,12.683333333333332,16.928571428571427,62.53681321013254,54.01428571428572,75.0409090909091,597.6954418130889,480.57142857142856,652.3529411764706,17.019072477475838,15.924999999999999,17.88235294117647,1072.8027119938884
NamWon,Strawberry,1,24,2021-03-22,2,42.2,8.0,6.1,5.0,12.3,19.26,5.5,7,9.070136236312708,5.885714285714285,11.314285714285715,153.25753028484118,48.86363636363637,262.57142857142856,15.156553227351548,12.683333333333332,16.928571428571427,62.53681321013254,54.01428571428572,75.0409090909091,597.6954418130889,480.57142857142856,652.3529411764706,17.019072477475838,15.924999999999999,17.88235294117647,1072.8027119938884
NamWon,Strawberry,1,24,2021-03-22,3,36.2,9.0,7.4,5.5,12.4,16.91,3.5,7,9.070136236312708,5.885714285714285,11.314285714285715,153.25753028484118,48.86363636363637,262.57142857142856,15.156553227351548,12.683333333333332,16.928571428571427,62.53681321013254,54.01428571428572,75.0409090909091,597.6954418130889,480.57142857142856,652.3529411764706,17.019072477475838,15.924999999999999,17.88235294117647,1072.8027119938884
NamWon,Strawberry,1,24,2021-03-22,4,27.8,9.0,9.7,7.9,15.3,19.98,5.333333333333333,7,9.070136236312708,5.885714285714285,11.314285714285715,153.25753028484118,48.86363636363637,262.57142857142856,15.156553227351548,12.683333333333332,16.928571428571427,62.53681321013254,54.01428571428572,75.0409090909091,597.6954418130889,480.57142857142856,652.3529411764706,17.019072477475838,15.924999999999999,17.88235294117647,1072.8027119938884
NamWon,Strawberry,1,24,2021-03-29,1,36.9,7.0,9.4,7.7,13.5,18.12,9.0,7,8.28133116883117,5.283333333333333,11.987499999999999,171.23268398268397,57.083333333333336,296.1666666666667,13.736201298701298,12.845454545454546,14.645454545454545,61.76931818181817,52.11818181818182,75.5125,543.0102813852814,531.125,558.1818181818181,15.956493506493505,15.25,16.599999999999998,1198.6287878787878
NamWon,Strawberry,1,24,2021-03-29,2,30.1,8.0,8.5,6.6,19.1,20.91,6.0,7,8.28133116883117,5.283333333333333,11.987499999999999,171.23268398268397,57.083333333333336,296.1666666666667,13.736201298701298,12.845454545454546,14.645454545454545,61.76931818181817,52.11818181818182,75.5125,543.0102813852814,531.125,558.1818181818181,15.956493506493505,15.25,16.599999999999998,1198.6287878787878
NamWon,Strawberry,1,24,2021-03-29,3,31.2,10.0,6.3,5.2,11.6,17.44,6.5,7,8.28133116883117,5.283333333333333,11.987499999999999,171.23268398268397,57.083333333333336,296.1666666666667,13.736201298701298,12.845454545454546,14.645454545454545,61.76931818181817,52.11818181818182,75.5125,543.0102813852814,531.125,558.1818181818181,15.956493506493505,15.25,16.599999999999998,1198.6287878787878
NamWon,Strawberry,1,24,2021-03-29,4,27.5,11.0,8.4,6.3,15.0,20.07,5.0,7,8.28133116883117,5.283333333333333,11.987499999999999,171.23268398268397,57.083333333333336,296.1666666666667,13.736201298701298,12.845454545454546,14.645454545454545,61.76931818181817,52.11818181818182,75.5125,543.0102813852814,531.125,558.1818181818181,15.956493506493505,15.25,16.599999999999998,1198.6287878787878
NamWon,Strawberry,1,24,2021-04-05,1,27.1,8.0,8.1,7.6,16.1,18.53,4.0,7,12.123032212885155,8.452941176470588,16.630000000000003,96.89320728291317,44.916666666666664,174.33333333333334,14.267612044817925,11.152941176470588,17.5,64.97696078431373,49.5,79.04166666666667,518.7039215686274,447.45,562.1764705882352,16.98248599439776,15.223529411764707,19.029166666666665,678.2524509803922
NamWon,Strawberry,1,24,2021-04-05,2,33.8,8.0,9.4,7.1,22.0,21.15,6.5,7,12.123032212885155,8.452941176470588,16.630000000000003,96.89320728291317,44.916666666666664,174.33333333333334,14.267612044817925,11.152941176470588,17.5,64.97696078431373,49.5,79.04166666666667,518.7039215686274,447.45,562.1764705882352,16.98248599439776,15.223529411764707,19.029166666666665,678.2524509803922
NamWon,Strawberry,1,24,2021-04-05,3,20.0,11.0,8.5,6.6,18.5,18.54,5.0,7,12.123032212885155,8.452941176470588,16.630000000000003,96.89320728291317,44.916666666666664,174.33333333333334,14.267612044817925,11.152941176470588,17.5,64.97696078431373,49.5,79.04166666666667,518.7039215686274,447.45,562.1764705882352,16.98248599439776,15.223529411764707,19.029166666666665,678.2524509803922
NamWon,Strawberry,1,24,2021-04-05,4,27.7,11.0,5.6,5.2,13.6,20.49,4.5,7,12.123032212885155,8.452941176470588,16.630000000000003,96.89320728291317,44.916666666666664,174.33333333333334,14.267612044817925,11.152941176470588,17.5,64.97696078431373,49.5,79.04166666666667,518.7039215686274,447.45,562.1764705882352,16.98248599439776,15.223529411764707,19.029166666666665,678.2524509803922
NamWon,Strawberry,1,24,2021-04-12,1,37.1,8.0,8.3,7.7,16.4,18.78,2.3333333333333335,7,8.519720524573467,7.144444444444444,10.766666666666666,142.9421218487395,75.73333333333333,286.6666666666667,12.691957813428402,11.129411764705882,14.266666666666666,60.501821364909596,55.4125,66.11176470588236,532.8141212545625,505.6666666666667,568.5333333333333,16.479395530939648,15.305882352941175,17.188888888888886,1000.5948529411764
NamWon,Strawberry,1,26,2020-10-26,1,25.7,4.0,10.6,7.6,11.0,12.23,0.0,7,9.083465403705343,6.85,13.066666666666668,80.17886891598745,45.55555555555556,119.04761904761905,14.877859389369783,12.805263157894737,17.091666666666665,73.98967148262814,66.5,84.7625,578.1850038260918,554.8333333333334,600.7083333333334,17.497738393603054,16.400000000000002,18.195833333333333,561.2520824119122
NamWon,Strawberry,1,26,2020-10-26,2,25.5,5.0,12.3,10.9,11.9,14.09,1.0,7,9.083465403705343,6.85,13.066666666666668,80.17886891598745,45.55555555555556,119.04761904761905,14.877859389369783,12.805263157894737,17.091666666666665,73.98967148262814,66.5,84.7625,578.1850038260918,554.8333333333334,600.7083333333334,17.497738393603054,16.400000000000002,18.195833333333333,561.2520824119122
NamWon,Strawberry,1,26,2020-10-26,3,28.2,5.0,13.0,11.0,13.6,13.88,1.0,7,9.083465403705343,6.85,13.066666666666668,80.17886891598745,45.55555555555556,119.04761904761905,14.877859389369783,12.805263157894737,17.091666666666665,73.98967148262814,66.5,84.7625,578.1850038260918,554.8333333333334,600.7083333333334,17.497738393603054,16.400000000000002,18.195833333333333,561.2520824119122
NamWon,Strawberry,1,26,2020-10-26,4,20.5,5.0,10.0,8.2,7.3,14.34,0.0,7,9.083465403705343,6.85,13.066666666666668,80.17886891598745,45.55555555555556,119.04761904761905,14.877859389369783,12.805263157894737,17.091666666666665,73.98967148262814,66.5,84.7625,578.1850038260918,554.8333333333334,600.7083333333334,17.497738393603054,16.400000000000002,18.195833333333333,561.2520824119122
NamWon,Strawberry,1,26,2020-11-02,1,29.0,5.0,12.0,9.3,13.9,14.71,1.0,7,7.75562612764404,5.327777777777778,12.295238095238094,86.28056503303074,27.541666666666668,114.95238095238095,15.433206247411245,14.355555555555554,17.51904761904762,61.766719863383955,54.57142857142857,85.55416666666667,600.1987982912462,573.5294117647059,616.7142857142857,17.852849648631384,17.170833333333334,19.238095238095237,603.9639552312152
NamWon,Strawberry,1,26,2020-11-02,2,27.0,6.0,10.6,10.0,11.5,15.95,3.0,7,7.75562612764404,5.327777777777778,12.295238095238094,86.28056503303074,27.541666666666668,114.95238095238095,15.433206247411245,14.355555555555554,17.51904761904762,61.766719863383955,54.57142857142857,85.55416666666667,600.1987982912462,573.5294117647059,616.7142857142857,17.852849648631384,17.170833333333334,19.238095238095237,603.9639552312152
NamWon,Strawberry,1,26,2020-11-02,3,27.5,6.0,12.5,10.0,13.7,16.03,3.0,7,7.75562612764404,5.327777777777778,12.295238095238094,86.28056503303074,27.541666666666668,114.95238095238095,15.433206247411245,14.355555555555554,17.51904761904762,61.766719863383955,54.57142857142857,85.55416666666667,600.1987982912462,573.5294117647059,616.7142857142857,17.852849648631384,17.170833333333334,19.238095238095237,603.9639552312152
NamWon,Strawberry,1,26,2020-11-02,4,22.5,6.0,6.3,5.8,12.7,17.32,1.0,7,7.75562612764404,5.327777777777778,12.295238095238094,86.28056503303074,27.541666666666668,114.95238095238095,15.433206247411245,14.355555555555554,17.51904761904762,61.766719863383955,54.57142857142857,85.55416666666667,600.1987982912462,573.5294117647059,616.7142857142857,17.852849648631384,17.170833333333334,19.238095238095237,603.9639552312152
NamWon,Strawberry,1,26,2020-11-09,1,28.2,6.0,13.5,9.6,13.6,15.72,3.0,7,5.8379821783785975,0.5470588235294118,10.478260869565217,72.30335424024682,29.625,123.34782608695652,14.236067470466448,12.970588235294118,15.5,67.55404619818943,58.125,83.625,598.5433706816059,555.85,633.2222222222222,16.5842861202452,16.11111111111111,17.14,506.12347968172776
NamWon,Strawberry,1,26,2020-11-09,2,28.5,6.0,11.7,10.1,11.2,16.82,7.0,7,5.8379821783785975,0.5470588235294118,10.478260869565217,72.30335424024682,29.625,123.34782608695652,14.236067470466448,12.970588235294118,15.5,67.55404619818943,58.125,83.625,598.5433706816059,555.85,633.2222222222222,16.5842861202452,16.11111111111111,17.14,506.12347968172776
NamWon,Strawberry,1,26,2020-11-09,3,29.0,7.0,12.2,10.7,14.5,16.85,7.0,7,5.8379821783785975,0.5470588235294118,10.478260869565217,72.30335424024682,29.625,123.34782608695652,14.236067470466448,12.970588235294118,15.5,67.55404619818943,58.125,83.625,598.5433706816059,555.85,633.2222222222222,16.5842861202452,16.11111111111111,17.14,506.12347968172776
NamWon,Strawberry,1,26,2020-11-09,4,38.5,6.0,12.5,9.2,16.2,18.15,5.0,7,5.8379821783785975,0.5470588235294118,10.478260869565217,72.30335424024682,29.625,123.34782608695652,14.236067470466448,12.970588235294118,15.5,67.55404619818943,58.125,83.625,598.5433706816059,555.85,633.2222222222222,16.5842861202452,16.11111111111111,17.14,506.12347968172776
NamWon,Strawberry,1,26,2020-11-16,1,30.3,7.0,11.8,9.7,17.7,16.07,6.0,7,4.1153801712072395,2.4894736842105267,7.177272727272728,79.19351463073268,48.666666666666664,100.04545454545455,14.288314943202161,13.416666666666666,15.02857142857143,69.55884483937116,63.554545454545455,74.16666666666667,632.0783034425892,595.2727272727273,650.9473684210526,17.072284282133907,16.563157894736843,17.589473684210525,554.3546024151287
NamWon,Strawberry,1,26,2020-11-16,2,30.5,7.0,11.6,9.1,16.6,17.74,11.0,7,4.1153801712072395,2.4894736842105267,7.177272727272728,79.19351463073268,48.666666666666664,100.04545454545455,14.288314943202161,13.416666666666666,15.02857142857143,69.55884483937116,63.554545454545455,74.16666666666667,632.0783034425892,595.2727272727273,650.9473684210526,17.072284282133907,16.563157894736843,17.589473684210525,554.3546024151287
NamWon,Strawberry,1,26,2020-11-16,3,30.9,8.0,12.9,11.0,16.0,17.28,11.0,7,4.1153801712072395,2.4894736842105267,7.177272727272728,79.19351463073268,48.666666666666664,100.04545454545455,14.288314943202161,13.416666666666666,15.02857142857143,69.55884483937116,63.554545454545455,74.16666666666667,632.0783034425892,595.2727272727273,650.9473684210526,17.072284282133907,16.563157894736843,17.589473684210525,554.3546024151287
NamWon,Strawberry,1,26,2020-11-16,4,39.8,7.0,14.5,12.0,15.4,18.37,7.0,7,4.1153801712072395,2.4894736842105267,7.177272727272728,79.19351463073268,48.666666666666664,100.04545454545455,14.288314943202161,13.416666666666666,15.02857142857143,69.55884483937116,63.554545454545455,74.16666666666667,632.0783034425892,595.2727272727273,650.9473684210526,17.072284282133907,16.563157894736843,17.589473684210525,554.3546024151287
NamWon,Strawberry,1,26,2020-11-23,1,31.0,7.0,12.1,9.4,17.0,16.42,7.0,7,10.450219849073232,5.390476190476191,16.778947368421054,57.38163609573384,19.833333333333332,109.42857142857143,15.771949929769479,13.65,18.389473684210525,83.0201924453992,62.315,96.5,539.8061837285521,486.53846153846155,579.3,17.519110757663388,16.0,20.46153846153846,401.6714526701369
NamWon,Strawberry,1,26,2020-11-23,2,30.5,8.0,10.0,8.4,15.5,18.15,10.0,7,10.450219849073232,5.390476190476191,16.778947368421054,57.38163609573384,19.833333333333332,109.42857142857143,15.771949929769479,13.65,18.389473684210525,83.0201924453992,62.315,96.5,539.8061837285521,486.53846153846155,579.3,17.519110757663388,16.0,20.46153846153846,401.6714526701369
NamWon,Strawberry,1,26,2020-11-23,3,31.7,9.0,11.5,8.5,19.1,17.59,10.0,7,10.450219849073232,5.390476190476191,16.778947368421054,57.38163609573384,19.833333333333332,109.42857142857143,15.771949929769479,13.65,18.389473684210525,83.0201924453992,62.315,96.5,539.8061837285521,486.53846153846155,579.3,17.519110757663388,16.0,20.46153846153846,401.6714526701369
NamWon,Strawberry,1,26,2020-11-23,4,40.0,7.0,14.8,12.1,15.5,19.25,10.0,7,10.450219849073232,5.390476190476191,16.778947368421054,57.38163609573384,19.833333333333332,109.42857142857143,15.771949929769479,13.65,18.389473684210525,83.0201924453992,62.315,96.5,539.8061837285521,486.53846153846155,579.3,17.519110757663388,16.0,20.46153846153846,401.6714526701369
NamWon,Strawberry,1,26,2020-11-30,1,31.4,6.0,12.1,9.4,17.0,16.39,6.0,7,3.5640422077922076,1.6666666666666667,5.9125000000000005,101.63532003710576,69.0625,134.38095238095238,14.373214285714287,13.1875,15.270833333333334,76.53628633271491,65.9090909090909,85.5125,552.3460497835498,519.1666666666666,612.8125,16.018491032776748,15.1,16.5,711.4472402597403
NamWon,Strawberry,1,26,2020-11-30,2,30.5,8.0,10.0,8.4,16.0,18.56,9.0,7,3.5640422077922076,1.6666666666666667,5.9125000000000005,101.63532003710576,69.0625,134.38095238095238,14.373214285714287,13.1875,15.270833333333334,76.53628633271491,65.9090909090909,85.5125,552.3460497835498,519.1666666666666,612.8125,16.018491032776748,15.1,16.5,711.4472402597403
NamWon,Strawberry,1,26,2020-11-30,3,32.2,9.0,12.2,9.0,17.0,16.45,9.0,7,3.5640422077922076,1.6666666666666667,5.9125000000000005,101.63532003710576,69.0625,134.38095238095238,14.373214285714287,13.1875,15.270833333333334,76.53628633271491,65.9090909090909,85.5125,552.3460497835498,519.1666666666666,612.8125,16.018491032776748,15.1,16.5,711.4472402597403
NamWon,Strawberry,1,26,2020-11-30,4,40.0,8.0,12.5,9.1,23.1,20.77,9.0,7,3.5640422077922076,1.6666666666666667,5.9125000000000005,101.63532003710576,69.0625,134.38095238095238,14.373214285714287,13.1875,15.270833333333334,76.53628633271491,65.9090909090909,85.5125,552.3460497835498,519.1666666666666,612.8125,16.018491032776748,15.1,16.5,711.4472402597403
NamWon,Strawberry,1,26,2020-12-07,1,32.1,7.0,11.0,8.3,19.5,17.18,6.0,7,0.3988095238095238,-0.4333333333333333,1.4625000000000001,125.07142857142856,99.33333333333333,136.0,13.125595238095238,12.670833333333333,13.895833333333334,68.42261904761905,65.03750000000001,73.09583333333333,580.375,551.125,628.75,14.842261904761907,14.575000000000001,15.383333333333333,875.4999999999999
NamWon,Strawberry,1,26,2020-12-07,2,30.6,7.0,10.3,8.4,16.3,18.89,4.0,7,0.3988095238095238,-0.4333333333333333,1.4625000000000001,125.07142857142856,99.33333333333333,136.0,13.125595238095238,12.670833333333333,13.895833333333334,68.42261904761905,65.03750000000001,73.09583333333333,580.375,551.125,628.75,14.842261904761907,14.575000000000001,15.383333333333333,875.4999999999999
NamWon,Strawberry,1,26,2020-12-07,3,32.7,7.0,12.2,9.2,17.0,16.85,9.0,7,0.3988095238095238,-0.4333333333333333,1.4625000000000001,125.07142857142856,99.33333333333333,136.0,13.125595238095238,12.670833333333333,13.895833333333334,68.42261904761905,65.03750000000001,73.09583333333333,580.375,551.125,628.75,14.842261904761907,14.575000000000001,15.383333333333333,875.4999999999999
NamWon,Strawberry,1,26,2020-12-07,4,40.4,7.0,12.5,9.1,23.1,20.17,8.0,7,0.3988095238095238,-0.4333333333333333,1.4625000000000001,125.07142857142856,99.33333333333333,136.0,13.125595238095238,12.670833333333333,13.895833333333334,68.42261904761905,65.03750000000001,73.09583333333333,580.375,551.125,628.75,14.842261904761907,14.575000000000001,15.383333333333333,875.4999999999999
NamWon,Strawberry,1,26,2020-12-14,1,32.2,6.0,11.1,8.3,19.5,18.63,2.0,7,1.2644974590626763,-1.1958333333333333,3.059090909090909,90.12182382834557,59.75,132.36363636363637,12.78350508187465,11.366666666666667,13.981818181818182,78.36456568793525,62.95416666666667,86.31666666666666,568.9283832109919,523.3333333333334,637.0416666666666,14.571600319969885,13.75,15.631818181818181,630.852766798419
NamWon,Strawberry,1,26,2020-12-14,2,30.6,7.0,10.3,8.4,16.5,19.31,2.0,7,1.2644974590626763,-1.1958333333333333,3.059090909090909,90.12182382834557,59.75,132.36363636363637,12.78350508187465,11.366666666666667,13.981818181818182,78.36456568793525,62.95416666666667,86.31666666666666,568.9283832109919,523.3333333333334,637.0416666666666,14.571600319969885,13.75,15.631818181818181,630.852766798419
NamWon,Strawberry,1,26,2020-12-14,3,32.7,7.0,12.2,9.2,17.0,17.05,3.5,7,1.2644974590626763,-1.1958333333333333,3.059090909090909,90.12182382834557,59.75,132.36363636363637,12.78350508187465,11.366666666666667,13.981818181818182,78.36456568793525,62.95416666666667,86.31666666666666,568.9283832109919,523.3333333333334,637.0416666666666,14.571600319969885,13.75,15.631818181818181,630.852766798419
NamWon,Strawberry,1,26,2020-12-14,4,40.4,8.0,10.2,7.6,19.9,20.35,3.5,7,1.2644974590626763,-1.1958333333333333,3.059090909090909,90.12182382834557,59.75,132.36363636363637,12.78350508187465,11.366666666666667,13.981818181818182,78.36456568793525,62.95416666666667,86.31666666666666,568.9283832109919,523.3333333333334,637.0416666666666,14.571600319969885,13.75,15.631818181818181,630.852766798419
NamWon,Strawberry,1,26,2020-12-21,1,32.2,6.0,11.1,8.5,19.5,18.67,1.0,7,-4.3047619047619055,-5.966666666666666,-2.5375,118.0297619047619,90.5,133.125,11.196428571428573,10.3125,11.545833333333334,66.41369047619047,60.00416666666666,79.64999999999999,589.8511904761905,517.6666666666666,620.0833333333334,12.921428571428573,12.2875,13.420833333333334,826.2083333333333
NamWon,Strawberry,1,26,2020-12-21,2,30.6,7.0,10.3,8.4,16.5,19.34,1.0,7,-4.3047619047619055,-5.966666666666666,-2.5375,118.0297619047619,90.5,133.125,11.196428571428573,10.3125,11.545833333333334,66.41369047619047,60.00416666666666,79.64999999999999,589.8511904761905,517.6666666666666,620.0833333333334,12.921428571428573,12.2875,13.420833333333334,826.2083333333333
NamWon,Strawberry,1,26,2020-12-21,3,32.7,7.0,12.2,9.2,17.0,17.76,3.0,7,-4.3047619047619055,-5.966666666666666,-2.5375,118.0297619047619,90.5,133.125,11.196428571428573,10.3125,11.545833333333334,66.41369047619047,60.00416666666666,79.64999999999999,589.8511904761905,517.6666666666666,620.0833333333334,12.921428571428573,12.2875,13.420833333333334,826.2083333333333
NamWon,Strawberry,1,26,2020-12-21,4,40.4,8.0,10.4,7.6,20.0,20.41,3.0,7,-4.3047619047619055,-5.966666666666666,-2.5375,118.0297619047619,90.5,133.125,11.196428571428573,10.3125,11.545833333333334,66.41369047619047,60.00416666666666,79.64999999999999,589.8511904761905,517.6666666666666,620.0833333333334,12.921428571428573,12.2875,13.420833333333334,826.2083333333333
NamWon,Strawberry,1,26,2020-12-28,1,32.2,5.0,11.1,8.5,19.5,18.76,1.5,7,-1.0469074471894018,-3.1041666666666665,1.8904761904761906,93.22480307912637,51.21052631578947,123.9047619047619,11.999373433583958,11.049999999999999,13.152380952380952,80.55794396706051,73.78750000000001,95.05263157894737,621.4431167203722,557.6666666666666,662.6315789473684,13.584649122807019,12.933333333333335,14.557142857142857,652.5736215538847
NamWon,Strawberry,1,26,2020-12-28,2,30.6,7.0,10.3,8.4,16.5,19.58,2.0,7,-1.0469074471894018,-3.1041666666666665,1.8904761904761906,93.22480307912637,51.21052631578947,123.9047619047619,11.999373433583958,11.049999999999999,13.152380952380952,80.55794396706051,73.78750000000001,95.05263157894737,621.4431167203722,557.6666666666666,662.6315789473684,13.584649122807019,12.933333333333335,14.557142857142857,652.5736215538847
NamWon,Strawberry,1,26,2020-12-28,3,33.1,7.0,12.5,9.3,17.6,17.68,1.5,7,-1.0469074471894018,-3.1041666666666665,1.8904761904761906,93.22480307912637,51.21052631578947,123.9047619047619,11.999373433583958,11.049999999999999,13.152380952380952,80.55794396706051,73.78750000000001,95.05263157894737,621.4431167203722,557.6666666666666,662.6315789473684,13.584649122807019,12.933333333333335,14.557142857142857,652.5736215538847
NamWon,Strawberry,1,26,2020-12-28,4,40.5,6.0,10.4,7.7,20.2,20.56,2.5,7,-1.0469074471894018,-3.1041666666666665,1.8904761904761906,93.22480307912637,51.21052631578947,123.9047619047619,11.999373433583958,11.049999999999999,13.152380952380952,80.55794396706051,73.78750000000001,95.05263157894737,621.4431167203722,557.6666666666666,662.6315789473684,13.584649122807019,12.933333333333335,14.557142857142857,652.5736215538847
NamWon,Strawberry,1,26,2021-01-05,1,32.2,5.0,11.2,8.5,19.5,19.2,2.0,7,-3.2022278911564617,-7.595454545454545,2.3454545454545457,119.4705009276438,84.45454545454545,162.46666666666667,11.250269016697588,7.7272727272727275,13.718181818181819,83.25120439084726,66.9875,93.06363636363636,645.0837971552257,621.9090909090909,675.7727272727273,12.558599257884973,10.945454545454545,14.245454545454544,836.2935064935066
NamWon,Strawberry,1,26,2021-01-05,2,30.6,7.0,10.5,8.5,16.5,20.05,4.0,7,-3.2022278911564617,-7.595454545454545,2.3454545454545457,119.4705009276438,84.45454545454545,162.46666666666667,11.250269016697588,7.7272727272727275,13.718181818181819,83.25120439084726,66.9875,93.06363636363636,645.0837971552257,621.9090909090909,675.7727272727273,12.558599257884973,10.945454545454545,14.245454545454544,836.2935064935066
NamWon,Strawberry,1,26,2021-01-05,3,33.3,8.0,10.6,8.3,19.8,17.53,3.0,7,-3.2022278911564617,-7.595454545454545,2.3454545454545457,119.4705009276438,84.45454545454545,162.46666666666667,11.250269016697588,7.7272727272727275,13.718181818181819,83.25120439084726,66.9875,93.06363636363636,645.0837971552257,621.9090909090909,675.7727272727273,12.558599257884973,10.945454545454545,14.245454545454544,836.2935064935066
NamWon,Strawberry,1,26,2021-01-05,4,40.7,6.0,10.8,7.8,20.3,21.59,2.5,7,-3.2022278911564617,-7.595454545454545,2.3454545454545457,119.4705009276438,84.45454545454545,162.46666666666667,11.250269016697588,7.7272727272727275,13.718181818181819,83.25120439084726,66.9875,93.06363636363636,645.0837971552257,621.9090909090909,675.7727272727273,12.558599257884973,10.945454545454545,14.245454545454544,836.2935064935066
NamWon,Strawberry,1,26,2021-01-11,1,32.4,6.0,9.4,8.1,19.2,20.31,3.0,7,-8.160530303030303,-14.870833333333332,-0.10666666666666667,117.6775974025974,83.75,162.46666666666667,10.440010822510823,8.329166666666667,13.56,80.59412337662339,68.22083333333333,86.42083333333333,714.517316017316,628.6666666666666,778.5,11.921872294372294,11.216666666666667,12.713333333333333,823.7431818181818
NamWon,Strawberry,1,26,2021-01-11,2,31.0,7.0,10.6,8.5,19.0,19.89,5.0,7,-8.160530303030303,-14.870833333333332,-0.10666666666666667,117.6775974025974,83.75,162.46666666666667,10.440010822510823,8.329166666666667,13.56,80.59412337662339,68.22083333333333,86.42083333333333,714.517316017316,628.6666666666666,778.5,11.921872294372294,11.216666666666667,12.713333333333333,823.7431818181818
NamWon,Strawberry,1,26,2021-01-11,3,33.5,8.0,9.9,7.7,19.4,17.42,5.0,7,-8.160530303030303,-14.870833333333332,-0.10666666666666667,117.6775974025974,83.75,162.46666666666667,10.440010822510823,8.329166666666667,13.56,80.59412337662339,68.22083333333333,86.42083333333333,714.517316017316,628.6666666666666,778.5,11.921872294372294,11.216666666666667,12.713333333333333,823.7431818181818
NamWon,Strawberry,1,26,2021-01-11,4,41.0,7.0,10.1,7.3,18.2,21.93,9.0,7,-8.160530303030303,-14.870833333333332,-0.10666666666666667,117.6775974025974,83.75,162.46666666666667,10.440010822510823,8.329166666666667,13.56,80.59412337662339,68.22083333333333,86.42083333333333,714.517316017316,628.6666666666666,778.5,11.921872294372294,11.216666666666667,12.713333333333333,823.7431818181818
NamWon,Strawberry,1,26,2021-01-19,1,32.4,6.0,11.4,8.6,19.7,20.86,3.0,7,-1.3842414831545269,-5.470833333333334,4.0636363636363635,94.36525974025973,50.833333333333336,144.25,10.778609072087333,9.054166666666665,11.56086956521739,76.50919442875964,61.020833333333336,86.77499999999999,731.9769433465086,666.5416666666666,776.6818181818181,12.834940240918502,11.741666666666667,13.590909090909092,660.5568181818181
NamWon,Strawberry,1,26,2021-01-19,2,31.2,7.0,10.7,8.6,19.1,20.94,6.0,7,-1.3842414831545269,-5.470833333333334,4.0636363636363635,94.36525974025973,50.833333333333336,144.25,10.778609072087333,9.054166666666665,11.56086956521739,76.50919442875964,61.020833333333336,86.77499999999999,731.9769433465086,666.5416666666666,776.6818181818181,12.834940240918502,11.741666666666667,13.590909090909092,660.5568181818181
NamWon,Strawberry,1,26,2021-01-19,3,34.1,8.0,10.0,7.7,19.6,18.31,5.0,7,-1.3842414831545269,-5.470833333333334,4.0636363636363635,94.36525974025973,50.833333333333336,144.25,10.778609072087333,9.054166666666665,11.56086956521739,76.50919442875964,61.020833333333336,86.77499999999999,731.9769433465086,666.5416666666666,776.6818181818181,12.834940240918502,11.741666666666667,13.590909090909092,660.5568181818181
NamWon,Strawberry,1,26,2021-01-19,4,41.1,7.0,9.0,6.2,16.4,20.86,6.0,7,-1.3842414831545269,-5.470833333333334,4.0636363636363635,94.36525974025973,50.833333333333336,144.25,10.778609072087333,9.054166666666665,11.56086956521739,76.50919442875964,61.020833333333336,86.77499999999999,731.9769433465086,666.5416666666666,776.6818181818181,12.834940240918502,11.741666666666667,13.590909090909092,660.5568181818181
NamWon,Strawberry,1,26,2021-01-25,1,32.3,8.0,6.9,6.1,14.3,20.89,3.0,7,2.669200054603781,-4.920833333333333,9.357142857142858,113.36847314176508,50.833333333333336,149.45833333333334,13.309332411894525,9.054166666666665,18.485714285714288,80.49421654949606,64.61739130434783,94.71428571428571,684.6738931358497,638.0,746.5217391304348,14.088017882738379,11.808333333333332,15.564285714285715,793.5793119923555
NamWon,Strawberry,1,26,2021-01-25,2,31.6,9.0,6.2,5.3,13.2,21.05,6.0,7,2.669200054603781,-4.920833333333333,9.357142857142858,113.36847314176508,50.833333333333336,149.45833333333334,13.309332411894525,9.054166666666665,18.485714285714288,80.49421654949606,64.61739130434783,94.71428571428571,684.6738931358497,638.0,746.5217391304348,14.088017882738379,11.808333333333332,15.564285714285715,793.5793119923555
NamWon,Strawberry,1,26,2021-01-25,3,34.2,9.0,7.6,5.6,13.3,18.82,6.0,7,2.669200054603781,-4.920833333333333,9.357142857142858,113.36847314176508,50.833333333333336,149.45833333333334,13.309332411894525,9.054166666666665,18.485714285714288,80.49421654949606,64.61739130434783,94.71428571428571,684.6738931358497,638.0,746.5217391304348,14.088017882738379,11.808333333333332,15.564285714285715,793.5793119923555
NamWon,Strawberry,1,26,2021-01-25,4,41.7,7.0,9.2,6.4,17.3,20.89,3.0,7,2.669200054603781,-4.920833333333333,9.357142857142858,113.36847314176508,50.833333333333336,149.45833333333334,13.309332411894525,9.054166666666665,18.485714285714288,80.49421654949606,64.61739130434783,94.71428571428571,684.6738931358497,638.0,746.5217391304348,14.088017882738379,11.808333333333332,15.564285714285715,793.5793119923555
NamWon,Strawberry,1,26,2021-02-01,1,32.0,8.0,6.9,6.1,14.4,21.16,3.0,7,0.0472946859903381,-6.0625,3.9625,84.0006728778468,35.041666666666664,156.25,10.628402346445824,9.13888888888889,12.108695652173912,73.79586956521739,67.89500000000001,89.29583333333333,662.1029158040028,621.8333333333334,737.75,12.983674948240168,11.982608695652175,14.36,588.0047101449276
NamWon,Strawberry,1,26,2021-02-01,2,31.8,9.0,6.3,5.5,13.4,21.54,6.0,7,0.0472946859903381,-6.0625,3.9625,84.0006728778468,35.041666666666664,156.25,10.628402346445824,9.13888888888889,12.108695652173912,73.79586956521739,67.89500000000001,89.29583333333333,662.1029158040028,621.8333333333334,737.75,12.983674948240168,11.982608695652175,14.36,588.0047101449276
NamWon,Strawberry,1,26,2021-02-01,3,34.8,9.0,7.8,5.7,13.4,18.87,6.0,7,0.0472946859903381,-6.0625,3.9625,84.0006728778468,35.041666666666664,156.25,10.628402346445824,9.13888888888889,12.108695652173912,73.79586956521739,67.89500000000001,89.29583333333333,662.1029158040028,621.8333333333334,737.75,12.983674948240168,11.982608695652175,14.36,588.0047101449276
NamWon,Strawberry,1,26,2021-02-01,4,41.7,7.0,9.2,6.4,17.5,21.01,3.5,7,0.0472946859903381,-6.0625,3.9625,84.0006728778468,35.041666666666664,156.25,10.628402346445824,9.13888888888889,12.108695652173912,73.79586956521739,67.89500000000001,89.29583333333333,662.1029158040028,621.8333333333334,737.75,12.983674948240168,11.982608695652175,14.36,588.0047101449276
NamWon,Strawberry,1,26,2021-02-08,1,32.2,7.0,11.4,8.4,19.5,20.99,1.5,7,0.2867175184337656,-3.9105263157894736,7.390000000000001,93.19739203080164,47.8,140.05263157894737,11.644559768987685,9.88421052631579,14.1,71.96544658748321,61.08695652173913,92.07000000000001,643.2112364243943,627.6842105263158,662.35,14.151011223711452,13.316666666666666,15.426315789473685,652.3817442156114
NamWon,Strawberry,1,26,2021-02-08,2,32.0,9.0,6.3,5.5,13.6,21.67,2.5,7,0.2867175184337656,-3.9105263157894736,7.390000000000001,93.19739203080164,47.8,140.05263157894737,11.644559768987685,9.88421052631579,14.1,71.96544658748321,61.08695652173913,92.07000000000001,643.2112364243943,627.6842105263158,662.35,14.151011223711452,13.316666666666666,15.426315789473685,652.3817442156114
NamWon,Strawberry,1,26,2021-02-08,3,35.1,9.0,7.8,5.7,13.4,19.01,3.5,7,0.2867175184337656,-3.9105263157894736,7.390000000000001,93.19739203080164,47.8,140.05263157894737,11.644559768987685,9.88421052631579,14.1,71.96544658748321,61.08695652173913,92.07000000000001,643.2112364243943,627.6842105263158,662.35,14.151011223711452,13.316666666666666,15.426315789473685,652.3817442156114
NamWon,Strawberry,1,26,2021-02-08,4,41.8,7.0,9.2,6.4,17.6,21.13,4.0,7,0.2867175184337656,-3.9105263157894736,7.390000000000001,93.19739203080164,47.8,140.05263157894737,11.644559768987685,9.88421052631579,14.1,71.96544658748321,61.08695652173913,92.07000000000001,643.2112364243943,627.6842105263158,662.35,14.151011223711452,13.316666666666666,15.426315789473685,652.3817442156114
NamWon,Strawberry,1,26,2021-02-15,1,32.6,7.0,6.9,6.1,14.4,21.05,2.0,7,0.3199834678688065,-4.277777777777778,6.823809523809524,85.24600190953574,37.5,143.5,11.070966851652942,9.10625,12.700000000000001,65.80738704173855,56.75625,79.19047619047619,676.926388617648,623.4583333333334,716.5625,14.673053711117621,13.9875,15.672727272727274,596.7220133667502
NamWon,Strawberry,1,26,2021-02-15,2,32.0,9.0,6.3,5.5,13.6,21.85,4.5,7,0.3199834678688065,-4.277777777777778,6.823809523809524,85.24600190953574,37.5,143.5,11.070966851652942,9.10625,12.700000000000001,65.80738704173855,56.75625,79.19047619047619,676.926388617648,623.4583333333334,716.5625,14.673053711117621,13.9875,15.672727272727274,596.7220133667502
NamWon,Strawberry,1,26,2021-02-15,3,35.1,9.0,7.8,5.7,13.5,19.08,4.5,7,0.3199834678688065,-4.277777777777778,6.823809523809524,85.24600190953574,37.5,143.5,11.070966851652942,9.10625,12.700000000000001,65.80738704173855,56.75625,79.19047619047619,676.926388617648,623.4583333333334,716.5625,14.673053711117621,13.9875,15.672727272727274,596.7220133667502
NamWon,Strawberry,1,26,2021-02-15,4,41.8,7.0,9.2,6.4,18.0,21.61,4.0,7,0.3199834678688065,-4.277777777777778,6.823809523809524,85.24600190953574,37.5,143.5,11.070966851652942,9.10625,12.700000000000001,65.80738704173855,56.75625,79.19047619047619,676.926388617648,623.4583333333334,716.5625,14.673053711117621,13.9875,15.672727272727274,596.7220133667502
NamWon,Strawberry,1,26,2021-02-22,1,32.6,7.0,7.0,6.2,14.2,21.07,3.0,7,-1.2259304511278195,-7.116666666666667,2.8937500000000003,100.11488095238096,62.5,153.0,10.79279448621554,9.862499999999999,11.966666666666667,72.06869674185464,58.125,81.125,665.9734022556391,604.5416666666666,737.3125,14.06484649122807,12.708333333333334,15.16875,700.8041666666667
NamWon,Strawberry,1,26,2021-02-22,2,32.1,9.0,5.5,5.5,13.6,21.85,4.0,7,-1.2259304511278195,-7.116666666666667,2.8937500000000003,100.11488095238096,62.5,153.0,10.79279448621554,9.862499999999999,11.966666666666667,72.06869674185464,58.125,81.125,665.9734022556391,604.5416666666666,737.3125,14.06484649122807,12.708333333333334,15.16875,700.8041666666667
NamWon,Strawberry,1,26,2021-02-22,3,35.1,9.0,7.7,5.7,13.3,19.14,4.0,7,-1.2259304511278195,-7.116666666666667,2.8937500000000003,100.11488095238096,62.5,153.0,10.79279448621554,9.862499999999999,11.966666666666667,72.06869674185464,58.125,81.125,665.9734022556391,604.5416666666666,737.3125,14.06484649122807,12.708333333333334,15.16875,700.8041666666667
NamWon,Strawberry,1,26,2021-02-22,4,41.6,8.0,7.0,5.6,13.1,21.73,4.333333333333333,7,-1.2259304511278195,-7.116666666666667,2.8937500000000003,100.11488095238096,62.5,153.0,10.79279448621554,9.862499999999999,11.966666666666667,72.06869674185464,58.125,81.125,665.9734022556391,604.5416666666666,737.3125,14.06484649122807,12.708333333333334,15.16875,700.8041666666667
NamWon,Strawberry,1,26,2021-03-02,1,26.4,6.0,6.3,6.5,12.1,19.98,4.5,7,4.213079143079143,-0.14666666666666667,11.36923076923077,63.842793317793316,39.0,117.9,11.571715784215783,8.913333333333332,15.307692307692308,73.206896991897,55.53333333333333,96.12307692307692,650.2759213009213,613.9444444444445,698.1363636363636,14.15893412143412,12.012500000000001,15.86923076923077,446.8995532245532
NamWon,Strawberry,1,26,2021-03-02,2,32.0,8.0,7.8,7.2,12.7,21.53,3.0,7,4.213079143079143,-0.14666666666666667,11.36923076923077,63.842793317793316,39.0,117.9,11.571715784215783,8.913333333333332,15.307692307692308,73.206896991897,55.53333333333333,96.12307692307692,650.2759213009213,613.9444444444445,698.1363636363636,14.15893412143412,12.012500000000001,15.86923076923077,446.8995532245532
NamWon,Strawberry,1,26,2021-03-02,3,32.9,6.0,6.6,6.0,12.3,19.52,3.5,7,4.213079143079143,-0.14666666666666667,11.36923076923077,63.842793317793316,39.0,117.9,11.571715784215783,8.913333333333332,15.307692307692308,73.206896991897,55.53333333333333,96.12307692307692,650.2759213009213,613.9444444444445,698.1363636363636,14.15893412143412,12.012500000000001,15.86923076923077,446.8995532245532
NamWon,Strawberry,1,26,2021-03-02,4,41.6,8.0,7.1,6.0,13.3,21.68,6.0,7,4.213079143079143,-0.14666666666666667,11.36923076923077,63.842793317793316,39.0,117.9,11.571715784215783,8.913333333333332,15.307692307692308,73.206896991897,55.53333333333333,96.12307692307692,650.2759213009213,613.9444444444445,698.1363636363636,14.15893412143412,12.012500000000001,15.86923076923077,446.8995532245532
NamWon,Strawberry,1,26,2021-03-08,1,26.4,7.0,6.5,4.9,12.0,20.01,5.0,7,5.353912121440726,0.945,11.36923076923077,84.13389368069002,55.15384615384615,119.3913043478261,12.781244918315858,10.78,15.307692307692308,78.98138158942507,68.725,96.12307692307692,653.3814662073244,613.9130434782609,693.1,15.29340324054283,13.908333333333333,16.73,588.9372557648302
NamWon,Strawberry,1,26,2021-03-08,2,32.0,8.0,7.9,7.2,12.8,21.56,3.5,7,5.353912121440726,0.945,11.36923076923077,84.13389368069002,55.15384615384615,119.3913043478261,12.781244918315858,10.78,15.307692307692308,78.98138158942507,68.725,96.12307692307692,653.3814662073244,613.9130434782609,693.1,15.29340324054283,13.908333333333333,16.73,588.9372557648302
NamWon,Strawberry,1,26,2021-03-08,3,33.1,6.0,6.6,6.0,12.4,19.58,4.0,7,5.353912121440726,0.945,11.36923076923077,84.13389368069002,55.15384615384615,119.3913043478261,12.781244918315858,10.78,15.307692307692308,78.98138158942507,68.725,96.12307692307692,653.3814662073244,613.9130434782609,693.1,15.29340324054283,13.908333333333333,16.73,588.9372557648302
NamWon,Strawberry,1,26,2021-03-08,4,33.2,6.0,6.5,5.4,11.6,20.63,4.0,7,5.353912121440726,0.945,11.36923076923077,84.13389368069002,55.15384615384615,119.3913043478261,12.781244918315858,10.78,15.307692307692308,78.98138158942507,68.725,96.12307692307692,653.3814662073244,613.9130434782609,693.1,15.29340324054283,13.908333333333333,16.73,588.9372557648302
NamWon,Strawberry,1,26,2021-03-15,1,26.4,7.0,6.7,4.9,8.5,19.98,5.0,7,5.174719887955182,3.735294117647059,8.316666666666666,54.432773109243705,43.6875,64.23529411764706,12.270588235294118,11.25,14.733333333333334,71.37129435107376,58.96875,85.8,664.4035947712418,598.3888888888889,716.875,16.337138188608776,15.323529411764707,17.191666666666666,381.0294117647059
NamWon,Strawberry,1,26,2021-03-15,2,32.0,9.0,7.0,6.5,12.8,21.48,3.3333333333333335,7,5.174719887955182,3.735294117647059,8.316666666666666,54.432773109243705,43.6875,64.23529411764706,12.270588235294118,11.25,14.733333333333334,71.37129435107376,58.96875,85.8,664.4035947712418,598.3888888888889,716.875,16.337138188608776,15.323529411764707,17.191666666666666,381.0294117647059
NamWon,Strawberry,1,26,2021-03-15,3,33.4,8.0,8.0,6.6,12.3,19.49,4.0,7,5.174719887955182,3.735294117647059,8.316666666666666,54.432773109243705,43.6875,64.23529411764706,12.270588235294118,11.25,14.733333333333334,71.37129435107376,58.96875,85.8,664.4035947712418,598.3888888888889,716.875,16.337138188608776,15.323529411764707,17.191666666666666,381.0294117647059
NamWon,Strawberry,1,26,2021-03-15,4,33.5,8.0,7.2,6.0,11.4,20.63,4.666666666666667,7,5.174719887955182,3.735294117647059,8.316666666666666,54.432773109243705,43.6875,64.23529411764706,12.270588235294118,11.25,14.733333333333334,71.37129435107376,58.96875,85.8,664.4035947712418,598.3888888888889,716.875,16.337138188608776,15.323529411764707,17.191666666666666,381.0294117647059
NamWon,Strawberry,1,26,2021-03-22,1,28.1,8.0,8.7,8.0,15.3,19.93,5.0,7,6.800606575963719,3.44,9.35,55.51822562358277,32.4,101.05,12.419407596371883,9.56,14.235714285714286,73.5548752834467,57.813333333333325,92.2625,608.9919784580499,522.85,657.5333333333333,17.006655328798185,15.555000000000001,18.357142857142858,388.6275793650794
NamWon,Strawberry,1,26,2021-03-22,2,30.5,10.0,8.4,7.5,13.5,21.49,4.0,7,6.800606575963719,3.44,9.35,55.51822562358277,32.4,101.05,12.419407596371883,9.56,14.235714285714286,73.5548752834467,57.813333333333325,92.2625,608.9919784580499,522.85,657.5333333333333,17.006655328798185,15.555000000000001,18.357142857142858,388.6275793650794
NamWon,Strawberry,1,26,2021-03-22,3,33.3,10.0,8.7,8.0,12.8,19.49,5.5,7,6.800606575963719,3.44,9.35,55.51822562358277,32.4,101.05,12.419407596371883,9.56,14.235714285714286,73.5548752834467,57.813333333333325,92.2625,608.9919784580499,522.85,657.5333333333333,17.006655328798185,15.555000000000001,18.357142857142858,388.6275793650794
NamWon,Strawberry,1,26,2021-03-22,4,28.2,7.0,7.2,6.0,11.4,20.56,4.0,7,6.800606575963719,3.44,9.35,55.51822562358277,32.4,101.05,12.419407596371883,9.56,14.235714285714286,73.5548752834467,57.813333333333325,92.2625,608.9919784580499,522.85,657.5333333333333,17.006655328798185,15.555000000000001,18.357142857142858,388.6275793650794
NamWon,Strawberry,1,26,2021-03-29,1,30.5,8.0,8.6,8.1,15.5,19.72,2.5,7,5.878999880654016,1.8399999999999999,11.166666666666666,58.567788518916345,35.2,111.94444444444444,11.792395273899034,9.446666666666665,15.277777777777779,62.16016589091777,53.93333333333333,79.50555555555555,591.5599594223655,544.4736842105264,626.6666666666666,16.408721804511277,15.149999999999999,17.785714285714285,409.9745196324144
NamWon,Strawberry,1,26,2021-03-29,2,32.0,12.0,9.6,8.4,20.1,21.33,4.5,7,5.878999880654016,1.8399999999999999,11.166666666666666,58.567788518916345,35.2,111.94444444444444,11.792395273899034,9.446666666666665,15.277777777777779,62.16016589091777,53.93333333333333,79.50555555555555,591.5599594223655,544.4736842105264,626.6666666666666,16.408721804511277,15.149999999999999,17.785714285714285,409.9745196324144
NamWon,Strawberry,1,26,2021-03-29,3,29.0,12.0,9.2,7.4,19.3,19.32,8.0,7,5.878999880654016,1.8399999999999999,11.166666666666666,58.567788518916345,35.2,111.94444444444444,11.792395273899034,9.446666666666665,15.277777777777779,62.16016589091777,53.93333333333333,79.50555555555555,591.5599594223655,544.4736842105264,626.6666666666666,16.408721804511277,15.149999999999999,17.785714285714285,409.9745196324144
NamWon,Strawberry,1,26,2021-03-29,4,28.7,8.0,7.5,6.0,9.2,20.49,4.5,7,5.878999880654016,1.8399999999999999,11.166666666666666,58.567788518916345,35.2,111.94444444444444,11.792395273899034,9.446666666666665,15.277777777777779,62.16016589091777,53.93333333333333,79.50555555555555,591.5599594223655,544.4736842105264,626.6666666666666,16.408721804511277,15.149999999999999,17.785714285714285,409.9745196324144
NamWon,Strawberry,1,26,2021-04-05,1,33.5,8.0,10.8,9.5,21.0,19.74,2.0,7,10.740807823129254,6.328571428571428,16.5,51.10416666666667,28.333333333333332,80.625,14.516301020408164,10.813333333333333,18.89,77.86110544217686,57.01428571428571,93.32000000000001,635.086649659864,542.0625,697.7142857142857,18.534149659863946,16.453333333333333,20.935,357.7291666666667
NamWon,Strawberry,1,26,2021-04-05,2,37.5,12.0,9.0,6.5,21.8,21.29,4.0,7,10.740807823129254,6.328571428571428,16.5,51.10416666666667,28.333333333333332,80.625,14.516301020408164,10.813333333333333,18.89,77.86110544217686,57.01428571428571,93.32000000000001,635.086649659864,542.0625,697.7142857142857,18.534149659863946,16.453333333333333,20.935,357.7291666666667
NamWon,Strawberry,1,26,2021-04-05,3,32.8,12.0,10.1,8.3,22.8,19.43,2.5,7,10.740807823129254,6.328571428571428,16.5,51.10416666666667,28.333333333333332,80.625,14.516301020408164,10.813333333333333,18.89,77.86110544217686,57.01428571428571,93.32000000000001,635.086649659864,542.0625,697.7142857142857,18.534149659863946,16.453333333333333,20.935,357.7291666666667
NamWon,Strawberry,1,26,2021-04-05,4,28.7,8.0,7.5,6.0,9.3,20.38,4.0,7,10.740807823129254,6.328571428571428,16.5,51.10416666666667,28.333333333333332,80.625,14.516301020408164,10.813333333333333,18.89,77.86110544217686,57.01428571428571,93.32000000000001,635.086649659864,542.0625,697.7142857142857,18.534149659863946,16.453333333333333,20.935,357.7291666666667
NamWon,Strawberry,1,26,2021-04-12,1,36.1,7.0,11.0,9.1,23.9,19.54,1.0,7,6.480690737833595,5.546153846153846,7.3076923076923075,36.079179748822604,21.76923076923077,59.3125,10.689678178963893,9.23076923076923,11.96923076923077,72.8202413657771,65.74615384615385,80.35714285714286,647.2025117739404,627.0,687.2307692307693,17.3910125588697,16.175,18.023076923076925,252.55425824175825
NamWon,Strawberry,1,26,2021-04-12,2,39.8,11.0,12.0,9.6,25.7,21.06,2.5,7,6.480690737833595,5.546153846153846,7.3076923076923075,36.079179748822604,21.76923076923077,59.3125,10.689678178963893,9.23076923076923,11.96923076923077,72.8202413657771,65.74615384615385,80.35714285714286,647.2025117739404,627.0,687.2307692307693,17.3910125588697,16.175,18.023076923076925,252.55425824175825
NamWon,Strawberry,1,26,2021-04-12,3,34.2,11.0,10.4,9.0,20.2,20.29,1.6666666666666667,7,6.480690737833595,5.546153846153846,7.3076923076923075,36.079179748822604,21.76923076923077,59.3125,10.689678178963893,9.23076923076923,11.96923076923077,72.8202413657771,65.74615384615385,80.35714285714286,647.2025117739404,627.0,687.2307692307693,17.3910125588697,16.175,18.023076923076925,252.55425824175825
NamWon,Strawberry,1,26,2021-04-12,4,23.5,9.0,8.0,6.5,12.8,20.29,1.5,7,6.480690737833595,5.546153846153846,7.3076923076923075,36.079179748822604,21.76923076923077,59.3125,10.689678178963893,9.23076923076923,11.96923076923077,72.8202413657771,65.74615384615385,80.35714285714286,647.2025117739404,627.0,687.2307692307693,17.3910125588697,16.175,18.023076923076925,252.55425824175825
NonSan,Strawberry,1,16,2020-11-04,1,25.0,6.0,10.0,8.0,14.0,16.7,3.0,7,11.786904761904761,6.147058823529412,16.633333333333333,476.29369747899165,124.29411764705883,855.4117647058823,22.571986461251168,19.34705882352941,25.844444444444445,87.75660364145656,83.82000000000001,93.0,570.9460084033614,497.2352941176471,632.9333333333333,22.690704948646125,18.21764705882353,26.844444444444445,3334.0558823529414
NonSan,Strawberry,1,16,2020-11-04,2,29.0,5.0,12.0,10.0,13.0,17.8,2.0,7,11.786904761904761,6.147058823529412,16.633333333333333,476.29369747899165,124.29411764705883,855.4117647058823,22.571986461251168,19.34705882352941,25.844444444444445,87.75660364145656,83.82000000000001,93.0,570.9460084033614,497.2352941176471,632.9333333333333,22.690704948646125,18.21764705882353,26.844444444444445,3334.0558823529414
NonSan,Strawberry,1,16,2020-11-04,3,29.0,6.0,12.0,10.0,13.0,16.7,1.0,7,11.786904761904761,6.147058823529412,16.633333333333333,476.29369747899165,124.29411764705883,855.4117647058823,22.571986461251168,19.34705882352941,25.844444444444445,87.75660364145656,83.82000000000001,93.0,570.9460084033614,497.2352941176471,632.9333333333333,22.690704948646125,18.21764705882353,26.844444444444445,3334.0558823529414
NonSan,Strawberry,1,16,2020-11-04,4,27.0,8.0,10.0,9.0,14.0,16.1,2.0,7,11.786904761904761,6.147058823529412,16.633333333333333,476.29369747899165,124.29411764705883,855.4117647058823,22.571986461251168,19.34705882352941,25.844444444444445,87.75660364145656,83.82000000000001,93.0,570.9460084033614,497.2352941176471,632.9333333333333,22.690704948646125,18.21764705882353,26.844444444444445,3334.0558823529414
NonSan,Strawberry,1,16,2020-11-10,1,28.0,7.0,10.5,9.0,15.0,20.2,6.0,7,8.520759303721489,1.4142857142857144,12.299999999999999,714.4065026010404,293.7647058823529,1052.0,20.56776710684274,18.17142857142857,25.03333333333333,88.48593337334934,83.96666666666667,92.99411764705883,555.5826730692278,497.2352941176471,611.75,20.587432973189273,18.114285714285714,26.733333333333334,5000.845518207283
NonSan,Strawberry,1,16,2020-11-10,2,31.0,6.0,11.0,9.0,15.5,20.5,3.0,7,8.520759303721489,1.4142857142857144,12.299999999999999,714.4065026010404,293.7647058823529,1052.0,20.56776710684274,18.17142857142857,25.03333333333333,88.48593337334934,83.96666666666667,92.99411764705883,555.5826730692278,497.2352941176471,611.75,20.587432973189273,18.114285714285714,26.733333333333334,5000.845518207283
NonSan,Strawberry,1,16,2020-11-10,3,31.0,6.0,10.5,9.0,17.5,16.2,4.0,7,8.520759303721489,1.4142857142857144,12.299999999999999,714.4065026010404,293.7647058823529,1052.0,20.56776710684274,18.17142857142857,25.03333333333333,88.48593337334934,83.96666666666667,92.99411764705883,555.5826730692278,497.2352941176471,611.75,20.587432973189273,18.114285714285714,26.733333333333334,5000.845518207283
NonSan,Strawberry,1,16,2020-11-10,4,31.0,10.0,10.0,8.5,18.0,25.9,3.0,7,8.520759303721489,1.4142857142857144,12.299999999999999,714.4065026010404,293.7647058823529,1052.0,20.56776710684274,18.17142857142857,25.03333333333333,88.48593337334934,83.96666666666667,92.99411764705883,555.5826730692278,497.2352941176471,611.75,20.587432973189273,18.114285714285714,26.733333333333334,5000.845518207283
NonSan,Strawberry,1,16,2020-11-17,1,30.0,8.0,10.0,8.0,16.0,23.1,10.0,7,11.292912599822538,8.975,16.2,824.6534309375926,523.3333333333334,1050.3478260869565,20.22836069210293,17.741666666666667,23.8,89.0542960662526,85.39999999999999,91.34583333333335,637.5475081336882,561.4166666666666,829.0,20.1844239869861,16.916666666666668,24.95,5772.574016563148
NonSan,Strawberry,1,16,2020-11-17,2,32.0,6.0,12.0,9.0,15.0,20.7,7.0,7,11.292912599822538,8.975,16.2,824.6534309375926,523.3333333333334,1050.3478260869565,20.22836069210293,17.741666666666667,23.8,89.0542960662526,85.39999999999999,91.34583333333335,637.5475081336882,561.4166666666666,829.0,20.1844239869861,16.916666666666668,24.95,5772.574016563148
NonSan,Strawberry,1,16,2020-11-17,3,32.0,6.0,11.0,8.0,18.0,17.7,8.0,7,11.292912599822538,8.975,16.2,824.6534309375926,523.3333333333334,1050.3478260869565,20.22836069210293,17.741666666666667,23.8,89.0542960662526,85.39999999999999,91.34583333333335,637.5475081336882,561.4166666666666,829.0,20.1844239869861,16.916666666666668,24.95,5772.574016563148
NonSan,Strawberry,1,16,2020-11-17,4,32.0,12.0,8.0,6.0,16.0,26.7,6.0,7,11.292912599822538,8.975,16.2,824.6534309375926,523.3333333333334,1050.3478260869565,20.22836069210293,17.741666666666667,23.8,89.0542960662526,85.39999999999999,91.34583333333335,637.5475081336882,561.4166666666666,829.0,20.1844239869861,16.916666666666668,24.95,5772.574016563148
NonSan,Strawberry,1,16,2020-11-24,1,32.0,7.0,10.0,8.0,16.0,23.7,12.0,7,10.516570541259982,3.75,16.620833333333334,449.8666075125702,75.875,773.7619047619048,17.164477965099085,14.825000000000001,19.220833333333335,92.23028320023663,90.49166666666667,94.20833333333333,519.8455708370306,466.625,587.9583333333334,16.16499186631174,13.737499999999999,18.333333333333332,3149.0662525879916
NonSan,Strawberry,1,16,2020-11-24,2,34.0,7.0,11.0,9.0,20.0,21.4,7.0,7,10.516570541259982,3.75,16.620833333333334,449.8666075125702,75.875,773.7619047619048,17.164477965099085,14.825000000000001,19.220833333333335,92.23028320023663,90.49166666666667,94.20833333333333,519.8455708370306,466.625,587.9583333333334,16.16499186631174,13.737499999999999,18.333333333333332,3149.0662525879916
NonSan,Strawberry,1,16,2020-11-24,3,31.0,7.0,9.0,8.0,19.0,17.8,8.0,7,10.516570541259982,3.75,16.620833333333334,449.8666075125702,75.875,773.7619047619048,17.164477965099085,14.825000000000001,19.220833333333335,92.23028320023663,90.49166666666667,94.20833333333333,519.8455708370306,466.625,587.9583333333334,16.16499186631174,13.737499999999999,18.333333333333332,3149.0662525879916
NonSan,Strawberry,1,16,2020-11-24,4,33.0,13.0,10.0,8.0,16.0,26.8,6.0,7,10.516570541259982,3.75,16.620833333333334,449.8666075125702,75.875,773.7619047619048,17.164477965099085,14.825000000000001,19.220833333333335,92.23028320023663,90.49166666666667,94.20833333333333,519.8455708370306,466.625,587.9583333333334,16.16499186631174,13.737499999999999,18.333333333333332,3149.0662525879916
NonSan,Strawberry,1,16,2020-12-01,1,32.0,7.0,11.0,8.0,19.0,24.6,11.0,7,3.4630691609977324,1.2416666666666667,6.325,808.533775510204,599.2916666666666,1035.8095238095239,15.448901360544218,13.654166666666667,16.554166666666667,91.13987301587302,90.02380952380952,92.368,591.3114852607711,497.48,667.6190476190476,14.586712018140588,12.645833333333334,15.808333333333332,5659.736428571428
NonSan,Strawberry,1,16,2020-12-01,2,34.0,7.0,12.0,10.0,18.0,22.7,7.0,7,3.4630691609977324,1.2416666666666667,6.325,808.533775510204,599.2916666666666,1035.8095238095239,15.448901360544218,13.654166666666667,16.554166666666667,91.13987301587302,90.02380952380952,92.368,591.3114852607711,497.48,667.6190476190476,14.586712018140588,12.645833333333334,15.808333333333332,5659.736428571428
NonSan,Strawberry,1,16,2020-12-01,3,30.0,7.0,9.0,8.0,19.0,20.1,8.0,7,3.4630691609977324,1.2416666666666667,6.325,808.533775510204,599.2916666666666,1035.8095238095239,15.448901360544218,13.654166666666667,16.554166666666667,91.13987301587302,90.02380952380952,92.368,591.3114852607711,497.48,667.6190476190476,14.586712018140588,12.645833333333334,15.808333333333332,5659.736428571428
NonSan,Strawberry,1,16,2020-12-01,4,32.0,14.0,12.0,9.0,19.0,20.7,6.0,7,3.4630691609977324,1.2416666666666667,6.325,808.533775510204,599.2916666666666,1035.8095238095239,15.448901360544218,13.654166666666667,16.554166666666667,91.13987301587302,90.02380952380952,92.368,591.3114852607711,497.48,667.6190476190476,14.586712018140588,12.645833333333334,15.808333333333332,5659.736428571428
NonSan,Strawberry,1,16,2020-12-08,1,31.0,5.0,11.0,8.0,19.0,15.8,11.0,7,1.8134139660648947,-0.3105263157894737,3.61875,849.7241114149008,560.7727272727273,1044.875,15.301137620119817,13.622727272727273,16.96470588235294,91.62896797474971,90.76842105263158,92.87727272727273,581.5243556752845,433.7368421052632,765.9545454545455,14.430708204334366,12.6,16.33529411764706,5948.068779904305
NonSan,Strawberry,1,16,2020-12-08,2,34.0,5.0,12.0,10.0,18.0,17.4,7.0,7,1.8134139660648947,-0.3105263157894737,3.61875,849.7241114149008,560.7727272727273,1044.875,15.301137620119817,13.622727272727273,16.96470588235294,91.62896797474971,90.76842105263158,92.87727272727273,581.5243556752845,433.7368421052632,765.9545454545455,14.430708204334366,12.6,16.33529411764706,5948.068779904305
NonSan,Strawberry,1,16,2020-12-08,3,31.0,5.0,9.0,8.0,19.0,18.5,8.0,7,1.8134139660648947,-0.3105263157894737,3.61875,849.7241114149008,560.7727272727273,1044.875,15.301137620119817,13.622727272727273,16.96470588235294,91.62896797474971,90.76842105263158,92.87727272727273,581.5243556752845,433.7368421052632,765.9545454545455,14.430708204334366,12.6,16.33529411764706,5948.068779904305
NonSan,Strawberry,1,16,2020-12-08,4,33.0,9.0,10.0,8.0,20.0,16.3,7.0,7,1.8134139660648947,-0.3105263157894737,3.61875,849.7241114149008,560.7727272727273,1044.875,15.301137620119817,13.622727272727273,16.96470588235294,91.62896797474971,90.76842105263158,92.87727272727273,581.5243556752845,433.7368421052632,765.9545454545455,14.430708204334366,12.6,16.33529411764706,5948.068779904305
NonSan,Strawberry,1,16,2020-12-15,1,32.0,5.0,11.0,8.0,20.0,16.1,9.0,7,1.404350161117078,-3.7083333333333335,5.125,708.9263515932689,472.0833333333333,904.3809523809524,15.680588077336198,13.133333333333333,16.670833333333334,92.2431999641962,91.73333333333333,93.22500000000001,587.0706587898318,449.8095238095238,919.9166666666666,15.088961689939135,12.241666666666667,15.950000000000001,4962.484461152882
NonSan,Strawberry,1,16,2020-12-15,2,34.0,5.0,12.0,10.0,19.0,18.2,6.0,7,1.404350161117078,-3.7083333333333335,5.125,708.9263515932689,472.0833333333333,904.3809523809524,15.680588077336198,13.133333333333333,16.670833333333334,92.2431999641962,91.73333333333333,93.22500000000001,587.0706587898318,449.8095238095238,919.9166666666666,15.088961689939135,12.241666666666667,15.950000000000001,4962.484461152882
NonSan,Strawberry,1,16,2020-12-15,3,32.0,5.0,9.0,8.0,20.0,18.8,7.0,7,1.404350161117078,-3.7083333333333335,5.125,708.9263515932689,472.0833333333333,904.3809523809524,15.680588077336198,13.133333333333333,16.670833333333334,92.2431999641962,91.73333333333333,93.22500000000001,587.0706587898318,449.8095238095238,919.9166666666666,15.088961689939135,12.241666666666667,15.950000000000001,4962.484461152882
NonSan,Strawberry,1,16,2020-12-15,4,32.0,9.0,10.0,8.0,21.0,16.7,5.0,7,1.404350161117078,-3.7083333333333335,5.125,708.9263515932689,472.0833333333333,904.3809523809524,15.680588077336198,13.133333333333333,16.670833333333334,92.2431999641962,91.73333333333333,93.22500000000001,587.0706587898318,449.8095238095238,919.9166666666666,15.088961689939135,12.241666666666667,15.950000000000001,4962.484461152882
NonSan,Strawberry,1,16,2020-12-22,1,33.0,6.0,10.0,8.0,19.0,16.8,8.0,7,-3.8844000104722567,-6.726315789473684,0.06666666666666658,777.6813747383704,589.0434782608696,911.7272727272727,13.81709530743856,12.665217391304349,14.791666666666666,92.17134136159146,90.85263157894737,93.93333333333334,605.4372880960165,447.0,828.0869565217391,13.098422998490012,11.791304347826086,14.11,5443.769623168593
NonSan,Strawberry,1,16,2020-12-22,2,35.0,8.0,11.0,9.0,18.0,18.9,4.0,7,-3.8844000104722567,-6.726315789473684,0.06666666666666658,777.6813747383704,589.0434782608696,911.7272727272727,13.81709530743856,12.665217391304349,14.791666666666666,92.17134136159146,90.85263157894737,93.93333333333334,605.4372880960165,447.0,828.0869565217391,13.098422998490012,11.791304347826086,14.11,5443.769623168593
NonSan,Strawberry,1,16,2020-12-22,3,32.0,6.0,10.0,8.0,20.0,19.3,7.0,7,-3.8844000104722567,-6.726315789473684,0.06666666666666658,777.6813747383704,589.0434782608696,911.7272727272727,13.81709530743856,12.665217391304349,14.791666666666666,92.17134136159146,90.85263157894737,93.93333333333334,605.4372880960165,447.0,828.0869565217391,13.098422998490012,11.791304347826086,14.11,5443.769623168593
NonSan,Strawberry,1,16,2020-12-22,4,32.0,10.0,10.0,8.0,22.0,17.3,3.0,7,-3.8844000104722567,-6.726315789473684,0.06666666666666658,777.6813747383704,589.0434782608696,911.7272727272727,13.81709530743856,12.665217391304349,14.791666666666666,92.17134136159146,90.85263157894737,93.93333333333334,605.4372880960165,447.0,828.0869565217391,13.098422998490012,11.791304347826086,14.11,5443.769623168593
NonSan,Strawberry,1,16,2020-12-29,1,33.0,6.0,10.0,8.0,20.0,17.4,6.0,7,1.2080349101363035,-0.81875,3.563636363636364,621.633822524225,439.5,750.7,14.511977805476258,12.6,15.422727272727274,93.25701936994895,92.76875,93.89411764705882,661.705908487797,487.25,877.25,13.623392806883519,11.5875,14.581818181818182,4351.436757669575
NonSan,Strawberry,1,16,2020-12-29,2,33.0,8.0,11.0,9.0,19.0,19.3,2.5,7,1.2080349101363035,-0.81875,3.563636363636364,621.633822524225,439.5,750.7,14.511977805476258,12.6,15.422727272727274,93.25701936994895,92.76875,93.89411764705882,661.705908487797,487.25,877.25,13.623392806883519,11.5875,14.581818181818182,4351.436757669575
NonSan,Strawberry,1,16,2020-12-29,3,32.0,6.0,10.0,8.0,22.0,19.7,4.0,7,1.2080349101363035,-0.81875,3.563636363636364,621.633822524225,439.5,750.7,14.511977805476258,12.6,15.422727272727274,93.25701936994895,92.76875,93.89411764705882,661.705908487797,487.25,877.25,13.623392806883519,11.5875,14.581818181818182,4351.436757669575
NonSan,Strawberry,1,16,2020-12-29,4,32.0,11.0,9.0,7.0,16.0,18.0,1.5,7,1.2080349101363035,-0.81875,3.563636363636364,621.633822524225,439.5,750.7,14.511977805476258,12.6,15.422727272727274,93.25701936994895,92.76875,93.89411764705882,661.705908487797,487.25,877.25,13.623392806883519,11.5875,14.581818181818182,4351.436757669575
NonSan,Strawberry,1,16,2021-01-08,1,34.0,7.0,11.5,8.5,20.0,13.69,3.0,7,-5.7909937103958855,-10.175,-2.573913043478261,713.0797752368405,547.0,1020.7,12.267423379760336,11.016666666666666,13.95625,91.65635155906897,90.99166666666667,92.29444444444444,570.9058527824833,380.0,730.7777777777778,11.180310088462262,9.68,13.2625,4991.5584266578835
NonSan,Strawberry,1,16,2021-01-08,2,33.4,8.0,7.3,5.7,14.0,20.3,3.0,7,-5.7909937103958855,-10.175,-2.573913043478261,713.0797752368405,547.0,1020.7,12.267423379760336,11.016666666666666,13.95625,91.65635155906897,90.99166666666667,92.29444444444444,570.9058527824833,380.0,730.7777777777778,11.180310088462262,9.68,13.2625,4991.5584266578835
NonSan,Strawberry,1,16,2021-01-08,3,31.3,6.0,7.5,5.5,14.0,16.75,2.0,7,-5.7909937103958855,-10.175,-2.573913043478261,713.0797752368405,547.0,1020.7,12.267423379760336,11.016666666666666,13.95625,91.65635155906897,90.99166666666667,92.29444444444444,570.9058527824833,380.0,730.7777777777778,11.180310088462262,9.68,13.2625,4991.5584266578835
NonSan,Strawberry,1,16,2021-01-08,4,35.0,12.0,9.0,7.0,17.5,31.47,3.0,7,-5.7909937103958855,-10.175,-2.573913043478261,713.0797752368405,547.0,1020.7,12.267423379760336,11.016666666666666,13.95625,91.65635155906897,90.99166666666667,92.29444444444444,570.9058527824833,380.0,730.7777777777778,11.180310088462262,9.68,13.2625,4991.5584266578835
NonSan,Strawberry,1,16,2021-01-15,1,34.0,7.0,11.5,8.5,20.0,15.4,5.0,7,-6.585672774430539,-16.285714285714285,1.7149999999999999,813.5597727582978,556.4,1021.55,13.283725420542188,10.657142857142857,15.035,91.52034361601133,90.25,92.69500000000001,470.1838791643139,380.0,670.7826086956521,12.066340639174488,9.385714285714286,13.965217391304348,5694.918409308084
NonSan,Strawberry,1,16,2021-01-15,2,35.5,10.0,7.0,5.5,15.0,24.9,4.0,7,-6.585672774430539,-16.285714285714285,1.7149999999999999,813.5597727582978,556.4,1021.55,13.283725420542188,10.657142857142857,15.035,91.52034361601133,90.25,92.69500000000001,470.1838791643139,380.0,670.7826086956521,12.066340639174488,9.385714285714286,13.965217391304348,5694.918409308084
NonSan,Strawberry,1,16,2021-01-15,3,31.0,7.0,7.5,5.5,13.0,18.5,2.5,7,-6.585672774430539,-16.285714285714285,1.7149999999999999,813.5597727582978,556.4,1021.55,13.283725420542188,10.657142857142857,15.035,91.52034361601133,90.25,92.69500000000001,470.1838791643139,380.0,670.7826086956521,12.066340639174488,9.385714285714286,13.965217391304348,5694.918409308084
NonSan,Strawberry,1,16,2021-01-15,4,34.0,12.0,6.5,6.5,12.0,14.74,2.0,7,-6.585672774430539,-16.285714285714285,1.7149999999999999,813.5597727582978,556.4,1021.55,13.283725420542188,10.657142857142857,15.035,91.52034361601133,90.25,92.69500000000001,470.1838791643139,380.0,670.7826086956521,12.066340639174488,9.385714285714286,13.965217391304348,5694.918409308084
NonSan,Strawberry,1,16,2021-01-15,4,34.0,12.0,6.5,6.5,12.0,15.92,4.0,7,-6.585672774430539,-16.285714285714285,1.7149999999999999,813.5597727582978,556.4,1021.55,13.283725420542188,10.657142857142857,15.035,91.52034361601133,90.25,92.69500000000001,470.1838791643139,380.0,670.7826086956521,12.066340639174488,9.385714285714286,13.965217391304348,5694.918409308084
NonSan,Strawberry,1,16,2021-01-22,1,33.0,7.0,11.0,8.5,20.0,18.08,8.0,7,-0.5686904761904762,-5.580952380952381,4.441666666666666,744.2909863945579,560.8333333333334,929.5238095238095,13.830442176870749,11.852380952380953,15.2,92.25389455782314,91.5904761904762,92.875,582.5062925170067,473.05,796.4285714285714,12.643027210884355,10.50952380952381,13.725,5210.036904761905
NonSan,Strawberry,1,16,2021-01-22,2,35.0,11.0,7.2,6.0,14.5,21.18,4.0,7,-0.5686904761904762,-5.580952380952381,4.441666666666666,744.2909863945579,560.8333333333334,929.5238095238095,13.830442176870749,11.852380952380953,15.2,92.25389455782314,91.5904761904762,92.875,582.5062925170067,473.05,796.4285714285714,12.643027210884355,10.50952380952381,13.725,5210.036904761905
NonSan,Strawberry,1,16,2021-01-22,3,32.0,9.0,6.0,5.0,13.0,19.09,2.0,7,-0.5686904761904762,-5.580952380952381,4.441666666666666,744.2909863945579,560.8333333333334,929.5238095238095,13.830442176870749,11.852380952380953,15.2,92.25389455782314,91.5904761904762,92.875,582.5062925170067,473.05,796.4285714285714,12.643027210884355,10.50952380952381,13.725,5210.036904761905
NonSan,Strawberry,1,16,2021-01-22,4,35.0,14.0,7.4,6.5,12.0,15.49,4.0,7,-0.5686904761904762,-5.580952380952381,4.441666666666666,744.2909863945579,560.8333333333334,929.5238095238095,13.830442176870749,11.852380952380953,15.2,92.25389455782314,91.5904761904762,92.875,582.5062925170067,473.05,796.4285714285714,12.643027210884355,10.50952380952381,13.725,5210.036904761905
NonSan,Strawberry,1,16,2021-01-29,1,33.5,8.0,6.5,4.5,10.0,23.42,8.0,7,5.49866625438054,-1.6272727272727272,9.015,737.9500103071531,558.2857142857143,1130.3333333333333,17.145810142238712,14.19090909090909,18.685714285714283,92.91760564831993,92.03571428571429,93.6,737.9500103071531,558.2857142857143,1130.3333333333333,15.448948670377243,12.954545454545455,16.857142857142858,5165.6500721500715
NonSan,Strawberry,1,16,2021-01-29,2,32.0,11.0,6.5,5.5,15.0,20.52,3.0,7,5.49866625438054,-1.6272727272727272,9.015,737.9500103071531,558.2857142857143,1130.3333333333333,17.145810142238712,14.19090909090909,18.685714285714283,92.91760564831993,92.03571428571429,93.6,737.9500103071531,558.2857142857143,1130.3333333333333,15.448948670377243,12.954545454545455,16.857142857142858,5165.6500721500715
NonSan,Strawberry,1,16,2021-01-29,3,29.0,8.0,6.2,5.0,13.5,21.98,5.0,7,5.49866625438054,-1.6272727272727272,9.015,737.9500103071531,558.2857142857143,1130.3333333333333,17.145810142238712,14.19090909090909,18.685714285714283,92.91760564831993,92.03571428571429,93.6,737.9500103071531,558.2857142857143,1130.3333333333333,15.448948670377243,12.954545454545455,16.857142857142858,5165.6500721500715
NonSan,Strawberry,1,16,2021-01-29,4,31.0,12.0,7.0,6.0,13.0,14.26,3.0,7,5.49866625438054,-1.6272727272727272,9.015,737.9500103071531,558.2857142857143,1130.3333333333333,17.145810142238712,14.19090909090909,18.685714285714283,92.91760564831993,92.03571428571429,93.6,737.9500103071531,558.2857142857143,1130.3333333333333,15.448948670377243,12.954545454545455,16.857142857142858,5165.6500721500715
NonSan,Strawberry,1,16,2021-01-29,4,31.0,12.0,7.0,6.0,13.0,19.62,2.0,7,5.49866625438054,-1.6272727272727272,9.015,737.9500103071531,558.2857142857143,1130.3333333333333,17.145810142238712,14.19090909090909,18.685714285714283,92.91760564831993,92.03571428571429,93.6,737.9500103071531,558.2857142857143,1130.3333333333333,15.448948670377243,12.954545454545455,16.857142857142858,5165.6500721500715
NonSan,Strawberry,1,16,2021-02-05,1,34.5,8.0,7.0,4.5,11.5,23.7,8.0,5,1.011815018315018,-5.384615384615385,6.945833333333333,802.7880402930402,601.6,1060.6190476190477,16.66160805860806,15.406666666666666,18.591666666666665,92.72956227106228,91.60769230769232,93.77916666666665,756.7963736263737,486.5833333333333,1060.6190476190477,15.533012820512823,14.833333333333334,17.125,4013.9402014652014
NonSan,Strawberry,1,16,2021-02-05,2,34.0,13.0,6.0,5.5,12.5,20.89,2.0,5,1.011815018315018,-5.384615384615385,6.945833333333333,802.7880402930402,601.6,1060.6190476190477,16.66160805860806,15.406666666666666,18.591666666666665,92.72956227106228,91.60769230769232,93.77916666666665,756.7963736263737,486.5833333333333,1060.6190476190477,15.533012820512823,14.833333333333334,17.125,4013.9402014652014
NonSan,Strawberry,1,16,2021-02-05,3,29.5,11.0,6.8,5.2,14.0,20.89,3.0,5,1.011815018315018,-5.384615384615385,6.945833333333333,802.7880402930402,601.6,1060.6190476190477,16.66160805860806,15.406666666666666,18.591666666666665,92.72956227106228,91.60769230769232,93.77916666666665,756.7963736263737,486.5833333333333,1060.6190476190477,15.533012820512823,14.833333333333334,17.125,4013.9402014652014
NonSan,Strawberry,1,16,2021-02-05,4,34.0,19.0,7.5,6.5,13.0,18.23,5.5,5,1.011815018315018,-5.384615384615385,6.945833333333333,802.7880402930402,601.6,1060.6190476190477,16.66160805860806,15.406666666666666,18.591666666666665,92.72956227106228,91.60769230769232,93.77916666666665,756.7963736263737,486.5833333333333,1060.6190476190477,15.533012820512823,14.833333333333334,17.125,4013.9402014652014
NonSan,Strawberry,1,16,2021-02-05,4,34.0,19.0,7.5,6.5,13.0,18.59,2.0,5,1.011815018315018,-5.384615384615385,6.945833333333333,802.7880402930402,601.6,1060.6190476190477,16.66160805860806,15.406666666666666,18.591666666666665,92.72956227106228,91.60769230769232,93.77916666666665,756.7963736263737,486.5833333333333,1060.6190476190477,15.533012820512823,14.833333333333334,17.125,4013.9402014652014
NonSan,Strawberry,1,16,2021-02-05,4,34.0,19.0,7.5,6.5,13.0,21.5,1.0,5,1.011815018315018,-5.384615384615385,6.945833333333333,802.7880402930402,601.6,1060.6190476190477,16.66160805860806,15.406666666666666,18.591666666666665,92.72956227106228,91.60769230769232,93.77916666666665,756.7963736263737,486.5833333333333,1060.6190476190477,15.533012820512823,14.833333333333334,17.125,4013.9402014652014
NonSan,Strawberry,1,16,2021-02-10,1,32.0,9.0,7.0,4.8,11.5,24.51,8.0,5,2.3420234113712377,-0.85,5.7250000000000005,758.2296209587514,552.5,1185.6923076923076,16.645442028985507,14.31304347826087,19.1,92.82822463768116,91.9,94.1,534.9807190635452,442.2307692307692,737.2,15.831532887402451,13.06086956521739,17.838461538461537,3791.148104793757
NonSan,Strawberry,1,16,2021-02-10,2,33.0,12.0,7.0,6.0,14.0,12.32,3.0,5,2.3420234113712377,-0.85,5.7250000000000005,758.2296209587514,552.5,1185.6923076923076,16.645442028985507,14.31304347826087,19.1,92.82822463768116,91.9,94.1,534.9807190635452,442.2307692307692,737.2,15.831532887402451,13.06086956521739,17.838461538461537,3791.148104793757
NonSan,Strawberry,1,16,2021-02-10,2,33.0,12.0,7.0,6.0,14.0,20.35,3.0,5,2.3420234113712377,-0.85,5.7250000000000005,758.2296209587514,552.5,1185.6923076923076,16.645442028985507,14.31304347826087,19.1,92.82822463768116,91.9,94.1,534.9807190635452,442.2307692307692,737.2,15.831532887402451,13.06086956521739,17.838461538461537,3791.148104793757
NonSan,Strawberry,1,16,2021-02-10,3,23.0,14.0,6.5,5.0,14.5,29.7,3.3333333333333335,5,2.3420234113712377,-0.85,5.7250000000000005,758.2296209587514,552.5,1185.6923076923076,16.645442028985507,14.31304347826087,19.1,92.82822463768116,91.9,94.1,534.9807190635452,442.2307692307692,737.2,15.831532887402451,13.06086956521739,17.838461538461537,3791.148104793757
NonSan,Strawberry,1,16,2021-02-10,4,30.5,20.0,7.5,6.5,14.5,18.54,6.0,5,2.3420234113712377,-0.85,5.7250000000000005,758.2296209587514,552.5,1185.6923076923076,16.645442028985507,14.31304347826087,19.1,92.82822463768116,91.9,94.1,534.9807190635452,442.2307692307692,737.2,15.831532887402451,13.06086956521739,17.838461538461537,3791.148104793757
NonSan,Strawberry,1,16,2021-02-10,4,30.5,20.0,7.5,6.5,14.5,20.1,5.0,5,2.3420234113712377,-0.85,5.7250000000000005,758.2296209587514,552.5,1185.6923076923076,16.645442028985507,14.31304347826087,19.1,92.82822463768116,91.9,94.1,534.9807190635452,442.2307692307692,737.2,15.831532887402451,13.06086956521739,17.838461538461537,3791.148104793757
NonSan,Strawberry,1,16,2021-02-19,1,33.0,10.0,7.0,6.0,11.5,22.96,4.5,7,1.5865759637188206,-6.844444444444445,10.0125,675.3687358276645,436.5625,977.95,16.360552721088435,13.63,19.314285714285713,91.78732709750567,90.27142857142857,93.35625,530.0196995464852,431.6666666666667,645.7142857142857,15.960087868480723,12.629999999999999,19.357142857142858,4727.581150793651
NonSan,Strawberry,1,16,2021-02-19,2,33.0,19.0,7.5,6.5,15.0,10.96,4.0,7,1.5865759637188206,-6.844444444444445,10.0125,675.3687358276645,436.5625,977.95,16.360552721088435,13.63,19.314285714285713,91.78732709750567,90.27142857142857,93.35625,530.0196995464852,431.6666666666667,645.7142857142857,15.960087868480723,12.629999999999999,19.357142857142858,4727.581150793651
NonSan,Strawberry,1,16,2021-02-19,2,33.0,19.0,7.5,6.5,15.0,23.6,2.5,7,1.5865759637188206,-6.844444444444445,10.0125,675.3687358276645,436.5625,977.95,16.360552721088435,13.63,19.314285714285713,91.78732709750567,90.27142857142857,93.35625,530.0196995464852,431.6666666666667,645.7142857142857,15.960087868480723,12.629999999999999,19.357142857142858,4727.581150793651
NonSan,Strawberry,1,16,2021-02-19,3,26.0,14.0,6.0,5.6,16.0,27.36,2.0,7,1.5865759637188206,-6.844444444444445,10.0125,675.3687358276645,436.5625,977.95,16.360552721088435,13.63,19.314285714285713,91.78732709750567,90.27142857142857,93.35625,530.0196995464852,431.6666666666667,645.7142857142857,15.960087868480723,12.629999999999999,19.357142857142858,4727.581150793651
NonSan,Strawberry,1,16,2021-02-19,4,31.0,23.0,7.2,5.0,15.5,4.77,1.0,7,1.5865759637188206,-6.844444444444445,10.0125,675.3687358276645,436.5625,977.95,16.360552721088435,13.63,19.314285714285713,91.78732709750567,90.27142857142857,93.35625,530.0196995464852,431.6666666666667,645.7142857142857,15.960087868480723,12.629999999999999,19.357142857142858,4727.581150793651
NonSan,Strawberry,1,16,2021-02-19,4,31.0,23.0,7.2,5.0,15.5,13.51,7.0,7,1.5865759637188206,-6.844444444444445,10.0125,675.3687358276645,436.5625,977.95,16.360552721088435,13.63,19.314285714285713,91.78732709750567,90.27142857142857,93.35625,530.0196995464852,431.6666666666667,645.7142857142857,15.960087868480723,12.629999999999999,19.357142857142858,4727.581150793651
NonSan,Strawberry,1,16,2021-02-19,4,31.0,23.0,7.2,5.0,15.5,19.61,3.5,7,1.5865759637188206,-6.844444444444445,10.0125,675.3687358276645,436.5625,977.95,16.360552721088435,13.63,19.314285714285713,91.78732709750567,90.27142857142857,93.35625,530.0196995464852,431.6666666666667,645.7142857142857,15.960087868480723,12.629999999999999,19.357142857142858,4727.581150793651
NonSan,Strawberry,1,16,2021-02-26,1,30.0,12.0,7.5,6.5,16.0,26.92,5.5,7,6.905132052821128,0.757142857142857,13.328571428571427,479.296518607443,375.6470588235294,574.7142857142857,19.487680072028812,15.994117647058822,22.185714285714287,91.68337334933973,90.67142857142858,92.7764705882353,620.6461584633853,496.57142857142856,855.25,19.00951380552221,14.805882352941177,21.75714285714286,3355.075630252101
NonSan,Strawberry,1,16,2021-02-26,2,33.0,18.0,8.0,6.5,16.0,37.22,4.0,7,6.905132052821128,0.757142857142857,13.328571428571427,479.296518607443,375.6470588235294,574.7142857142857,19.487680072028812,15.994117647058822,22.185714285714287,91.68337334933973,90.67142857142858,92.7764705882353,620.6461584633853,496.57142857142856,855.25,19.00951380552221,14.805882352941177,21.75714285714286,3355.075630252101
NonSan,Strawberry,1,16,2021-02-26,3,30.0,16.0,7.2,5.8,17.0,26.28,2.0,7,6.905132052821128,0.757142857142857,13.328571428571427,479.296518607443,375.6470588235294,574.7142857142857,19.487680072028812,15.994117647058822,22.185714285714287,91.68337334933973,90.67142857142858,92.7764705882353,620.6461584633853,496.57142857142856,855.25,19.00951380552221,14.805882352941177,21.75714285714286,3355.075630252101
NonSan,Strawberry,1,16,2021-02-26,4,30.0,22.0,8.0,6.7,16.0,38.72,4.0,7,6.905132052821128,0.757142857142857,13.328571428571427,479.296518607443,375.6470588235294,574.7142857142857,19.487680072028812,15.994117647058822,22.185714285714287,91.68337334933973,90.67142857142858,92.7764705882353,620.6461584633853,496.57142857142856,855.25,19.00951380552221,14.805882352941177,21.75714285714286,3355.075630252101
NonSan,Strawberry,1,16,2021-03-05,1,26.0,9.0,7.2,6.4,13.5,22.47,3.3333333333333335,7,6.683872521340552,1.6181818181818182,10.55,536.5697383960171,323.4782608695652,884.9090909090909,18.03028311429974,16.524,22.5375,92.63499448448681,91.33636363636364,93.52222222222223,545.7411858261091,473.04,745.4545454545455,17.29893763170617,15.530434782608696,21.9375,3755.98816877212
NonSan,Strawberry,1,16,2021-03-05,2,29.5,20.0,8.0,6.8,18.0,10.46,2.6666666666666665,7,6.683872521340552,1.6181818181818182,10.55,536.5697383960171,323.4782608695652,884.9090909090909,18.03028311429974,16.524,22.5375,92.63499448448681,91.33636363636364,93.52222222222223,545.7411858261091,473.04,745.4545454545455,17.29893763170617,15.530434782608696,21.9375,3755.98816877212
NonSan,Strawberry,1,16,2021-03-05,2,29.5,20.0,8.0,6.8,18.0,25.04,3.0,7,6.683872521340552,1.6181818181818182,10.55,536.5697383960171,323.4782608695652,884.9090909090909,18.03028311429974,16.524,22.5375,92.63499448448681,91.33636363636364,93.52222222222223,545.7411858261091,473.04,745.4545454545455,17.29893763170617,15.530434782608696,21.9375,3755.98816877212
NonSan,Strawberry,1,16,2021-03-05,3,31.0,11.0,6.5,5.5,11.5,32.63,2.6666666666666665,7,6.683872521340552,1.6181818181818182,10.55,536.5697383960171,323.4782608695652,884.9090909090909,18.03028311429974,16.524,22.5375,92.63499448448681,91.33636363636364,93.52222222222223,545.7411858261091,473.04,745.4545454545455,17.29893763170617,15.530434782608696,21.9375,3755.98816877212
NonSan,Strawberry,1,16,2021-03-05,4,27.0,17.0,8.0,6.5,15.0,17.07,2.6666666666666665,7,6.683872521340552,1.6181818181818182,10.55,536.5697383960171,323.4782608695652,884.9090909090909,18.03028311429974,16.524,22.5375,92.63499448448681,91.33636363636364,93.52222222222223,545.7411858261091,473.04,745.4545454545455,17.29893763170617,15.530434782608696,21.9375,3755.98816877212
NonSan,Strawberry,1,16,2021-03-05,4,27.0,17.0,8.0,6.5,15.0,18.79,4.0,7,6.683872521340552,1.6181818181818182,10.55,536.5697383960171,323.4782608695652,884.9090909090909,18.03028311429974,16.524,22.5375,92.63499448448681,91.33636363636364,93.52222222222223,545.7411858261091,473.04,745.4545454545455,17.29893763170617,15.530434782608696,21.9375,3755.98816877212
NonSan,Strawberry,1,16,2021-03-10,1,26.0,10.0,6.4,7.4,14.0,19.97,2.3333333333333335,7,5.897031843040247,1.6181818181818182,8.725000000000001,605.3841551772224,400.22222222222223,884.9090909090909,17.49186250257679,15.242857142857144,19.825,92.34354681266447,91.33636363636364,93.42941176470588,584.8555846581056,470.47058823529414,745.4545454545455,17.130145694641495,14.807142857142859,19.675,4237.689086240557
NonSan,Strawberry,1,16,2021-03-10,2,30.0,22.0,7.8,6.6,18.0,39.18,2.5,7,5.897031843040247,1.6181818181818182,8.725000000000001,605.3841551772224,400.22222222222223,884.9090909090909,17.49186250257679,15.242857142857144,19.825,92.34354681266447,91.33636363636364,93.42941176470588,584.8555846581056,470.47058823529414,745.4545454545455,17.130145694641495,14.807142857142859,19.675,4237.689086240557
NonSan,Strawberry,1,16,2021-03-10,3,34.0,12.0,7.2,5.7,19.0,34.16,2.5,7,5.897031843040247,1.6181818181818182,8.725000000000001,605.3841551772224,400.22222222222223,884.9090909090909,17.49186250257679,15.242857142857144,19.825,92.34354681266447,91.33636363636364,93.42941176470588,584.8555846581056,470.47058823529414,745.4545454545455,17.130145694641495,14.807142857142859,19.675,4237.689086240557
NonSan,Strawberry,1,16,2021-03-10,4,29.0,17.0,8.0,5.8,15.0,15.5,1.0,7,5.897031843040247,1.6181818181818182,8.725000000000001,605.3841551772224,400.22222222222223,884.9090909090909,17.49186250257679,15.242857142857144,19.825,92.34354681266447,91.33636363636364,93.42941176470588,584.8555846581056,470.47058823529414,745.4545454545455,17.130145694641495,14.807142857142859,19.675,4237.689086240557
NonSan,Strawberry,1,16,2021-03-10,4,29.0,17.0,8.0,5.8,15.0,18.91,4.75,7,5.897031843040247,1.6181818181818182,8.725000000000001,605.3841551772224,400.22222222222223,884.9090909090909,17.49186250257679,15.242857142857144,19.825,92.34354681266447,91.33636363636364,93.42941176470588,584.8555846581056,470.47058823529414,745.4545454545455,17.130145694641495,14.807142857142859,19.675,4237.689086240557
NonSan,Strawberry,1,16,2021-03-18,1,27.0,9.0,8.0,6.8,18.0,17.7,2.3333333333333335,7,9.227625152625153,6.1461538461538465,15.175,449.2666361416362,280.6666666666667,705.0,17.615216727716724,14.238461538461538,21.45,91.42211538461538,90.35,93.38888888888889,594.1648351648352,451.72222222222223,797.25,17.39648962148962,13.561538461538463,21.95,3144.866452991453
NonSan,Strawberry,1,16,2021-03-18,2,30.0,21.0,8.0,7.0,17.0,41.26,2.3333333333333335,7,9.227625152625153,6.1461538461538465,15.175,449.2666361416362,280.6666666666667,705.0,17.615216727716724,14.238461538461538,21.45,91.42211538461538,90.35,93.38888888888889,594.1648351648352,451.72222222222223,797.25,17.39648962148962,13.561538461538463,21.95,3144.866452991453
NonSan,Strawberry,1,16,2021-03-18,3,37.0,13.0,7.8,6.7,18.5,34.8,2.0,7,9.227625152625153,6.1461538461538465,15.175,449.2666361416362,280.6666666666667,705.0,17.615216727716724,14.238461538461538,21.45,91.42211538461538,90.35,93.38888888888889,594.1648351648352,451.72222222222223,797.25,17.39648962148962,13.561538461538463,21.95,3144.866452991453
NonSan,Strawberry,1,16,2021-03-18,4,31.0,18.0,8.0,7.8,15.0,41.02,3.5,7,9.227625152625153,6.1461538461538465,15.175,449.2666361416362,280.6666666666667,705.0,17.615216727716724,14.238461538461538,21.45,91.42211538461538,90.35,93.38888888888889,594.1648351648352,451.72222222222223,797.25,17.39648962148962,13.561538461538463,21.95,3144.866452991453
NonSan,Strawberry,1,16,2021-03-25,1,26.0,9.0,7.5,5.0,15.0,16.52,3.0,7,9.106375050020008,4.683333333333334,14.185714285714285,382.35904361744696,187.0,499.7142857142857,16.967066826730694,14.05,19.8,91.76016906762706,90.51666666666667,93.0764705882353,491.29901960784315,448.14285714285717,606.7142857142857,16.703416366546616,13.5375,19.514285714285712,2676.513305322129
NonSan,Strawberry,1,16,2021-03-25,2,32.0,18.0,8.2,6.0,17.0,16.47,2.5,7,9.106375050020008,4.683333333333334,14.185714285714285,382.35904361744696,187.0,499.7142857142857,16.967066826730694,14.05,19.8,91.76016906762706,90.51666666666667,93.0764705882353,491.29901960784315,448.14285714285717,606.7142857142857,16.703416366546616,13.5375,19.514285714285712,2676.513305322129
NonSan,Strawberry,1,16,2021-03-25,2,32.0,18.0,8.2,6.0,17.0,21.13,1.5,7,9.106375050020008,4.683333333333334,14.185714285714285,382.35904361744696,187.0,499.7142857142857,16.967066826730694,14.05,19.8,91.76016906762706,90.51666666666667,93.0764705882353,491.29901960784315,448.14285714285717,606.7142857142857,16.703416366546616,13.5375,19.514285714285712,2676.513305322129
NonSan,Strawberry,1,16,2021-03-25,3,40.0,12.0,7.5,5.8,19.0,34.05,2.5,7,9.106375050020008,4.683333333333334,14.185714285714285,382.35904361744696,187.0,499.7142857142857,16.967066826730694,14.05,19.8,91.76016906762706,90.51666666666667,93.0764705882353,491.29901960784315,448.14285714285717,606.7142857142857,16.703416366546616,13.5375,19.514285714285712,2676.513305322129
NonSan,Strawberry,1,16,2021-03-25,4,30.0,15.0,7.4,5.2,15.5,17.92,2.5,7,9.106375050020008,4.683333333333334,14.185714285714285,382.35904361744696,187.0,499.7142857142857,16.967066826730694,14.05,19.8,91.76016906762706,90.51666666666667,93.0764705882353,491.29901960784315,448.14285714285717,606.7142857142857,16.703416366546616,13.5375,19.514285714285712,2676.513305322129
NonSan,Strawberry,1,16,2021-04-01,1,27.0,10.0,7.5,6.2,14.5,22.42,3.0,7,10.575427536231883,9.266666666666667,11.479166666666666,166.973850931677,60.125,245.29166666666666,16.411906832298136,15.584000000000001,17.616666666666667,92.39999482401656,91.45333333333333,93.42,490.61755693581784,470.2083333333333,506.875,15.765679089026914,14.752,17.454166666666666,1168.816956521739
NonSan,Strawberry,1,16,2021-04-01,2,32.0,18.0,8.2,6.2,18.0,21.36,1.5,7,10.575427536231883,9.266666666666667,11.479166666666666,166.973850931677,60.125,245.29166666666666,16.411906832298136,15.584000000000001,17.616666666666667,92.39999482401656,91.45333333333333,93.42,490.61755693581784,470.2083333333333,506.875,15.765679089026914,14.752,17.454166666666666,1168.816956521739
NonSan,Strawberry,1,16,2021-04-01,2,32.0,18.0,8.2,6.2,18.0,21.42,2.0,7,10.575427536231883,9.266666666666667,11.479166666666666,166.973850931677,60.125,245.29166666666666,16.411906832298136,15.584000000000001,17.616666666666667,92.39999482401656,91.45333333333333,93.42,490.61755693581784,470.2083333333333,506.875,15.765679089026914,14.752,17.454166666666666,1168.816956521739
NonSan,Strawberry,1,16,2021-04-01,3,40.0,12.0,7.5,6.6,24.0,17.46,1.0,7,10.575427536231883,9.266666666666667,11.479166666666666,166.973850931677,60.125,245.29166666666666,16.411906832298136,15.584000000000001,17.616666666666667,92.39999482401656,91.45333333333333,93.42,490.61755693581784,470.2083333333333,506.875,15.765679089026914,14.752,17.454166666666666,1168.816956521739
NonSan,Strawberry,1,16,2021-04-01,3,40.0,12.0,7.5,6.6,24.0,23.56,1.5,7,10.575427536231883,9.266666666666667,11.479166666666666,166.973850931677,60.125,245.29166666666666,16.411906832298136,15.584000000000001,17.616666666666667,92.39999482401656,91.45333333333333,93.42,490.61755693581784,470.2083333333333,506.875,15.765679089026914,14.752,17.454166666666666,1168.816956521739
NonSan,Strawberry,1,16,2021-04-01,4,31.0,16.0,8.0,6.0,16.5,13.13,2.0,7,10.575427536231883,9.266666666666667,11.479166666666666,166.973850931677,60.125,245.29166666666666,16.411906832298136,15.584000000000001,17.616666666666667,92.39999482401656,91.45333333333333,93.42,490.61755693581784,470.2083333333333,506.875,15.765679089026914,14.752,17.454166666666666,1168.816956521739
NonSan,Strawberry,1,16,2021-04-01,4,31.0,16.0,8.0,6.0,16.5,16.82,1.5,7,10.575427536231883,9.266666666666667,11.479166666666666,166.973850931677,60.125,245.29166666666666,16.411906832298136,15.584000000000001,17.616666666666667,92.39999482401656,91.45333333333333,93.42,490.61755693581784,470.2083333333333,506.875,15.765679089026914,14.752,17.454166666666666,1168.816956521739
NonSan,Strawberry,1,16,2021-04-08,1,30.0,9.0,8.0,6.5,17.5,19.93,2.0,7,13.391995259642318,9.207692307692309,18.02857142857143,488.2977652599501,242.52941176470588,814.7692307692307,18.43539184904731,14.061538461538463,21.585714285714285,91.87055783852,90.55,93.7235294117647,482.8341182626896,466.0,516.0,17.38248799519808,12.899999999999999,20.342857142857145,3418.0843568196506
NonSan,Strawberry,1,16,2021-04-08,2,32.0,17.0,8.0,6.5,17.8,17.93,1.0,7,13.391995259642318,9.207692307692309,18.02857142857143,488.2977652599501,242.52941176470588,814.7692307692307,18.43539184904731,14.061538461538463,21.585714285714285,91.87055783852,90.55,93.7235294117647,482.8341182626896,466.0,516.0,17.38248799519808,12.899999999999999,20.342857142857145,3418.0843568196506
NonSan,Strawberry,1,16,2021-04-08,2,32.0,17.0,8.0,6.5,17.8,21.81,1.5,7,13.391995259642318,9.207692307692309,18.02857142857143,488.2977652599501,242.52941176470588,814.7692307692307,18.43539184904731,14.061538461538463,21.585714285714285,91.87055783852,90.55,93.7235294117647,482.8341182626896,466.0,516.0,17.38248799519808,12.899999999999999,20.342857142857145,3418.0843568196506
NonSan,Strawberry,1,16,2021-04-08,3,40.0,12.0,8.5,6.5,20.0,13.42,1.0,7,13.391995259642318,9.207692307692309,18.02857142857143,488.2977652599501,242.52941176470588,814.7692307692307,18.43539184904731,14.061538461538463,21.585714285714285,91.87055783852,90.55,93.7235294117647,482.8341182626896,466.0,516.0,17.38248799519808,12.899999999999999,20.342857142857145,3418.0843568196506
NonSan,Strawberry,1,16,2021-04-08,3,40.0,12.0,8.5,6.5,20.0,17.45,2.0,7,13.391995259642318,9.207692307692309,18.02857142857143,488.2977652599501,242.52941176470588,814.7692307692307,18.43539184904731,14.061538461538463,21.585714285714285,91.87055783852,90.55,93.7235294117647,482.8341182626896,466.0,516.0,17.38248799519808,12.899999999999999,20.342857142857145,3418.0843568196506
NonSan,Strawberry,1,16,2021-04-08,4,30.0,18.0,9.0,7.0,19.5,13.25,3.0,7,13.391995259642318,9.207692307692309,18.02857142857143,488.2977652599501,242.52941176470588,814.7692307692307,18.43539184904731,14.061538461538463,21.585714285714285,91.87055783852,90.55,93.7235294117647,482.8341182626896,466.0,516.0,17.38248799519808,12.899999999999999,20.342857142857145,3418.0843568196506
NonSan,Strawberry,1,16,2021-04-08,4,30.0,18.0,9.0,7.0,19.5,13.99,1.0,7,13.391995259642318,9.207692307692309,18.02857142857143,488.2977652599501,242.52941176470588,814.7692307692307,18.43539184904731,14.061538461538463,21.585714285714285,91.87055783852,90.55,93.7235294117647,482.8341182626896,466.0,516.0,17.38248799519808,12.899999999999999,20.342857142857145,3418.0843568196506
NonSan,Strawberry,1,16,2021-04-14,1,27.0,10.0,6.5,5.7,17.8,20.11,1.5,7,11.605212206340026,10.214285714285714,13.515789473684212,444.42413726624244,399.85714285714283,499.8333333333333,17.325300889586604,16.185714285714287,18.366666666666667,91.39804593902339,90.18571428571428,93.57368421052632,483.65757801096146,462.84615384615387,511.57142857142856,16.554907874080808,15.0,17.5,3110.9689608636972
NonSan,Strawberry,1,16,2021-04-14,2,33.0,18.0,7.0,6.2,18.0,20.7,1.0,7,11.605212206340026,10.214285714285714,13.515789473684212,444.42413726624244,399.85714285714283,499.8333333333333,17.325300889586604,16.185714285714287,18.366666666666667,91.39804593902339,90.18571428571428,93.57368421052632,483.65757801096146,462.84615384615387,511.57142857142856,16.554907874080808,15.0,17.5,3110.9689608636972
NonSan,Strawberry,1,16,2021-04-14,2,33.0,18.0,7.0,6.2,18.0,23.88,1.5,7,11.605212206340026,10.214285714285714,13.515789473684212,444.42413726624244,399.85714285714283,499.8333333333333,17.325300889586604,16.185714285714287,18.366666666666667,91.39804593902339,90.18571428571428,93.57368421052632,483.65757801096146,462.84615384615387,511.57142857142856,16.554907874080808,15.0,17.5,3110.9689608636972
NonSan,Strawberry,1,16,2021-04-14,3,40.0,13.0,9.0,7.5,30.0,13.89,1.0,7,11.605212206340026,10.214285714285714,13.515789473684212,444.42413726624244,399.85714285714283,499.8333333333333,17.325300889586604,16.185714285714287,18.366666666666667,91.39804593902339,90.18571428571428,93.57368421052632,483.65757801096146,462.84615384615387,511.57142857142856,16.554907874080808,15.0,17.5,3110.9689608636972
NonSan,Strawberry,1,16,2021-04-14,3,40.0,13.0,9.0,7.5,30.0,16.07,1.0,7,11.605212206340026,10.214285714285714,13.515789473684212,444.42413726624244,399.85714285714283,499.8333333333333,17.325300889586604,16.185714285714287,18.366666666666667,91.39804593902339,90.18571428571428,93.57368421052632,483.65757801096146,462.84615384615387,511.57142857142856,16.554907874080808,15.0,17.5,3110.9689608636972
NonSan,Strawberry,1,16,2021-04-14,4,30.0,19.0,8.2,6.4,16.0,37.35,1.5,7,11.605212206340026,10.214285714285714,13.515789473684212,444.42413726624244,399.85714285714283,499.8333333333333,17.325300889586604,16.185714285714287,18.366666666666667,91.39804593902339,90.18571428571428,93.57368421052632,483.65757801096146,462.84615384615387,511.57142857142856,16.554907874080808,15.0,17.5,3110.9689608636972
NonSan,Strawberry,1,16,2021-04-22,1,31.0,11.0,8.0,6.0,17.5,24.32,1.0,7,10.946626984126985,7.871428571428572,16.942857142857143,425.23214285714283,308.0,473.7142857142857,16.882794784580497,14.107142857142858,21.685714285714287,91.35090702947848,90.42857142857143,92.97777777777779,492.250283446712,461.05555555555554,568.7142857142857,16.619586167800453,13.764285714285716,21.085714285714285,2976.625
NonSan,Strawberry,1,16,2021-04-22,2,32.0,24.0,7.2,6.0,13.5,19.14,1.0,7,10.946626984126985,7.871428571428572,16.942857142857143,425.23214285714283,308.0,473.7142857142857,16.882794784580497,14.107142857142858,21.685714285714287,91.35090702947848,90.42857142857143,92.97777777777779,492.250283446712,461.05555555555554,568.7142857142857,16.619586167800453,13.764285714285716,21.085714285714285,2976.625
NonSan,Strawberry,1,16,2021-04-22,3,39.0,16.0,9.0,8.0,30.0,16.77,1.0,7,10.946626984126985,7.871428571428572,16.942857142857143,425.23214285714283,308.0,473.7142857142857,16.882794784580497,14.107142857142858,21.685714285714287,91.35090702947848,90.42857142857143,92.97777777777779,492.250283446712,461.05555555555554,568.7142857142857,16.619586167800453,13.764285714285716,21.085714285714285,2976.625
NonSan,Strawberry,1,16,2021-04-29,1,32.0,12.0,6.5,5.0,12.0,24.22,1.0,7,17.27097505668934,15.6,20.061111111111114,591.7706916099772,402.875,866.5,20.45841836734694,18.292857142857144,22.4875,92.53602607709752,91.65555555555555,94.10555555555555,483.8920068027211,439.0,524.0,19.936734693877554,17.535714285714285,21.875,4142.394841269841
NonSan,Strawberry,1,16,2021-04-29,2,34.5,23.0,6.4,5.5,17.0,24.96,1.5,7,17.27097505668934,15.6,20.061111111111114,591.7706916099772,402.875,866.5,20.45841836734694,18.292857142857144,22.4875,92.53602607709752,91.65555555555555,94.10555555555555,483.8920068027211,439.0,524.0,19.936734693877554,17.535714285714285,21.875,4142.394841269841
NonSan,Strawberry,1,16,2021-04-29,3,39.0,20.0,7.6,5.5,20.5,17.64,1.0,7,17.27097505668934,15.6,20.061111111111114,591.7706916099772,402.875,866.5,20.45841836734694,18.292857142857144,22.4875,92.53602607709752,91.65555555555555,94.10555555555555,483.8920068027211,439.0,524.0,19.936734693877554,17.535714285714285,21.875,4142.394841269841
NonSan,Strawberry,1,16,2021-04-29,4,30.0,29.0,6.0,4.3,16.0,22.1,1.0,7,17.27097505668934,15.6,20.061111111111114,591.7706916099772,402.875,866.5,20.45841836734694,18.292857142857144,22.4875,92.53602607709752,91.65555555555555,94.10555555555555,483.8920068027211,439.0,524.0,19.936734693877554,17.535714285714285,21.875,4142.394841269841
NonSan,Strawberry,1,16,2021-05-07,1,35.0,10.0,8.3,7.0,24.0,26.69,2.0,7,13.285851648351649,11.383333333333333,17.816666666666666,494.6606052677481,338.57142857142856,621.4615384615385,18.62167931275074,17.638461538461538,20.538888888888888,91.7988356881214,90.52857142857144,93.80000000000001,474.88906331763474,451.14285714285717,494.2857142857143,18.30590005232862,16.96153846153846,19.700000000000003,3462.624236874237
NonSan,Strawberry,1,16,2021-05-07,2,38.0,16.0,9.0,7.5,25.0,10.08,1.0,7,13.285851648351649,11.383333333333333,17.816666666666666,494.6606052677481,338.57142857142856,621.4615384615385,18.62167931275074,17.638461538461538,20.538888888888888,91.7988356881214,90.52857142857144,93.80000000000001,474.88906331763474,451.14285714285717,494.2857142857143,18.30590005232862,16.96153846153846,19.700000000000003,3462.624236874237
NonSan,Strawberry,1,16,2021-05-07,2,38.0,16.0,9.0,7.5,25.0,15.17,1.0,7,13.285851648351649,11.383333333333333,17.816666666666666,494.6606052677481,338.57142857142856,621.4615384615385,18.62167931275074,17.638461538461538,20.538888888888888,91.7988356881214,90.52857142857144,93.80000000000001,474.88906331763474,451.14285714285717,494.2857142857143,18.30590005232862,16.96153846153846,19.700000000000003,3462.624236874237
NonSan,Strawberry,1,16,2021-05-07,2,38.0,16.0,9.0,7.5,25.0,22.69,1.0,7,13.285851648351649,11.383333333333333,17.816666666666666,494.6606052677481,338.57142857142856,621.4615384615385,18.62167931275074,17.638461538461538,20.538888888888888,91.7988356881214,90.52857142857144,93.80000000000001,474.88906331763474,451.14285714285717,494.2857142857143,18.30590005232862,16.96153846153846,19.700000000000003,3462.624236874237
NonSan,Strawberry,1,16,2021-05-07,3,37.5,22.0,7.0,5.7,20.5,40.98,1.0,7,13.285851648351649,11.383333333333333,17.816666666666666,494.6606052677481,338.57142857142856,621.4615384615385,18.62167931275074,17.638461538461538,20.538888888888888,91.7988356881214,90.52857142857144,93.80000000000001,474.88906331763474,451.14285714285717,494.2857142857143,18.30590005232862,16.96153846153846,19.700000000000003,3462.624236874237
NonSan,Strawberry,1,16,2021-05-07,4,32.0,36.0,8.8,5.9,16.0,49.25,1.0,7,13.285851648351649,11.383333333333333,17.816666666666666,494.6606052677481,338.57142857142856,621.4615384615385,18.62167931275074,17.638461538461538,20.538888888888888,91.7988356881214,90.52857142857144,93.80000000000001,474.88906331763474,451.14285714285717,494.2857142857143,18.30590005232862,16.96153846153846,19.700000000000003,3462.624236874237
NonSan,Strawberry,1,16,2021-05-12,1,35.5,11.0,8.0,6.5,21.0,16.58,2.0,7,13.833884528170243,11.916666666666666,16.19,453.3199023199023,268.55555555555554,621.4615384615385,18.47978021978022,17.12777777777778,19.669999999999998,91.97165881737313,90.35000000000001,93.20555555555556,464.0881562881563,442.3888888888889,480.6666666666667,17.969834292691434,16.227777777777778,19.37142857142857,3173.2393162393164
NonSan,Strawberry,1,16,2021-05-12,2,40.5,21.0,9.0,6.0,26.0,10.86,1.0,7,13.833884528170243,11.916666666666666,16.19,453.3199023199023,268.55555555555554,621.4615384615385,18.47978021978022,17.12777777777778,19.669999999999998,91.97165881737313,90.35000000000001,93.20555555555556,464.0881562881563,442.3888888888889,480.6666666666667,17.969834292691434,16.227777777777778,19.37142857142857,3173.2393162393164
NonSan,Strawberry,1,16,2021-05-12,2,40.5,21.0,9.0,6.0,26.0,14.54,1.0,7,13.833884528170243,11.916666666666666,16.19,453.3199023199023,268.55555555555554,621.4615384615385,18.47978021978022,17.12777777777778,19.669999999999998,91.97165881737313,90.35000000000001,93.20555555555556,464.0881562881563,442.3888888888889,480.6666666666667,17.969834292691434,16.227777777777778,19.37142857142857,3173.2393162393164
NonSan,Strawberry,1,16,2021-05-12,3,35.5,33.0,8.5,6.0,18.0,23.67,1.0,7,13.833884528170243,11.916666666666666,16.19,453.3199023199023,268.55555555555554,621.4615384615385,18.47978021978022,17.12777777777778,19.669999999999998,91.97165881737313,90.35000000000001,93.20555555555556,464.0881562881563,442.3888888888889,480.6666666666667,17.969834292691434,16.227777777777778,19.37142857142857,3173.2393162393164
NonSan,Strawberry,1,16,2021-05-12,4,35.5,33.0,8.5,6.0,18.0,44.2,1.0,7,13.833884528170243,11.916666666666666,16.19,453.3199023199023,268.55555555555554,621.4615384615385,18.47978021978022,17.12777777777778,19.669999999999998,91.97165881737313,90.35000000000001,93.20555555555556,464.0881562881563,442.3888888888889,480.6666666666667,17.969834292691434,16.227777777777778,19.37142857142857,3173.2393162393164
NonSan,Strawberry,1,16,2021-05-20,1,34.0,10.0,8.5,7.0,22.0,14.82,1.5,7,19.309722222222224,15.845833333333333,22.62222222222222,341.70153061224494,146.55555555555554,480.2857142857143,22.352721088435377,18.95,25.233333333333334,93.03171768707482,91.81666666666666,94.46111111111111,478.06972789115645,445.5833333333333,499.42857142857144,21.505498866213152,17.775,24.714285714285715,2391.9107142857147
NonSan,Strawberry,1,16,2021-05-20,2,42.5,21.0,9.0,8.0,24.3,26.03,1.5,7,19.309722222222224,15.845833333333333,22.62222222222222,341.70153061224494,146.55555555555554,480.2857142857143,22.352721088435377,18.95,25.233333333333334,93.03171768707482,91.81666666666666,94.46111111111111,478.06972789115645,445.5833333333333,499.42857142857144,21.505498866213152,17.775,24.714285714285715,2391.9107142857147
NonSan,Strawberry,1,16,2021-05-20,3,40.0,26.0,10.6,7.5,23.6,48.09,2.5,7,19.309722222222224,15.845833333333333,22.62222222222222,341.70153061224494,146.55555555555554,480.2857142857143,22.352721088435377,18.95,25.233333333333334,93.03171768707482,91.81666666666666,94.46111111111111,478.06972789115645,445.5833333333333,499.42857142857144,21.505498866213152,17.775,24.714285714285715,2391.9107142857147
NonSan,Strawberry,1,16,2021-05-20,4,37.0,29.0,9.0,6.0,21.0,46.03,2.0,7,19.309722222222224,15.845833333333333,22.62222222222222,341.70153061224494,146.55555555555554,480.2857142857143,22.352721088435377,18.95,25.233333333333334,93.03171768707482,91.81666666666666,94.46111111111111,478.06972789115645,445.5833333333333,499.42857142857144,21.505498866213152,17.775,24.714285714285715,2391.9107142857147
NonSan,Strawberry,1,16,2021-05-26,1,36.5,9.0,8.0,5.0,17.0,14.43,1.5,2,17.663636363636364,17.5,17.827272727272728,284.44155844155847,196.45454545454547,372.42857142857144,20.98246753246753,20.336363636363636,21.62857142857143,93.05649350649351,92.18571428571428,93.92727272727274,461.2922077922078,445.72727272727275,476.85714285714283,20.093506493506492,19.37272727272727,20.814285714285713,568.8831168831169
NonSan,Strawberry,1,16,2021-05-26,2,43.0,22.0,9.0,7.5,25.0,37.83,1.5,2,17.663636363636364,17.5,17.827272727272728,284.44155844155847,196.45454545454547,372.42857142857144,20.98246753246753,20.336363636363636,21.62857142857143,93.05649350649351,92.18571428571428,93.92727272727274,461.2922077922078,445.72727272727275,476.85714285714283,20.093506493506492,19.37272727272727,20.814285714285713,568.8831168831169
NonSan,Strawberry,1,16,2021-05-26,3,45.0,25.0,7.0,5.5,20.5,52.31,3.5,2,17.663636363636364,17.5,17.827272727272728,284.44155844155847,196.45454545454547,372.42857142857144,20.98246753246753,20.336363636363636,21.62857142857143,93.05649350649351,92.18571428571428,93.92727272727274,461.2922077922078,445.72727272727275,476.85714285714283,20.093506493506492,19.37272727272727,20.814285714285713,568.8831168831169
NonSan,Strawberry,1,16,2021-05-26,4,37.0,30.0,8.0,6.5,21.0,43.13,2.0,2,17.663636363636364,17.5,17.827272727272728,284.44155844155847,196.45454545454547,372.42857142857144,20.98246753246753,20.336363636363636,21.62857142857143,93.05649350649351,92.18571428571428,93.92727272727274,461.2922077922078,445.72727272727275,476.85714285714283,20.093506493506492,19.37272727272727,20.814285714285713,568.8831168831169
OkCheon,Strawberry,1,2,2020-11-23,1,28.0,24.0,8.2,7.0,13.0,19.93,1.0,7,11.79487012987013,8.28,16.141666666666666,0.0,0.0,0.0,17.543200371057516,15.654545454545454,19.542857142857144,93.72337507730366,83.82142857142857,98.30416666666667,660.972680890538,461.14285714285717,903.7,17.589686147186146,16.78181818181818,18.04583333333333,0.0
OkCheon,Strawberry,1,2,2020-11-23,2,34.0,30.0,7.0,5.2,12.0,18.03,1.0,7,11.79487012987013,8.28,16.141666666666666,0.0,0.0,0.0,17.543200371057516,15.654545454545454,19.542857142857144,93.72337507730366,83.82142857142857,98.30416666666667,660.972680890538,461.14285714285717,903.7,17.589686147186146,16.78181818181818,18.04583333333333,0.0
OkCheon,Strawberry,1,2,2020-11-23,3,29.5,21.0,9.0,7.1,12.0,19.3,2.0,7,11.79487012987013,8.28,16.141666666666666,0.0,0.0,0.0,17.543200371057516,15.654545454545454,19.542857142857144,93.72337507730366,83.82142857142857,98.30416666666667,660.972680890538,461.14285714285717,903.7,17.589686147186146,16.78181818181818,18.04583333333333,0.0
OkCheon,Strawberry,1,2,2020-11-23,4,31.2,18.0,8.2,8.3,16.0,19.53,1.0,7,11.79487012987013,8.28,16.141666666666666,0.0,0.0,0.0,17.543200371057516,15.654545454545454,19.542857142857144,93.72337507730366,83.82142857142857,98.30416666666667,660.972680890538,461.14285714285717,903.7,17.589686147186146,16.78181818181818,18.04583333333333,0.0
OkCheon,Strawberry,1,2,2020-11-30,1,31.8,27.0,9.6,7.8,15.0,22.35,4.0,7,4.0754245754245755,2.227272727272727,5.538095238095238,0.0,0.0,0.0,16.211060368203224,15.00952380952381,17.838461538461537,91.60713809999524,86.56923076923077,95.20952380952382,744.8543599257885,498.0,1083.6363636363637,16.28586175729033,15.890909090909092,16.64761904761905,0.0
OkCheon,Strawberry,1,2,2020-11-30,2,34.1,21.0,10.8,8.3,19.0,19.04,3.0,7,4.0754245754245755,2.227272727272727,5.538095238095238,0.0,0.0,0.0,16.211060368203224,15.00952380952381,17.838461538461537,91.60713809999524,86.56923076923077,95.20952380952382,744.8543599257885,498.0,1083.6363636363637,16.28586175729033,15.890909090909092,16.64761904761905,0.0
OkCheon,Strawberry,1,2,2020-11-30,3,29.3,21.0,10.3,7.8,17.0,19.37,6.0,7,4.0754245754245755,2.227272727272727,5.538095238095238,0.0,0.0,0.0,16.211060368203224,15.00952380952381,17.838461538461537,91.60713809999524,86.56923076923077,95.20952380952382,744.8543599257885,498.0,1083.6363636363637,16.28586175729033,15.890909090909092,16.64761904761905,0.0
OkCheon,Strawberry,1,2,2020-11-30,4,32.6,21.0,11.7,9.8,16.5,20.92,6.0,7,4.0754245754245755,2.227272727272727,5.538095238095238,0.0,0.0,0.0,16.211060368203224,15.00952380952381,17.838461538461537,91.60713809999524,86.56923076923077,95.20952380952382,744.8543599257885,498.0,1083.6363636363637,16.28586175729033,15.890909090909092,16.64761904761905,0.0
OkCheon,Strawberry,1,2,2020-12-07,1,30.6,27.0,6.2,4.5,11.0,22.92,9.0,7,0.7793118785975928,-0.6619047619047619,2.4692307692307693,0.0,0.0,0.0,16.11563840920984,14.844999999999999,18.56923076923077,93.30277603349032,89.3153846153846,96.485,671.8985871271585,468.46153846153845,765.4,16.2544400837258,15.995,16.638461538461538,0.0
OkCheon,Strawberry,1,2,2020-12-07,2,35.0,24.0,11.4,8.5,17.0,20.1,7.0,7,0.7793118785975928,-0.6619047619047619,2.4692307692307693,0.0,0.0,0.0,16.11563840920984,14.844999999999999,18.56923076923077,93.30277603349032,89.3153846153846,96.485,671.8985871271585,468.46153846153845,765.4,16.2544400837258,15.995,16.638461538461538,0.0
OkCheon,Strawberry,1,2,2020-12-07,3,30.0,18.0,12.4,10.1,15.3,19.78,10.0,7,0.7793118785975928,-0.6619047619047619,2.4692307692307693,0.0,0.0,0.0,16.11563840920984,14.844999999999999,18.56923076923077,93.30277603349032,89.3153846153846,96.485,671.8985871271585,468.46153846153845,765.4,16.2544400837258,15.995,16.638461538461538,0.0
OkCheon,Strawberry,1,2,2020-12-07,4,34.1,21.0,10.4,8.0,13.5,21.54,9.0,7,0.7793118785975928,-0.6619047619047619,2.4692307692307693,0.0,0.0,0.0,16.11563840920984,14.844999999999999,18.56923076923077,93.30277603349032,89.3153846153846,96.485,671.8985871271585,468.46153846153845,765.4,16.2544400837258,15.995,16.638461538461538,0.0
OkCheon,Strawberry,1,2,2020-12-17,1,32.4,27.0,10.0,8.1,15.0,25.63,2.0,7,-0.338103741496599,-4.845000000000001,5.04,0.0,0.0,0.0,15.095586734693878,12.275,17.004761904761907,94.9229931972789,92.97,97.7625,806.688350340136,699.7619047619048,909.6,16.28936224489796,15.75,16.765,0.0
OkCheon,Strawberry,1,2,2020-12-17,2,34.6,24.0,12.4,9.5,19.3,20.78,3.0,7,-0.338103741496599,-4.845000000000001,5.04,0.0,0.0,0.0,15.095586734693878,12.275,17.004761904761907,94.9229931972789,92.97,97.7625,806.688350340136,699.7619047619048,909.6,16.28936224489796,15.75,16.765,0.0
OkCheon,Strawberry,1,2,2020-12-17,3,31.9,27.0,9.5,8.8,16.4,19.86,4.0,7,-0.338103741496599,-4.845000000000001,5.04,0.0,0.0,0.0,15.095586734693878,12.275,17.004761904761907,94.9229931972789,92.97,97.7625,806.688350340136,699.7619047619048,909.6,16.28936224489796,15.75,16.765,0.0
OkCheon,Strawberry,1,2,2020-12-17,4,35.3,24.0,9.2,6.5,19.5,22.51,9.0,7,-0.338103741496599,-4.845000000000001,5.04,0.0,0.0,0.0,15.095586734693878,12.275,17.004761904761907,94.9229931972789,92.97,97.7625,806.688350340136,699.7619047619048,909.6,16.28936224489796,15.75,16.765,0.0
OkCheon,Strawberry,1,2,2020-12-21,1,33.0,30.0,10.1,7.5,19.8,28.0,2.0,7,-3.5363633786848077,-4.895238095238095,-1.5555555555555556,0.0,0.0,0.0,14.860428004535148,12.288888888888888,17.391666666666666,94.04484693877552,92.3,97.26666666666667,837.856320861678,711.75,1087.888888888889,15.711845238095238,14.966666666666665,16.19,0.0
OkCheon,Strawberry,1,2,2020-12-21,2,34.8,27.0,11.8,9.2,20.6,21.0,3.0,7,-3.5363633786848077,-4.895238095238095,-1.5555555555555556,0.0,0.0,0.0,14.860428004535148,12.288888888888888,17.391666666666666,94.04484693877552,92.3,97.26666666666667,837.856320861678,711.75,1087.888888888889,15.711845238095238,14.966666666666665,16.19,0.0
OkCheon,Strawberry,1,2,2020-12-21,3,32.51028775146422,11.63712757830405,9.121517697988285,7.169060351413293,16.72393684746626,19.4645632798574,1.0,7,-3.5363633786848077,-4.895238095238095,-1.5555555555555556,0.0,0.0,0.0,14.860428004535148,12.288888888888888,17.391666666666666,94.04484693877552,92.3,97.26666666666667,837.856320861678,711.75,1087.888888888889,15.711845238095238,14.966666666666665,16.19,0.0
OkCheon,Strawberry,1,2,2020-12-21,3,33.3,24.0,10.7,8.4,14.8,20.8,4.0,7,-3.5363633786848077,-4.895238095238095,-1.5555555555555556,0.0,0.0,0.0,14.860428004535148,12.288888888888888,17.391666666666666,94.04484693877552,92.3,97.26666666666667,837.856320861678,711.75,1087.888888888889,15.711845238095238,14.966666666666665,16.19,0.0
OkCheon,Strawberry,1,2,2020-12-21,4,32.51028775146422,11.63712757830405,9.121517697988285,7.169060351413293,16.72393684746626,19.4645632798574,1.0,7,-3.5363633786848077,-4.895238095238095,-1.5555555555555556,0.0,0.0,0.0,14.860428004535148,12.288888888888888,17.391666666666666,94.04484693877552,92.3,97.26666666666667,837.856320861678,711.75,1087.888888888889,15.711845238095238,14.966666666666665,16.19,0.0
OkCheon,Strawberry,1,2,2020-12-21,4,35.2,24.0,9.1,6.8,19.2,22.98,8.0,7,-3.5363633786848077,-4.895238095238095,-1.5555555555555556,0.0,0.0,0.0,14.860428004535148,12.288888888888888,17.391666666666666,94.04484693877552,92.3,97.26666666666667,837.856320861678,711.75,1087.888888888889,15.711845238095238,14.966666666666665,16.19,0.0
OkCheon,Strawberry,1,2,2020-12-28,1,18.9,12.0,8.3,6.4,7.1,13.21,1.0,7,1.2340440386680986,-0.605,3.94,0.0,0.0,0.0,14.892773003938416,13.6,16.1,95.69046365914788,93.84,97.01578947368421,860.9539921231652,721.65,1118.8947368421052,15.500642678123882,14.88421052631579,15.9,0.0
OkCheon,Strawberry,1,2,2020-12-28,1,32.51028775146422,11.63712757830405,9.121517697988285,7.169060351413293,16.72393684746626,19.4645632798574,1.0,7,1.2340440386680986,-0.605,3.94,0.0,0.0,0.0,14.892773003938416,13.6,16.1,95.69046365914788,93.84,97.01578947368421,860.9539921231652,721.65,1118.8947368421052,15.500642678123882,14.88421052631579,15.9,0.0
OkCheon,Strawberry,1,2,2020-12-28,1,33.0,30.0,8.1,5.1,18.1,28.23,2.0,7,1.2340440386680986,-0.605,3.94,0.0,0.0,0.0,14.892773003938416,13.6,16.1,95.69046365914788,93.84,97.01578947368421,860.9539921231652,721.65,1118.8947368421052,15.500642678123882,14.88421052631579,15.9,0.0
OkCheon,Strawberry,1,2,2020-12-28,2,36.2,27.0,11.3,7.7,22.8,21.05,3.0,7,1.2340440386680986,-0.605,3.94,0.0,0.0,0.0,14.892773003938416,13.6,16.1,95.69046365914788,93.84,97.01578947368421,860.9539921231652,721.65,1118.8947368421052,15.500642678123882,14.88421052631579,15.9,0.0
OkCheon,Strawberry,1,2,2020-12-28,3,32.4,24.0,10.6,8.2,17.4,20.9,4.0,7,1.2340440386680986,-0.605,3.94,0.0,0.0,0.0,14.892773003938416,13.6,16.1,95.69046365914788,93.84,97.01578947368421,860.9539921231652,721.65,1118.8947368421052,15.500642678123882,14.88421052631579,15.9,0.0
OkCheon,Strawberry,1,2,2020-12-28,3,32.51028775146422,11.63712757830405,9.121517697988285,7.169060351413293,16.72393684746626,19.4645632798574,5.0,7,1.2340440386680986,-0.605,3.94,0.0,0.0,0.0,14.892773003938416,13.6,16.1,95.69046365914788,93.84,97.01578947368421,860.9539921231652,721.65,1118.8947368421052,15.500642678123882,14.88421052631579,15.9,0.0
OkCheon,Strawberry,1,2,2020-12-28,4,32.51028775146422,11.63712757830405,9.121517697988285,7.169060351413293,16.72393684746626,19.4645632798574,3.0,7,1.2340440386680986,-0.605,3.94,0.0,0.0,0.0,14.892773003938416,13.6,16.1,95.69046365914788,93.84,97.01578947368421,860.9539921231652,721.65,1118.8947368421052,15.500642678123882,14.88421052631579,15.9,0.0
OkCheon,Strawberry,1,2,2020-12-28,4,35.3,27.0,8.2,5.5,20.7,22.99,9.0,7,1.2340440386680986,-0.605,3.94,0.0,0.0,0.0,14.892773003938416,13.6,16.1,95.69046365914788,93.84,97.01578947368421,860.9539921231652,721.65,1118.8947368421052,15.500642678123882,14.88421052631579,15.9,0.0
OkCheon,Strawberry,1,2,2021-01-07,1,17.3,12.0,8.8,7.4,15.6,14.56,4.0,7,-4.888796922277683,-10.214285714285714,-2.066666666666667,0.0,0.0,0.0,14.510889619005496,10.471428571428572,18.066666666666666,94.93319766503092,90.925,97.55714285714285,777.5652436413162,667.8235294117648,920.9473684210526,15.504851589758712,14.700000000000001,15.924999999999999,0.0
OkCheon,Strawberry,1,2,2021-01-07,1,19.2,12.0,4.5,3.9,10.9,13.89,4.0,7,-4.888796922277683,-10.214285714285714,-2.066666666666667,0.0,0.0,0.0,14.510889619005496,10.471428571428572,18.066666666666666,94.93319766503092,90.925,97.55714285714285,777.5652436413162,667.8235294117648,920.9473684210526,15.504851589758712,14.700000000000001,15.924999999999999,0.0
OkCheon,Strawberry,1,2,2021-01-07,1,32.51028775146422,11.63712757830405,9.121517697988285,7.169060351413293,16.72393684746626,19.4645632798574,3.0,7,-4.888796922277683,-10.214285714285714,-2.066666666666667,0.0,0.0,0.0,14.510889619005496,10.471428571428572,18.066666666666666,94.93319766503092,90.925,97.55714285714285,777.5652436413162,667.8235294117648,920.9473684210526,15.504851589758712,14.700000000000001,15.924999999999999,0.0
OkCheon,Strawberry,1,2,2021-01-07,1,34.4,30.0,10.7,8.4,21.2,28.13,2.0,7,-4.888796922277683,-10.214285714285714,-2.066666666666667,0.0,0.0,0.0,14.510889619005496,10.471428571428572,18.066666666666666,94.93319766503092,90.925,97.55714285714285,777.5652436413162,667.8235294117648,920.9473684210526,15.504851589758712,14.700000000000001,15.924999999999999,0.0
OkCheon,Strawberry,1,2,2021-01-07,2,17.8,12.0,11.2,9.4,10.7,14.59,3.0,7,-4.888796922277683,-10.214285714285714,-2.066666666666667,0.0,0.0,0.0,14.510889619005496,10.471428571428572,18.066666666666666,94.93319766503092,90.925,97.55714285714285,777.5652436413162,667.8235294117648,920.9473684210526,15.504851589758712,14.700000000000001,15.924999999999999,0.0
OkCheon,Strawberry,1,2,2021-01-07,2,32.51028775146422,11.63712757830405,9.121517697988285,7.169060351413293,16.72393684746626,19.4645632798574,1.0,7,-4.888796922277683,-10.214285714285714,-2.066666666666667,0.0,0.0,0.0,14.510889619005496,10.471428571428572,18.066666666666666,94.93319766503092,90.925,97.55714285714285,777.5652436413162,667.8235294117648,920.9473684210526,15.504851589758712,14.700000000000001,15.924999999999999,0.0
OkCheon,Strawberry,1,2,2021-01-07,2,36.3,27.0,10.3,7.5,22.2,24.58,1.0,7,-4.888796922277683,-10.214285714285714,-2.066666666666667,0.0,0.0,0.0,14.510889619005496,10.471428571428572,18.066666666666666,94.93319766503092,90.925,97.55714285714285,777.5652436413162,667.8235294117648,920.9473684210526,15.504851589758712,14.700000000000001,15.924999999999999,0.0
OkCheon,Strawberry,1,2,2021-01-07,3,32.51028775146422,11.63712757830405,9.121517697988285,7.169060351413293,16.72393684746626,19.4645632798574,10.0,7,-4.888796922277683,-10.214285714285714,-2.066666666666667,0.0,0.0,0.0,14.510889619005496,10.471428571428572,18.066666666666666,94.93319766503092,90.925,97.55714285714285,777.5652436413162,667.8235294117648,920.9473684210526,15.504851589758712,14.700000000000001,15.924999999999999,0.0
OkCheon,Strawberry,1,2,2021-01-07,4,23.7,12.0,12.9,11.3,10.0,18.11,3.0,7,-4.888796922277683,-10.214285714285714,-2.066666666666667,0.0,0.0,0.0,14.510889619005496,10.471428571428572,18.066666666666666,94.93319766503092,90.925,97.55714285714285,777.5652436413162,667.8235294117648,920.9473684210526,15.504851589758712,14.700000000000001,15.924999999999999,0.0
OkCheon,Strawberry,1,2,2021-01-07,4,25.8,12.0,12.9,10.5,14.0,18.77,3.0,7,-4.888796922277683,-10.214285714285714,-2.066666666666667,0.0,0.0,0.0,14.510889619005496,10.471428571428572,18.066666666666666,94.93319766503092,90.925,97.55714285714285,777.5652436413162,667.8235294117648,920.9473684210526,15.504851589758712,14.700000000000001,15.924999999999999,0.0
OkCheon,Strawberry,1,2,2021-01-07,4,32.51028775146422,11.63712757830405,9.121517697988285,7.169060351413293,16.72393684746626,19.4645632798574,6.0,7,-4.888796922277683,-10.214285714285714,-2.066666666666667,0.0,0.0,0.0,14.510889619005496,10.471428571428572,18.066666666666666,94.93319766503092,90.925,97.55714285714285,777.5652436413162,667.8235294117648,920.9473684210526,15.504851589758712,14.700000000000001,15.924999999999999,0.0
OkCheon,Strawberry,1,2,2021-01-07,4,36.3,27.0,9.3,6.4,22.1,23.47,7.0,7,-4.888796922277683,-10.214285714285714,-2.066666666666667,0.0,0.0,0.0,14.510889619005496,10.471428571428572,18.066666666666666,94.93319766503092,90.925,97.55714285714285,777.5652436413162,667.8235294117648,920.9473684210526,15.504851589758712,14.700000000000001,15.924999999999999,0.0
OkCheon,Strawberry,1,2,2021-01-12,1,17.9,12.0,9.5,8.6,23.7,14.69,3.0,7,-6.922473231716929,-11.65,-2.3705882352941177,0.0,0.0,0.0,13.721202541622707,10.183333333333334,16.035714285714285,95.50169534480459,94.0611111111111,97.66666666666667,852.4862429820413,683.6111111111111,1031.1666666666667,15.2205176616101,14.716666666666667,15.664705882352942,0.0
OkCheon,Strawberry,1,2,2021-01-12,1,19.8,12.0,5.2,4.8,7.6,14.34,6.0,7,-6.922473231716929,-11.65,-2.3705882352941177,0.0,0.0,0.0,13.721202541622707,10.183333333333334,16.035714285714285,95.50169534480459,94.0611111111111,97.66666666666667,852.4862429820413,683.6111111111111,1031.1666666666667,15.2205176616101,14.716666666666667,15.664705882352942,0.0
OkCheon,Strawberry,1,2,2021-01-12,1,32.51028775146422,11.63712757830405,9.121517697988285,7.169060351413293,16.72393684746626,19.4645632798574,4.0,7,-6.922473231716929,-11.65,-2.3705882352941177,0.0,0.0,0.0,13.721202541622707,10.183333333333334,16.035714285714285,95.50169534480459,94.0611111111111,97.66666666666667,852.4862429820413,683.6111111111111,1031.1666666666667,15.2205176616101,14.716666666666667,15.664705882352942,0.0
OkCheon,Strawberry,1,2,2021-01-12,1,33.8,30.0,5.5,4.5,18.7,27.65,1.0,7,-6.922473231716929,-11.65,-2.3705882352941177,0.0,0.0,0.0,13.721202541622707,10.183333333333334,16.035714285714285,95.50169534480459,94.0611111111111,97.66666666666667,852.4862429820413,683.6111111111111,1031.1666666666667,15.2205176616101,14.716666666666667,15.664705882352942,0.0
OkCheon,Strawberry,1,2,2021-01-12,2,18.5,12.0,7.1,5.0,22.5,14.24,5.0,7,-6.922473231716929,-11.65,-2.3705882352941177,0.0,0.0,0.0,13.721202541622707,10.183333333333334,16.035714285714285,95.50169534480459,94.0611111111111,97.66666666666667,852.4862429820413,683.6111111111111,1031.1666666666667,15.2205176616101,14.716666666666667,15.664705882352942,0.0
OkCheon,Strawberry,1,2,2021-01-12,2,32.51028775146422,11.63712757830405,9.121517697988285,7.169060351413293,16.72393684746626,19.4645632798574,3.0,7,-6.922473231716929,-11.65,-2.3705882352941177,0.0,0.0,0.0,13.721202541622707,10.183333333333334,16.035714285714285,95.50169534480459,94.0611111111111,97.66666666666667,852.4862429820413,683.6111111111111,1031.1666666666667,15.2205176616101,14.716666666666667,15.664705882352942,0.0
OkCheon,Strawberry,1,2,2021-01-12,3,32.51028775146422,11.63712757830405,9.121517697988285,7.169060351413293,16.72393684746626,19.4645632798574,10.0,7,-6.922473231716929,-11.65,-2.3705882352941177,0.0,0.0,0.0,13.721202541622707,10.183333333333334,16.035714285714285,95.50169534480459,94.0611111111111,97.66666666666667,852.4862429820413,683.6111111111111,1031.1666666666667,15.2205176616101,14.716666666666667,15.664705882352942,0.0
OkCheon,Strawberry,1,2,2021-01-12,4,23.3,12.0,11.8,8.1,16.0,19.94,5.0,7,-6.922473231716929,-11.65,-2.3705882352941177,0.0,0.0,0.0,13.721202541622707,10.183333333333334,16.035714285714285,95.50169534480459,94.0611111111111,97.66666666666667,852.4862429820413,683.6111111111111,1031.1666666666667,15.2205176616101,14.716666666666667,15.664705882352942,0.0
OkCheon,Strawberry,1,2,2021-01-12,4,26.7,12.0,12.4,10.5,14.3,18.89,4.0,7,-6.922473231716929,-11.65,-2.3705882352941177,0.0,0.0,0.0,13.721202541622707,10.183333333333334,16.035714285714285,95.50169534480459,94.0611111111111,97.66666666666667,852.4862429820413,683.6111111111111,1031.1666666666667,15.2205176616101,14.716666666666667,15.664705882352942,0.0
OkCheon,Strawberry,1,2,2021-01-12,4,32.51028775146422,11.63712757830405,9.121517697988285,7.169060351413293,16.72393684746626,19.4645632798574,7.0,7,-6.922473231716929,-11.65,-2.3705882352941177,0.0,0.0,0.0,13.721202541622707,10.183333333333334,16.035714285714285,95.50169534480459,94.0611111111111,97.66666666666667,852.4862429820413,683.6111111111111,1031.1666666666667,15.2205176616101,14.716666666666667,15.664705882352942,0.0
OkCheon,Strawberry,1,2,2021-01-12,4,36.3,30.0,9.4,6.6,24.3,22.79,6.0,7,-6.922473231716929,-11.65,-2.3705882352941177,0.0,0.0,0.0,13.721202541622707,10.183333333333334,16.035714285714285,95.50169534480459,94.0611111111111,97.66666666666667,852.4862429820413,683.6111111111111,1031.1666666666667,15.2205176616101,14.716666666666667,15.664705882352942,0.0
OkCheon,Strawberry,1,2,2021-01-21,1,18.4,12.0,9.8,9.0,15.5,14.98,11.0,7,-0.29823935634859994,-3.8444444444444446,4.523529411764706,0.0,0.0,0.0,15.732158333030181,13.495,19.03529411764706,94.81888140104526,92.57142857142857,98.0625,680.6248558514316,607.2380952380952,840.3,15.923003292225983,15.5,16.354545454545455,0.0
OkCheon,Strawberry,1,2,2021-01-21,1,20.4,15.0,5.1,3.7,9.8,14.53,7.0,7,-0.29823935634859994,-3.8444444444444446,4.523529411764706,0.0,0.0,0.0,15.732158333030181,13.495,19.03529411764706,94.81888140104526,92.57142857142857,98.0625,680.6248558514316,607.2380952380952,840.3,15.923003292225983,15.5,16.354545454545455,0.0
OkCheon,Strawberry,1,2,2021-01-21,1,32.51028775146422,11.63712757830405,9.121517697988285,7.169060351413293,16.72393684746626,19.4645632798574,7.5,7,-0.29823935634859994,-3.8444444444444446,4.523529411764706,0.0,0.0,0.0,15.732158333030181,13.495,19.03529411764706,94.81888140104526,92.57142857142857,98.0625,680.6248558514316,607.2380952380952,840.3,15.923003292225983,15.5,16.354545454545455,0.0
OkCheon,Strawberry,1,2,2021-01-21,2,18.4,12.0,9.7,7.7,13.4,15.48,8.0,7,-0.29823935634859994,-3.8444444444444446,4.523529411764706,0.0,0.0,0.0,15.732158333030181,13.495,19.03529411764706,94.81888140104526,92.57142857142857,98.0625,680.6248558514316,607.2380952380952,840.3,15.923003292225983,15.5,16.354545454545455,0.0
OkCheon,Strawberry,1,2,2021-01-21,2,20.3,12.0,9.3,7.9,12.1,15.6,1.0,7,-0.29823935634859994,-3.8444444444444446,4.523529411764706,0.0,0.0,0.0,15.732158333030181,13.495,19.03529411764706,94.81888140104526,92.57142857142857,98.0625,680.6248558514316,607.2380952380952,840.3,15.923003292225983,15.5,16.354545454545455,0.0
OkCheon,Strawberry,1,2,2021-01-21,2,32.51028775146422,11.63712757830405,9.121517697988285,7.169060351413293,16.72393684746626,19.4645632798574,10.0,7,-0.29823935634859994,-3.8444444444444446,4.523529411764706,0.0,0.0,0.0,15.732158333030181,13.495,19.03529411764706,94.81888140104526,92.57142857142857,98.0625,680.6248558514316,607.2380952380952,840.3,15.923003292225983,15.5,16.354545454545455,0.0
OkCheon,Strawberry,1,2,2021-01-21,3,32.51028775146422,11.63712757830405,9.121517697988285,7.169060351413293,16.72393684746626,19.4645632798574,8.0,7,-0.29823935634859994,-3.8444444444444446,4.523529411764706,0.0,0.0,0.0,15.732158333030181,13.495,19.03529411764706,94.81888140104526,92.57142857142857,98.0625,680.6248558514316,607.2380952380952,840.3,15.923003292225983,15.5,16.354545454545455,0.0
OkCheon,Strawberry,1,2,2021-01-21,4,24.5,15.0,7.0,5.0,10.0,19.82,8.0,7,-0.29823935634859994,-3.8444444444444446,4.523529411764706,0.0,0.0,0.0,15.732158333030181,13.495,19.03529411764706,94.81888140104526,92.57142857142857,98.0625,680.6248558514316,607.2380952380952,840.3,15.923003292225983,15.5,16.354545454545455,0.0
OkCheon,Strawberry,1,2,2021-01-21,4,26.1,12.0,12.5,9.3,17.3,19.12,7.0,7,-0.29823935634859994,-3.8444444444444446,4.523529411764706,0.0,0.0,0.0,15.732158333030181,13.495,19.03529411764706,94.81888140104526,92.57142857142857,98.0625,680.6248558514316,607.2380952380952,840.3,15.923003292225983,15.5,16.354545454545455,0.0
OkCheon,Strawberry,1,2,2021-01-21,4,32.51028775146422,11.63712757830405,9.121517697988285,7.169060351413293,16.72393684746626,19.4645632798574,8.0,7,-0.29823935634859994,-3.8444444444444446,4.523529411764706,0.0,0.0,0.0,15.732158333030181,13.495,19.03529411764706,94.81888140104526,92.57142857142857,98.0625,680.6248558514316,607.2380952380952,840.3,15.923003292225983,15.5,16.354545454545455,0.0
OkCheon,Strawberry,1,2,2021-01-21,4,36.4,30.0,9.8,7.1,23.1,23.47,3.0,7,-0.29823935634859994,-3.8444444444444446,4.523529411764706,0.0,0.0,0.0,15.732158333030181,13.495,19.03529411764706,94.81888140104526,92.57142857142857,98.0625,680.6248558514316,607.2380952380952,840.3,15.923003292225983,15.5,16.354545454545455,0.0
OkCheon,Strawberry,1,2,2021-01-26,1,18.9,12.0,7.0,6.1,14.1,15.02,11.0,7,3.5780818387961237,-3.8444444444444446,8.649999999999999,0.0,0.0,0.0,16.30473819830963,15.466666666666667,17.504761904761907,94.95884972170686,92.33809523809525,97.63333333333334,736.9303030303032,558.6666666666666,894.3,16.601454339311484,16.072222222222223,17.219047619047622,0.0
OkCheon,Strawberry,1,2,2021-01-26,1,20.8,15.0,4.1,3.7,8.7,15.21,9.0,7,3.5780818387961237,-3.8444444444444446,8.649999999999999,0.0,0.0,0.0,16.30473819830963,15.466666666666667,17.504761904761907,94.95884972170686,92.33809523809525,97.63333333333334,736.9303030303032,558.6666666666666,894.3,16.601454339311484,16.072222222222223,17.219047619047622,0.0
OkCheon,Strawberry,1,2,2021-01-26,1,32.51028775146422,11.63712757830405,9.121517697988285,7.169060351413293,16.72393684746626,19.4645632798574,10.0,7,3.5780818387961237,-3.8444444444444446,8.649999999999999,0.0,0.0,0.0,16.30473819830963,15.466666666666667,17.504761904761907,94.95884972170686,92.33809523809525,97.63333333333334,736.9303030303032,558.6666666666666,894.3,16.601454339311484,16.072222222222223,17.219047619047622,0.0
OkCheon,Strawberry,1,2,2021-01-26,2,19.5,15.0,11.6,9.5,14.2,15.64,12.0,7,3.5780818387961237,-3.8444444444444446,8.649999999999999,0.0,0.0,0.0,16.30473819830963,15.466666666666667,17.504761904761907,94.95884972170686,92.33809523809525,97.63333333333334,736.9303030303032,558.6666666666666,894.3,16.601454339311484,16.072222222222223,17.219047619047622,0.0
OkCheon,Strawberry,1,2,2021-01-26,2,20.4,12.0,6.2,5.2,9.4,15.35,3.0,7,3.5780818387961237,-3.8444444444444446,8.649999999999999,0.0,0.0,0.0,16.30473819830963,15.466666666666667,17.504761904761907,94.95884972170686,92.33809523809525,97.63333333333334,736.9303030303032,558.6666666666666,894.3,16.601454339311484,16.072222222222223,17.219047619047622,0.0
OkCheon,Strawberry,1,2,2021-01-26,2,32.51028775146422,11.63712757830405,9.121517697988285,7.169060351413293,16.72393684746626,19.4645632798574,12.0,7,3.5780818387961237,-3.8444444444444446,8.649999999999999,0.0,0.0,0.0,16.30473819830963,15.466666666666667,17.504761904761907,94.95884972170686,92.33809523809525,97.63333333333334,736.9303030303032,558.6666666666666,894.3,16.601454339311484,16.072222222222223,17.219047619047622,0.0
OkCheon,Strawberry,1,2,2021-01-26,3,32.51028775146422,11.63712757830405,9.121517697988285,7.169060351413293,16.72393684746626,19.4645632798574,8.0,7,3.5780818387961237,-3.8444444444444446,8.649999999999999,0.0,0.0,0.0,16.30473819830963,15.466666666666667,17.504761904761907,94.95884972170686,92.33809523809525,97.63333333333334,736.9303030303032,558.6666666666666,894.3,16.601454339311484,16.072222222222223,17.219047619047622,0.0
OkCheon,Strawberry,1,2,2021-01-26,4,24.8,15.0,8.5,7.2,9.8,19.83,10.0,7,3.5780818387961237,-3.8444444444444446,8.649999999999999,0.0,0.0,0.0,16.30473819830963,15.466666666666667,17.504761904761907,94.95884972170686,92.33809523809525,97.63333333333334,736.9303030303032,558.6666666666666,894.3,16.601454339311484,16.072222222222223,17.219047619047622,0.0
OkCheon,Strawberry,1,2,2021-01-26,4,27.3,15.0,13.2,9.7,19.5,19.79,8.0,7,3.5780818387961237,-3.8444444444444446,8.649999999999999,0.0,0.0,0.0,16.30473819830963,15.466666666666667,17.504761904761907,94.95884972170686,92.33809523809525,97.63333333333334,736.9303030303032,558.6666666666666,894.3,16.601454339311484,16.072222222222223,17.219047619047622,0.0
OkCheon,Strawberry,1,2,2021-01-26,4,32.51028775146422,11.63712757830405,9.121517697988285,7.169060351413293,16.72393684746626,19.4645632798574,9.0,7,3.5780818387961237,-3.8444444444444446,8.649999999999999,0.0,0.0,0.0,16.30473819830963,15.466666666666667,17.504761904761907,94.95884972170686,92.33809523809525,97.63333333333334,736.9303030303032,558.6666666666666,894.3,16.601454339311484,16.072222222222223,17.219047619047622,0.0
OkCheon,Strawberry,1,2,2021-01-26,4,39.5,33.0,6.0,5.2,20.0,22.46,3.0,7,3.5780818387961237,-3.8444444444444446,8.649999999999999,0.0,0.0,0.0,16.30473819830963,15.466666666666667,17.504761904761907,94.95884972170686,92.33809523809525,97.63333333333334,736.9303030303032,558.6666666666666,894.3,16.601454339311484,16.072222222222223,17.219047619047622,0.0
OkCheon,Strawberry,1,2,2021-02-03,1,18.7,15.0,8.3,6.7,16.5,15.06,6.0,6,-0.3751994301994303,-6.7444444444444445,6.8076923076923075,0.0,0.0,0.0,15.814700854700853,10.977777777777778,19.246153846153845,92.1048361823362,89.23076923076923,97.95555555555556,680.138603988604,552.3076923076923,830.7777777777778,16.64537037037037,16.08888888888889,17.63076923076923,0.0
OkCheon,Strawberry,1,2,2021-02-03,1,21.8,15.0,5.3,4.6,7.3,15.33,7.0,6,-0.3751994301994303,-6.7444444444444445,6.8076923076923075,0.0,0.0,0.0,15.814700854700853,10.977777777777778,19.246153846153845,92.1048361823362,89.23076923076923,97.95555555555556,680.138603988604,552.3076923076923,830.7777777777778,16.64537037037037,16.08888888888889,17.63076923076923,0.0
OkCheon,Strawberry,1,2,2021-02-03,1,32.51028775146422,11.63712757830405,9.121517697988285,7.169060351413293,16.72393684746626,19.4645632798574,3.0,6,-0.3751994301994303,-6.7444444444444445,6.8076923076923075,0.0,0.0,0.0,15.814700854700853,10.977777777777778,19.246153846153845,92.1048361823362,89.23076923076923,97.95555555555556,680.138603988604,552.3076923076923,830.7777777777778,16.64537037037037,16.08888888888889,17.63076923076923,0.0
OkCheon,Strawberry,1,2,2021-02-03,2,19.7,15.0,12.0,9.0,17.1,15.77,8.0,6,-0.3751994301994303,-6.7444444444444445,6.8076923076923075,0.0,0.0,0.0,15.814700854700853,10.977777777777778,19.246153846153845,92.1048361823362,89.23076923076923,97.95555555555556,680.138603988604,552.3076923076923,830.7777777777778,16.64537037037037,16.08888888888889,17.63076923076923,0.0
OkCheon,Strawberry,1,2,2021-02-03,2,21.8,12.0,7.3,6.2,9.5,15.56,4.0,6,-0.3751994301994303,-6.7444444444444445,6.8076923076923075,0.0,0.0,0.0,15.814700854700853,10.977777777777778,19.246153846153845,92.1048361823362,89.23076923076923,97.95555555555556,680.138603988604,552.3076923076923,830.7777777777778,16.64537037037037,16.08888888888889,17.63076923076923,0.0
OkCheon,Strawberry,1,2,2021-02-03,2,32.51028775146422,11.63712757830405,9.121517697988285,7.169060351413293,16.72393684746626,19.4645632798574,4.0,6,-0.3751994301994303,-6.7444444444444445,6.8076923076923075,0.0,0.0,0.0,15.814700854700853,10.977777777777778,19.246153846153845,92.1048361823362,89.23076923076923,97.95555555555556,680.138603988604,552.3076923076923,830.7777777777778,16.64537037037037,16.08888888888889,17.63076923076923,0.0
OkCheon,Strawberry,1,2,2021-02-03,3,32.51028775146422,11.63712757830405,9.121517697988285,7.169060351413293,16.72393684746626,19.4645632798574,4.5,6,-0.3751994301994303,-6.7444444444444445,6.8076923076923075,0.0,0.0,0.0,15.814700854700853,10.977777777777778,19.246153846153845,92.1048361823362,89.23076923076923,97.95555555555556,680.138603988604,552.3076923076923,830.7777777777778,16.64537037037037,16.08888888888889,17.63076923076923,0.0
OkCheon,Strawberry,1,2,2021-02-03,4,23.0,15.0,13.2,11.5,8.8,20.73,3.0,6,-0.3751994301994303,-6.7444444444444445,6.8076923076923075,0.0,0.0,0.0,15.814700854700853,10.977777777777778,19.246153846153845,92.1048361823362,89.23076923076923,97.95555555555556,680.138603988604,552.3076923076923,830.7777777777778,16.64537037037037,16.08888888888889,17.63076923076923,0.0
OkCheon,Strawberry,1,2,2021-02-03,4,27.9,15.0,13.2,10.1,16.0,19.83,3.0,6,-0.3751994301994303,-6.7444444444444445,6.8076923076923075,0.0,0.0,0.0,15.814700854700853,10.977777777777778,19.246153846153845,92.1048361823362,89.23076923076923,97.95555555555556,680.138603988604,552.3076923076923,830.7777777777778,16.64537037037037,16.08888888888889,17.63076923076923,0.0
OkCheon,Strawberry,1,2,2021-02-03,4,32.51028775146422,11.63712757830405,9.121517697988285,7.169060351413293,16.72393684746626,19.4645632798574,3.5,6,-0.3751994301994303,-6.7444444444444445,6.8076923076923075,0.0,0.0,0.0,15.814700854700853,10.977777777777778,19.246153846153845,92.1048361823362,89.23076923076923,97.95555555555556,680.138603988604,552.3076923076923,830.7777777777778,16.64537037037037,16.08888888888889,17.63076923076923,0.0
OkCheon,Strawberry,1,2,2021-02-08,1,19.3,15.0,10.1,8.5,11.2,15.23,6.0,7,1.7324118738404455,-1.9500000000000002,7.245454545454546,0.0,0.0,0.0,15.512905586477016,13.2,16.761904761904763,91.30812461348175,89.315,97.79583333333333,631.2468357039786,564.1904761904761,673.9,16.319960832817976,15.559999999999999,16.70952380952381,0.0
OkCheon,Strawberry,1,2,2021-02-08,1,22.8,18.0,7.5,6.7,12.4,15.21,6.0,7,1.7324118738404455,-1.9500000000000002,7.245454545454546,0.0,0.0,0.0,15.512905586477016,13.2,16.761904761904763,91.30812461348175,89.315,97.79583333333333,631.2468357039786,564.1904761904761,673.9,16.319960832817976,15.559999999999999,16.70952380952381,0.0
OkCheon,Strawberry,1,2,2021-02-08,1,32.51028775146422,11.63712757830405,9.121517697988285,7.169060351413293,16.72393684746626,19.4645632798574,3.3333333333333335,7,1.7324118738404455,-1.9500000000000002,7.245454545454546,0.0,0.0,0.0,15.512905586477016,13.2,16.761904761904763,91.30812461348175,89.315,97.79583333333333,631.2468357039786,564.1904761904761,673.9,16.319960832817976,15.559999999999999,16.70952380952381,0.0
OkCheon,Strawberry,1,2,2021-02-08,2,20.1,15.0,11.3,8.8,14.8,15.81,8.0,7,1.7324118738404455,-1.9500000000000002,7.245454545454546,0.0,0.0,0.0,15.512905586477016,13.2,16.761904761904763,91.30812461348175,89.315,97.79583333333333,631.2468357039786,564.1904761904761,673.9,16.319960832817976,15.559999999999999,16.70952380952381,0.0
OkCheon,Strawberry,1,2,2021-02-08,2,21.4,12.0,7.4,5.6,15.2,15.68,4.0,7,1.7324118738404455,-1.9500000000000002,7.245454545454546,0.0,0.0,0.0,15.512905586477016,13.2,16.761904761904763,91.30812461348175,89.315,97.79583333333333,631.2468357039786,564.1904761904761,673.9,16.319960832817976,15.559999999999999,16.70952380952381,0.0
OkCheon,Strawberry,1,2,2021-02-08,2,32.51028775146422,11.63712757830405,9.121517697988285,7.169060351413293,16.72393684746626,19.4645632798574,5.0,7,1.7324118738404455,-1.9500000000000002,7.245454545454546,0.0,0.0,0.0,15.512905586477016,13.2,16.761904761904763,91.30812461348175,89.315,97.79583333333333,631.2468357039786,564.1904761904761,673.9,16.319960832817976,15.559999999999999,16.70952380952381,0.0
OkCheon,Strawberry,1,2,2021-02-08,3,32.51028775146422,11.63712757830405,9.121517697988285,7.169060351413293,16.72393684746626,19.4645632798574,4.5,7,1.7324118738404455,-1.9500000000000002,7.245454545454546,0.0,0.0,0.0,15.512905586477016,13.2,16.761904761904763,91.30812461348175,89.315,97.79583333333333,631.2468357039786,564.1904761904761,673.9,16.319960832817976,15.559999999999999,16.70952380952381,0.0
OkCheon,Strawberry,1,2,2021-02-08,4,24.8,18.0,13.4,10.6,19.6,21.02,3.0,7,1.7324118738404455,-1.9500000000000002,7.245454545454546,0.0,0.0,0.0,15.512905586477016,13.2,16.761904761904763,91.30812461348175,89.315,97.79583333333333,631.2468357039786,564.1904761904761,673.9,16.319960832817976,15.559999999999999,16.70952380952381,0.0
OkCheon,Strawberry,1,2,2021-02-08,4,27.6,15.0,12.3,11.0,16.6,19.85,3.0,7,1.7324118738404455,-1.9500000000000002,7.245454545454546,0.0,0.0,0.0,15.512905586477016,13.2,16.761904761904763,91.30812461348175,89.315,97.79583333333333,631.2468357039786,564.1904761904761,673.9,16.319960832817976,15.559999999999999,16.70952380952381,0.0
OkCheon,Strawberry,1,2,2021-02-08,4,32.51028775146422,11.63712757830405,9.121517697988285,7.169060351413293,16.72393684746626,19.4645632798574,3.5,7,1.7324118738404455,-1.9500000000000002,7.245454545454546,0.0,0.0,0.0,15.512905586477016,13.2,16.761904761904763,91.30812461348175,89.315,97.79583333333333,631.2468357039786,564.1904761904761,673.9,16.319960832817976,15.559999999999999,16.70952380952381,0.0
OkCheon,Strawberry,1,2,2021-02-16,1,19.4,15.0,10.8,9.1,12.2,15.91,5.0,7,1.3184410430839002,-1.0428571428571427,5.570833333333333,0.0,0.0,0.0,15.628276643990933,13.916666666666666,17.38888888888889,90.02103174603175,88.27777777777777,92.95833333333333,521.5691609977324,456.05555555555554,581.4166666666666,16.14344671201814,15.399999999999999,16.811111111111114,0.0
OkCheon,Strawberry,1,2,2021-02-16,1,22.1,18.0,4.9,3.4,9.3,15.98,6.0,7,1.3184410430839002,-1.0428571428571427,5.570833333333333,0.0,0.0,0.0,15.628276643990933,13.916666666666666,17.38888888888889,90.02103174603175,88.27777777777777,92.95833333333333,521.5691609977324,456.05555555555554,581.4166666666666,16.14344671201814,15.399999999999999,16.811111111111114,0.0
OkCheon,Strawberry,1,2,2021-02-16,1,32.51028775146422,11.63712757830405,9.121517697988285,7.169060351413293,16.72393684746626,19.4645632798574,4.666666666666667,7,1.3184410430839002,-1.0428571428571427,5.570833333333333,0.0,0.0,0.0,15.628276643990933,13.916666666666666,17.38888888888889,90.02103174603175,88.27777777777777,92.95833333333333,521.5691609977324,456.05555555555554,581.4166666666666,16.14344671201814,15.399999999999999,16.811111111111114,0.0
OkCheon,Strawberry,1,2,2021-02-16,2,17.5,12.0,12.8,11.1,9.8,14.98,1.0,7,1.3184410430839002,-1.0428571428571427,5.570833333333333,0.0,0.0,0.0,15.628276643990933,13.916666666666666,17.38888888888889,90.02103174603175,88.27777777777777,92.95833333333333,521.5691609977324,456.05555555555554,581.4166666666666,16.14344671201814,15.399999999999999,16.811111111111114,0.0
OkCheon,Strawberry,1,2,2021-02-16,2,20.5,15.0,11.0,9.0,15.3,16.0,7.0,7,1.3184410430839002,-1.0428571428571427,5.570833333333333,0.0,0.0,0.0,15.628276643990933,13.916666666666666,17.38888888888889,90.02103174603175,88.27777777777777,92.95833333333333,521.5691609977324,456.05555555555554,581.4166666666666,16.14344671201814,15.399999999999999,16.811111111111114,0.0
OkCheon,Strawberry,1,2,2021-02-16,2,22.7,12.0,9.6,7.3,13.8,16.3,4.0,7,1.3184410430839002,-1.0428571428571427,5.570833333333333,0.0,0.0,0.0,15.628276643990933,13.916666666666666,17.38888888888889,90.02103174603175,88.27777777777777,92.95833333333333,521.5691609977324,456.05555555555554,581.4166666666666,16.14344671201814,15.399999999999999,16.811111111111114,0.0
OkCheon,Strawberry,1,2,2021-02-16,2,32.51028775146422,11.63712757830405,9.121517697988285,7.169060351413293,16.72393684746626,19.4645632798574,5.0,7,1.3184410430839002,-1.0428571428571427,5.570833333333333,0.0,0.0,0.0,15.628276643990933,13.916666666666666,17.38888888888889,90.02103174603175,88.27777777777777,92.95833333333333,521.5691609977324,456.05555555555554,581.4166666666666,16.14344671201814,15.399999999999999,16.811111111111114,0.0
OkCheon,Strawberry,1,2,2021-02-16,3,32.51028775146422,11.63712757830405,9.121517697988285,7.169060351413293,16.72393684746626,19.4645632798574,4.5,7,1.3184410430839002,-1.0428571428571427,5.570833333333333,0.0,0.0,0.0,15.628276643990933,13.916666666666666,17.38888888888889,90.02103174603175,88.27777777777777,92.95833333333333,521.5691609977324,456.05555555555554,581.4166666666666,16.14344671201814,15.399999999999999,16.811111111111114,0.0
OkCheon,Strawberry,1,2,2021-02-16,3,37.4,18.0,8.6,5.3,23.6,12.6,2.0,7,1.3184410430839002,-1.0428571428571427,5.570833333333333,0.0,0.0,0.0,15.628276643990933,13.916666666666666,17.38888888888889,90.02103174603175,88.27777777777777,92.95833333333333,521.5691609977324,456.05555555555554,581.4166666666666,16.14344671201814,15.399999999999999,16.811111111111114,0.0
OkCheon,Strawberry,1,2,2021-02-16,4,25.8,18.0,13.5,11.5,8.0,21.82,3.0,7,1.3184410430839002,-1.0428571428571427,5.570833333333333,0.0,0.0,0.0,15.628276643990933,13.916666666666666,17.38888888888889,90.02103174603175,88.27777777777777,92.95833333333333,521.5691609977324,456.05555555555554,581.4166666666666,16.14344671201814,15.399999999999999,16.811111111111114,0.0
OkCheon,Strawberry,1,2,2021-02-16,4,28.4,15.0,11.0,8.8,20.0,20.53,3.0,7,1.3184410430839002,-1.0428571428571427,5.570833333333333,0.0,0.0,0.0,15.628276643990933,13.916666666666666,17.38888888888889,90.02103174603175,88.27777777777777,92.95833333333333,521.5691609977324,456.05555555555554,581.4166666666666,16.14344671201814,15.399999999999999,16.811111111111114,0.0
OkCheon,Strawberry,1,2,2021-02-16,4,32.51028775146422,11.63712757830405,9.121517697988285,7.169060351413293,16.72393684746626,19.4645632798574,3.0,7,1.3184410430839002,-1.0428571428571427,5.570833333333333,0.0,0.0,0.0,15.628276643990933,13.916666666666666,17.38888888888889,90.02103174603175,88.27777777777777,92.95833333333333,521.5691609977324,456.05555555555554,581.4166666666666,16.14344671201814,15.399999999999999,16.811111111111114,0.0
OkCheon,Strawberry,1,2,2021-02-24,1,19.9,18.0,10.9,8.5,11.9,15.97,3.0,7,4.956505102040816,-4.833333333333333,13.433333333333334,0.0,0.0,0.0,16.44139739229025,15.10625,18.428571428571427,86.59375000000001,75.53571428571429,94.69999999999999,539.0996315192745,412.57142857142856,603.2777777777778,16.139980158730157,14.61111111111111,17.071428571428573,0.0
OkCheon,Strawberry,1,2,2021-02-24,1,22.0,15.0,9.0,6.5,11.8,15.85,4.0,7,4.956505102040816,-4.833333333333333,13.433333333333334,0.0,0.0,0.0,16.44139739229025,15.10625,18.428571428571427,86.59375000000001,75.53571428571429,94.69999999999999,539.0996315192745,412.57142857142856,603.2777777777778,16.139980158730157,14.61111111111111,17.071428571428573,0.0
OkCheon,Strawberry,1,2,2021-02-24,1,32.51028775146422,11.63712757830405,9.121517697988285,7.169060351413293,16.72393684746626,19.4645632798574,5.0,7,4.956505102040816,-4.833333333333333,13.433333333333334,0.0,0.0,0.0,16.44139739229025,15.10625,18.428571428571427,86.59375000000001,75.53571428571429,94.69999999999999,539.0996315192745,412.57142857142856,603.2777777777778,16.139980158730157,14.61111111111111,17.071428571428573,0.0
OkCheon,Strawberry,1,2,2021-02-24,2,17.9,12.0,11.6,7.9,13.0,15.26,3.0,7,4.956505102040816,-4.833333333333333,13.433333333333334,0.0,0.0,0.0,16.44139739229025,15.10625,18.428571428571427,86.59375000000001,75.53571428571429,94.69999999999999,539.0996315192745,412.57142857142856,603.2777777777778,16.139980158730157,14.61111111111111,17.071428571428573,0.0
OkCheon,Strawberry,1,2,2021-02-24,2,21.8,15.0,14.5,7.9,7.3,16.26,5.0,7,4.956505102040816,-4.833333333333333,13.433333333333334,0.0,0.0,0.0,16.44139739229025,15.10625,18.428571428571427,86.59375000000001,75.53571428571429,94.69999999999999,539.0996315192745,412.57142857142856,603.2777777777778,16.139980158730157,14.61111111111111,17.071428571428573,0.0
OkCheon,Strawberry,1,2,2021-02-24,2,22.4,15.0,10.6,9.3,20.2,16.42,4.0,7,4.956505102040816,-4.833333333333333,13.433333333333334,0.0,0.0,0.0,16.44139739229025,15.10625,18.428571428571427,86.59375000000001,75.53571428571429,94.69999999999999,539.0996315192745,412.57142857142856,603.2777777777778,16.139980158730157,14.61111111111111,17.071428571428573,0.0
OkCheon,Strawberry,1,2,2021-02-24,2,32.51028775146422,11.63712757830405,9.121517697988285,7.169060351413293,16.72393684746626,19.4645632798574,5.4,7,4.956505102040816,-4.833333333333333,13.433333333333334,0.0,0.0,0.0,16.44139739229025,15.10625,18.428571428571427,86.59375000000001,75.53571428571429,94.69999999999999,539.0996315192745,412.57142857142856,603.2777777777778,16.139980158730157,14.61111111111111,17.071428571428573,0.0
OkCheon,Strawberry,1,2,2021-02-24,3,32.51028775146422,11.63712757830405,9.121517697988285,7.169060351413293,16.72393684746626,19.4645632798574,11.0,7,4.956505102040816,-4.833333333333333,13.433333333333334,0.0,0.0,0.0,16.44139739229025,15.10625,18.428571428571427,86.59375000000001,75.53571428571429,94.69999999999999,539.0996315192745,412.57142857142856,603.2777777777778,16.139980158730157,14.61111111111111,17.071428571428573,0.0
OkCheon,Strawberry,1,2,2021-02-24,3,37.1,15.0,8.1,6.6,18.4,12.87,6.0,7,4.956505102040816,-4.833333333333333,13.433333333333334,0.0,0.0,0.0,16.44139739229025,15.10625,18.428571428571427,86.59375000000001,75.53571428571429,94.69999999999999,539.0996315192745,412.57142857142856,603.2777777777778,16.139980158730157,14.61111111111111,17.071428571428573,0.0
OkCheon,Strawberry,1,2,2021-02-24,4,25.7,15.0,12.6,8.2,18.7,21.03,2.0,7,4.956505102040816,-4.833333333333333,13.433333333333334,0.0,0.0,0.0,16.44139739229025,15.10625,18.428571428571427,86.59375000000001,75.53571428571429,94.69999999999999,539.0996315192745,412.57142857142856,603.2777777777778,16.139980158730157,14.61111111111111,17.071428571428573,0.0
OkCheon,Strawberry,1,2,2021-02-24,4,28.0,15.0,13.5,10.1,18.3,20.91,2.0,7,4.956505102040816,-4.833333333333333,13.433333333333334,0.0,0.0,0.0,16.44139739229025,15.10625,18.428571428571427,86.59375000000001,75.53571428571429,94.69999999999999,539.0996315192745,412.57142857142856,603.2777777777778,16.139980158730157,14.61111111111111,17.071428571428573,0.0
OkCheon,Strawberry,1,2,2021-02-24,4,32.51028775146422,11.63712757830405,9.121517697988285,7.169060351413293,16.72393684746626,19.4645632798574,4.0,7,4.956505102040816,-4.833333333333333,13.433333333333334,0.0,0.0,0.0,16.44139739229025,15.10625,18.428571428571427,86.59375000000001,75.53571428571429,94.69999999999999,539.0996315192745,412.57142857142856,603.2777777777778,16.139980158730157,14.61111111111111,17.071428571428573,0.0
OkCheon,Strawberry,1,2,2021-03-04,1,20.4,18.0,7.7,6.6,14.0,16.52,2.0,7,6.257837615283266,2.577272727272727,8.391304347826088,0.0,0.0,0.0,15.020888857519294,14.02727272727273,16.413333333333334,88.44980143045359,79.78,97.37826086956521,541.1556959345003,515.6,587.3125,15.126060370788633,14.463636363636363,15.673913043478262,0.0
OkCheon,Strawberry,1,2,2021-03-04,1,22.7,18.0,10.1,8.7,13.0,15.57,3.0,7,6.257837615283266,2.577272727272727,8.391304347826088,0.0,0.0,0.0,15.020888857519294,14.02727272727273,16.413333333333334,88.44980143045359,79.78,97.37826086956521,541.1556959345003,515.6,587.3125,15.126060370788633,14.463636363636363,15.673913043478262,0.0
OkCheon,Strawberry,1,2,2021-03-04,1,32.51028775146422,11.63712757830405,9.121517697988285,7.169060351413293,16.72393684746626,19.4645632798574,5.25,7,6.257837615283266,2.577272727272727,8.391304347826088,0.0,0.0,0.0,15.020888857519294,14.02727272727273,16.413333333333334,88.44980143045359,79.78,97.37826086956521,541.1556959345003,515.6,587.3125,15.126060370788633,14.463636363636363,15.673913043478262,0.0
OkCheon,Strawberry,1,2,2021-03-04,2,18.4,12.0,8.4,8.2,27.5,15.76,4.0,7,6.257837615283266,2.577272727272727,8.391304347826088,0.0,0.0,0.0,15.020888857519294,14.02727272727273,16.413333333333334,88.44980143045359,79.78,97.37826086956521,541.1556959345003,515.6,587.3125,15.126060370788633,14.463636363636363,15.673913043478262,0.0
OkCheon,Strawberry,1,2,2021-03-04,2,20.9,15.0,11.1,8.3,20.2,16.87,4.0,7,6.257837615283266,2.577272727272727,8.391304347826088,0.0,0.0,0.0,15.020888857519294,14.02727272727273,16.413333333333334,88.44980143045359,79.78,97.37826086956521,541.1556959345003,515.6,587.3125,15.126060370788633,14.463636363636363,15.673913043478262,0.0
OkCheon,Strawberry,1,2,2021-03-04,2,23.8,12.0,10.5,9.5,8.5,16.69,3.0,7,6.257837615283266,2.577272727272727,8.391304347826088,0.0,0.0,0.0,15.020888857519294,14.02727272727273,16.413333333333334,88.44980143045359,79.78,97.37826086956521,541.1556959345003,515.6,587.3125,15.126060370788633,14.463636363636363,15.673913043478262,0.0
OkCheon,Strawberry,1,2,2021-03-04,2,32.51028775146422,11.63712757830405,9.121517697988285,7.169060351413293,16.72393684746626,19.4645632798574,5.0,7,6.257837615283266,2.577272727272727,8.391304347826088,0.0,0.0,0.0,15.020888857519294,14.02727272727273,16.413333333333334,88.44980143045359,79.78,97.37826086956521,541.1556959345003,515.6,587.3125,15.126060370788633,14.463636363636363,15.673913043478262,0.0
OkCheon,Strawberry,1,2,2021-03-04,3,29.4,12.0,8.6,6.8,19.6,14.26,8.0,7,6.257837615283266,2.577272727272727,8.391304347826088,0.0,0.0,0.0,15.020888857519294,14.02727272727273,16.413333333333334,88.44980143045359,79.78,97.37826086956521,541.1556959345003,515.6,587.3125,15.126060370788633,14.463636363636363,15.673913043478262,0.0
OkCheon,Strawberry,1,2,2021-03-04,3,32.51028775146422,11.63712757830405,9.121517697988285,7.169060351413293,16.72393684746626,19.4645632798574,5.0,7,6.257837615283266,2.577272727272727,8.391304347826088,0.0,0.0,0.0,15.020888857519294,14.02727272727273,16.413333333333334,88.44980143045359,79.78,97.37826086956521,541.1556959345003,515.6,587.3125,15.126060370788633,14.463636363636363,15.673913043478262,0.0
OkCheon,Strawberry,1,2,2021-03-04,4,32.51028775146422,11.63712757830405,9.121517697988285,7.169060351413293,16.72393684746626,19.4645632798574,3.6666666666666665,7,6.257837615283266,2.577272727272727,8.391304347826088,0.0,0.0,0.0,15.020888857519294,14.02727272727273,16.413333333333334,88.44980143045359,79.78,97.37826086956521,541.1556959345003,515.6,587.3125,15.126060370788633,14.463636363636363,15.673913043478262,0.0
OkCheon,Strawberry,1,2,2021-03-09,1,21.0,18.0,7.3,6.0,19.5,15.98,1.0,7,5.720241187384046,2.577272727272727,8.627272727272727,0.0,0.0,0.0,15.038874784363509,13.969999999999999,16.413333333333334,87.04845376428082,79.78,94.575,529.9862659896495,498.8095238095238,594.35,15.307303811476743,14.463636363636363,15.723809523809523,0.0
OkCheon,Strawberry,1,2,2021-03-09,1,32.51028775146422,11.63712757830405,9.121517697988285,7.169060351413293,16.72393684746626,19.4645632798574,5.666666666666667,7,5.720241187384046,2.577272727272727,8.627272727272727,0.0,0.0,0.0,15.038874784363509,13.969999999999999,16.413333333333334,87.04845376428082,79.78,94.575,529.9862659896495,498.8095238095238,594.35,15.307303811476743,14.463636363636363,15.723809523809523,0.0
OkCheon,Strawberry,1,2,2021-03-09,2,18.5,12.0,10.6,8.8,7.5,15.54,3.0,7,5.720241187384046,2.577272727272727,8.627272727272727,0.0,0.0,0.0,15.038874784363509,13.969999999999999,16.413333333333334,87.04845376428082,79.78,94.575,529.9862659896495,498.8095238095238,594.35,15.307303811476743,14.463636363636363,15.723809523809523,0.0
OkCheon,Strawberry,1,2,2021-03-09,2,20.8,15.0,10.5,8.7,11.1,16.64,1.0,7,5.720241187384046,2.577272727272727,8.627272727272727,0.0,0.0,0.0,15.038874784363509,13.969999999999999,16.413333333333334,87.04845376428082,79.78,94.575,529.9862659896495,498.8095238095238,594.35,15.307303811476743,14.463636363636363,15.723809523809523,0.0
OkCheon,Strawberry,1,2,2021-03-09,2,23.7,15.0,8.2,7.3,8.1,16.72,3.0,7,5.720241187384046,2.577272727272727,8.627272727272727,0.0,0.0,0.0,15.038874784363509,13.969999999999999,16.413333333333334,87.04845376428082,79.78,94.575,529.9862659896495,498.8095238095238,594.35,15.307303811476743,14.463636363636363,15.723809523809523,0.0
OkCheon,Strawberry,1,2,2021-03-09,2,32.51028775146422,11.63712757830405,9.121517697988285,7.169060351413293,16.72393684746626,19.4645632798574,5.2,7,5.720241187384046,2.577272727272727,8.627272727272727,0.0,0.0,0.0,15.038874784363509,13.969999999999999,16.413333333333334,87.04845376428082,79.78,94.575,529.9862659896495,498.8095238095238,594.35,15.307303811476743,14.463636363636363,15.723809523809523,0.0
OkCheon,Strawberry,1,2,2021-03-09,3,32.51028775146422,11.63712757830405,9.121517697988285,7.169060351413293,16.72393684746626,19.4645632798574,5.666666666666667,7,5.720241187384046,2.577272727272727,8.627272727272727,0.0,0.0,0.0,15.038874784363509,13.969999999999999,16.413333333333334,87.04845376428082,79.78,94.575,529.9862659896495,498.8095238095238,594.35,15.307303811476743,14.463636363636363,15.723809523809523,0.0
OkCheon,Strawberry,1,2,2021-03-09,3,37.7,18.0,6.8,4.6,19.2,14.87,8.0,7,5.720241187384046,2.577272727272727,8.627272727272727,0.0,0.0,0.0,15.038874784363509,13.969999999999999,16.413333333333334,87.04845376428082,79.78,94.575,529.9862659896495,498.8095238095238,594.35,15.307303811476743,14.463636363636363,15.723809523809523,0.0
OkCheon,Strawberry,1,2,2021-03-09,4,32.51028775146422,11.63712757830405,9.121517697988285,7.169060351413293,16.72393684746626,19.4645632798574,4.0,7,5.720241187384046,2.577272727272727,8.627272727272727,0.0,0.0,0.0,15.038874784363509,13.969999999999999,16.413333333333334,87.04845376428082,79.78,94.575,529.9862659896495,498.8095238095238,594.35,15.307303811476743,14.463636363636363,15.723809523809523,0.0
OkCheon,Strawberry,1,2,2021-03-18,1,21.5,18.0,8.6,7.1,14.6,16.47,1.0,7,8.561621897770966,6.642857142857143,11.017391304347827,0.0,0.0,0.0,15.798842730768197,14.861904761904762,16.94782608695652,85.26169167271654,76.98695652173913,93.425,544.9958659353068,498.8095238095238,590.75,16.047504638218925,15.581818181818182,17.191304347826087,0.0
OkCheon,Strawberry,1,2,2021-03-18,1,32.51028775146422,11.63712757830405,9.121517697988285,7.169060351413293,16.72393684746626,19.4645632798574,7.5,7,8.561621897770966,6.642857142857143,11.017391304347827,0.0,0.0,0.0,15.798842730768197,14.861904761904762,16.94782608695652,85.26169167271654,76.98695652173913,93.425,544.9958659353068,498.8095238095238,590.75,16.047504638218925,15.581818181818182,17.191304347826087,0.0
OkCheon,Strawberry,1,2,2021-03-18,2,19.0,12.0,10.7,9.5,7.0,15.7,5.0,7,8.561621897770966,6.642857142857143,11.017391304347827,0.0,0.0,0.0,15.798842730768197,14.861904761904762,16.94782608695652,85.26169167271654,76.98695652173913,93.425,544.9958659353068,498.8095238095238,590.75,16.047504638218925,15.581818181818182,17.191304347826087,0.0
OkCheon,Strawberry,1,2,2021-03-18,2,21.6,18.0,6.0,4.5,16.0,16.61,1.0,7,8.561621897770966,6.642857142857143,11.017391304347827,0.0,0.0,0.0,15.798842730768197,14.861904761904762,16.94782608695652,85.26169167271654,76.98695652173913,93.425,544.9958659353068,498.8095238095238,590.75,16.047504638218925,15.581818181818182,17.191304347826087,0.0
OkCheon,Strawberry,1,2,2021-03-18,2,32.51028775146422,11.63712757830405,9.121517697988285,7.169060351413293,16.72393684746626,19.4645632798574,6.25,7,8.561621897770966,6.642857142857143,11.017391304347827,0.0,0.0,0.0,15.798842730768197,14.861904761904762,16.94782608695652,85.26169167271654,76.98695652173913,93.425,544.9958659353068,498.8095238095238,590.75,16.047504638218925,15.581818181818182,17.191304347826087,0.0
OkCheon,Strawberry,1,2,2021-03-18,3,32.51028775146422,11.63712757830405,9.121517697988285,7.169060351413293,16.72393684746626,19.4645632798574,7.666666666666667,7,8.561621897770966,6.642857142857143,11.017391304347827,0.0,0.0,0.0,15.798842730768197,14.861904761904762,16.94782608695652,85.26169167271654,76.98695652173913,93.425,544.9958659353068,498.8095238095238,590.75,16.047504638218925,15.581818181818182,17.191304347826087,0.0
OkCheon,Strawberry,1,2,2021-03-18,4,32.51028775146422,11.63712757830405,9.121517697988285,7.169060351413293,16.72393684746626,19.4645632798574,5.0,7,8.561621897770966,6.642857142857143,11.017391304347827,0.0,0.0,0.0,15.798842730768197,14.861904761904762,16.94782608695652,85.26169167271654,76.98695652173913,93.425,544.9958659353068,498.8095238095238,590.75,16.047504638218925,15.581818181818182,17.191304347826087,0.0
OkCheon,Strawberry,1,2,2021-03-23,1,32.51028775146422,11.63712757830405,9.121517697988285,7.169060351413293,16.72393684746626,19.4645632798574,8.0,7,9.351418141627361,6.123809523809523,12.565217391304348,0.0,0.0,0.0,15.801731460214626,13.738095238095237,16.97826086956522,82.77780412352169,76.98695652173913,97.0142857142857,520.917951994611,468.42105263157896,569.4782608695652,16.12620774126168,15.036842105263156,17.191304347826087,0.0
OkCheon,Strawberry,1,2,2021-03-23,2,20.7,12.0,11.0,8.6,11.0,16.73,5.0,7,9.351418141627361,6.123809523809523,12.565217391304348,0.0,0.0,0.0,15.801731460214626,13.738095238095237,16.97826086956522,82.77780412352169,76.98695652173913,97.0142857142857,520.917951994611,468.42105263157896,569.4782608695652,16.12620774126168,15.036842105263156,17.191304347826087,0.0
OkCheon,Strawberry,1,2,2021-03-23,2,32.51028775146422,11.63712757830405,9.121517697988285,7.169060351413293,16.72393684746626,19.4645632798574,6.0,7,9.351418141627361,6.123809523809523,12.565217391304348,0.0,0.0,0.0,15.801731460214626,13.738095238095237,16.97826086956522,82.77780412352169,76.98695652173913,97.0142857142857,520.917951994611,468.42105263157896,569.4782608695652,16.12620774126168,15.036842105263156,17.191304347826087,0.0
OkCheon,Strawberry,1,2,2021-03-23,3,32.51028775146422,11.63712757830405,9.121517697988285,7.169060351413293,16.72393684746626,19.4645632798574,7.0,7,9.351418141627361,6.123809523809523,12.565217391304348,0.0,0.0,0.0,15.801731460214626,13.738095238095237,16.97826086956522,82.77780412352169,76.98695652173913,97.0142857142857,520.917951994611,468.42105263157896,569.4782608695652,16.12620774126168,15.036842105263156,17.191304347826087,0.0
OkCheon,Strawberry,1,2,2021-03-23,3,37.4,18.0,10.1,8.2,18.9,16.6,8.0,7,9.351418141627361,6.123809523809523,12.565217391304348,0.0,0.0,0.0,15.801731460214626,13.738095238095237,16.97826086956522,82.77780412352169,76.98695652173913,97.0142857142857,520.917951994611,468.42105263157896,569.4782608695652,16.12620774126168,15.036842105263156,17.191304347826087,0.0
OkCheon,Strawberry,1,2,2021-03-23,4,32.51028775146422,11.63712757830405,9.121517697988285,7.169060351413293,16.72393684746626,19.4645632798574,3.6666666666666665,7,9.351418141627361,6.123809523809523,12.565217391304348,0.0,0.0,0.0,15.801731460214626,13.738095238095237,16.97826086956522,82.77780412352169,76.98695652173913,97.0142857142857,520.917951994611,468.42105263157896,569.4782608695652,16.12620774126168,15.036842105263156,17.191304347826087,0.0
OkCheon,Strawberry,1,2,2021-04-01,1,32.51028775146422,11.63712757830405,9.121517697988285,7.169060351413293,16.72393684746626,19.4645632798574,6.0,7,10.968296160361376,9.125,12.263636363636364,0.0,0.0,0.0,17.07535431959345,14.829166666666666,18.630434782608695,82.69086344814606,75.52727272727272,94.80499999999999,531.4383963862225,478.1666666666667,590.2272727272727,16.699600978731414,15.969999999999999,17.427272727272726,0.0
OkCheon,Strawberry,1,2,2021-04-01,2,20.6,15.0,11.7,9.8,8.2,16.67,5.0,7,10.968296160361376,9.125,12.263636363636364,0.0,0.0,0.0,17.07535431959345,14.829166666666666,18.630434782608695,82.69086344814606,75.52727272727272,94.80499999999999,531.4383963862225,478.1666666666667,590.2272727272727,16.699600978731414,15.969999999999999,17.427272727272726,0.0
OkCheon,Strawberry,1,2,2021-04-01,2,32.51028775146422,11.63712757830405,9.121517697988285,7.169060351413293,16.72393684746626,19.4645632798574,5.5,7,10.968296160361376,9.125,12.263636363636364,0.0,0.0,0.0,17.07535431959345,14.829166666666666,18.630434782608695,82.69086344814606,75.52727272727272,94.80499999999999,531.4383963862225,478.1666666666667,590.2272727272727,16.699600978731414,15.969999999999999,17.427272727272726,0.0
OkCheon,Strawberry,1,2,2021-04-01,3,32.51028775146422,11.63712757830405,9.121517697988285,7.169060351413293,16.72393684746626,19.4645632798574,5.5,7,10.968296160361376,9.125,12.263636363636364,0.0,0.0,0.0,17.07535431959345,14.829166666666666,18.630434782608695,82.69086344814606,75.52727272727272,94.80499999999999,531.4383963862225,478.1666666666667,590.2272727272727,16.699600978731414,15.969999999999999,17.427272727272726,0.0
OkCheon,Strawberry,1,2,2021-04-01,3,37.6,21.0,10.0,7.2,19.9,18.27,8.0,7,10.968296160361376,9.125,12.263636363636364,0.0,0.0,0.0,17.07535431959345,14.829166666666666,18.630434782608695,82.69086344814606,75.52727272727272,94.80499999999999,531.4383963862225,478.1666666666667,590.2272727272727,16.699600978731414,15.969999999999999,17.427272727272726,0.0
OkCheon,Strawberry,1,2,2021-04-01,4,32.51028775146422,11.63712757830405,9.121517697988285,7.169060351413293,16.72393684746626,19.4645632798574,3.0,7,10.968296160361376,9.125,12.263636363636364,0.0,0.0,0.0,17.07535431959345,14.829166666666666,18.630434782608695,82.69086344814606,75.52727272727272,94.80499999999999,531.4383963862225,478.1666666666667,590.2272727272727,16.699600978731414,15.969999999999999,17.427272727272726,0.0
OkCheon,Strawberry,1,2,2021-04-07,1,32.51028775146422,11.63712757830405,9.121517697988285,7.169060351413293,16.72393684746626,19.4645632798574,2.0,7,12.911328345567478,9.508333333333333,16.7375,0.0,0.0,0.0,16.61938641069076,14.725,18.341666666666665,81.93394268774703,75.52727272727272,93.38333333333333,484.4999529456051,388.4166666666667,571.9090909090909,16.512100037643517,14.637500000000001,17.537499999999998,0.0
OkCheon,Strawberry,1,2,2021-04-07,2,21.8,12.0,12.0,10.1,8.5,17.74,3.0,7,12.911328345567478,9.508333333333333,16.7375,0.0,0.0,0.0,16.61938641069076,14.725,18.341666666666665,81.93394268774703,75.52727272727272,93.38333333333333,484.4999529456051,388.4166666666667,571.9090909090909,16.512100037643517,14.637500000000001,17.537499999999998,0.0
OkCheon,Strawberry,1,2,2021-04-07,2,32.51028775146422,11.63712757830405,9.121517697988285,7.169060351413293,16.72393684746626,19.4645632798574,4.5,7,12.911328345567478,9.508333333333333,16.7375,0.0,0.0,0.0,16.61938641069076,14.725,18.341666666666665,81.93394268774703,75.52727272727272,93.38333333333333,484.4999529456051,388.4166666666667,571.9090909090909,16.512100037643517,14.637500000000001,17.537499999999998,0.0
OkCheon,Strawberry,1,2,2021-04-07,3,31.2,15.0,10.4,7.2,19.8,18.51,5.0,7,12.911328345567478,9.508333333333333,16.7375,0.0,0.0,0.0,16.61938641069076,14.725,18.341666666666665,81.93394268774703,75.52727272727272,93.38333333333333,484.4999529456051,388.4166666666667,571.9090909090909,16.512100037643517,14.637500000000001,17.537499999999998,0.0
OkCheon,Strawberry,1,2,2021-04-07,3,32.51028775146422,11.63712757830405,9.121517697988285,7.169060351413293,16.72393684746626,19.4645632798574,4.5,7,12.911328345567478,9.508333333333333,16.7375,0.0,0.0,0.0,16.61938641069076,14.725,18.341666666666665,81.93394268774703,75.52727272727272,93.38333333333333,484.4999529456051,388.4166666666667,571.9090909090909,16.512100037643517,14.637500000000001,17.537499999999998,0.0
OkCheon,Strawberry,1,2,2021-04-07,4,32.51028775146422,11.63712757830405,9.121517697988285,7.169060351413293,16.72393684746626,19.4645632798574,3.0,7,12.911328345567478,9.508333333333333,16.7375,0.0,0.0,0.0,16.61938641069076,14.725,18.341666666666665,81.93394268774703,75.52727272727272,93.38333333333333,484.4999529456051,388.4166666666667,571.9090909090909,16.512100037643517,14.637500000000001,17.537499999999998,0.0
OkCheon,Strawberry,1,2,2021-04-13,2,21.7,15.0,12.4,10.0,10.0,17.89,3.0,7,12.292588932806325,10.795833333333334,13.445833333333333,0.0,0.0,0.0,16.069386410690758,13.970833333333333,17.204166666666666,79.74312535290797,74.72500000000001,89.99583333333334,490.708474496518,403.625,536.7727272727273,15.296374458874459,14.637500000000001,15.845454545454546,0.0
OkCheon,Strawberry,1,2,2021-04-13,2,32.51028775146422,11.63712757830405,9.121517697988285,7.169060351413293,16.72393684746626,19.4645632798574,3.3333333333333335,7,12.292588932806325,10.795833333333334,13.445833333333333,0.0,0.0,0.0,16.069386410690758,13.970833333333333,17.204166666666666,79.74312535290797,74.72500000000001,89.99583333333334,490.708474496518,403.625,536.7727272727273,15.296374458874459,14.637500000000001,15.845454545454546,0.0
OkCheon,Strawberry,1,2,2021-04-13,3,26.3,12.0,6.8,5.6,17.2,18.53,2.0,7,12.292588932806325,10.795833333333334,13.445833333333333,0.0,0.0,0.0,16.069386410690758,13.970833333333333,17.204166666666666,79.74312535290797,74.72500000000001,89.99583333333334,490.708474496518,403.625,536.7727272727273,15.296374458874459,14.637500000000001,15.845454545454546,0.0
OkCheon,Strawberry,1,2,2021-04-13,3,32.51028775146422,11.63712757830405,9.121517697988285,7.169060351413293,16.72393684746626,19.4645632798574,4.5,7,12.292588932806325,10.795833333333334,13.445833333333333,0.0,0.0,0.0,16.069386410690758,13.970833333333333,17.204166666666666,79.74312535290797,74.72500000000001,89.99583333333334,490.708474496518,403.625,536.7727272727273,15.296374458874459,14.637500000000001,15.845454545454546,0.0
OkCheon,Strawberry,1,2,2021-04-13,4,32.51028775146422,11.63712757830405,9.121517697988285,7.169060351413293,16.72393684746626,19.4645632798574,3.0,7,12.292588932806325,10.795833333333334,13.445833333333333,0.0,0.0,0.0,16.069386410690758,13.970833333333333,17.204166666666666,79.74312535290797,74.72500000000001,89.99583333333334,490.708474496518,403.625,536.7727272727273,15.296374458874459,14.637500000000001,15.845454545454546,0.0
OkCheon,Strawberry,1,2,2021-04-21,1,32.51028775146422,11.63712757830405,9.121517697988285,7.169060351413293,16.72393684746626,19.4645632798574,2.0,7,11.459145021645023,8.154166666666667,14.15,0.0,0.0,0.0,16.171158008658008,13.808333333333332,18.591666666666665,77.59751082251081,72.16818181818182,89.94583333333333,484.1471861471861,451.6666666666667,529.4583333333334,15.311742424242423,14.629166666666668,17.066666666666666,0.0
OkCheon,Strawberry,1,2,2021-04-21,2,32.51028775146422,11.63712757830405,9.121517697988285,7.169060351413293,16.72393684746626,19.4645632798574,2.0,7,11.459145021645023,8.154166666666667,14.15,0.0,0.0,0.0,16.171158008658008,13.808333333333332,18.591666666666665,77.59751082251081,72.16818181818182,89.94583333333333,484.1471861471861,451.6666666666667,529.4583333333334,15.311742424242423,14.629166666666668,17.066666666666666,0.0
OkCheon,Strawberry,1,2,2021-04-21,3,26.1,9.0,7.1,6.0,18.3,18.55,2.0,7,11.459145021645023,8.154166666666667,14.15,0.0,0.0,0.0,16.171158008658008,13.808333333333332,18.591666666666665,77.59751082251081,72.16818181818182,89.94583333333333,484.1471861471861,451.6666666666667,529.4583333333334,15.311742424242423,14.629166666666668,17.066666666666666,0.0
OkCheon,Strawberry,1,2,2021-04-21,3,32.51028775146422,11.63712757830405,9.121517697988285,7.169060351413293,16.72393684746626,19.4645632798574,3.0,7,11.459145021645023,8.154166666666667,14.15,0.0,0.0,0.0,16.171158008658008,13.808333333333332,18.591666666666665,77.59751082251081,72.16818181818182,89.94583333333333,484.1471861471861,451.6666666666667,529.4583333333334,15.311742424242423,14.629166666666668,17.066666666666666,0.0
OkCheon,Strawberry,1,2,2021-04-21,4,32.51028775146422,11.63712757830405,9.121517697988285,7.169060351413293,16.72393684746626,19.4645632798574,1.0,7,11.459145021645023,8.154166666666667,14.15,0.0,0.0,0.0,16.171158008658008,13.808333333333332,18.591666666666665,77.59751082251081,72.16818181818182,89.94583333333333,484.1471861471861,451.6666666666667,529.4583333333334,15.311742424242423,14.629166666666668,17.066666666666666,0.0
OkCheon,Strawberry,1,2,2021-04-28,1,32.51028775146422,11.63712757830405,9.121517697988285,7.169060351413293,16.72393684746626,19.4645632798574,3.0,7,18.645833333333332,15.370833333333332,20.7375,0.0,0.0,0.0,20.24404761904762,18.941666666666666,21.183333333333334,70.65119047619048,54.925000000000004,95.74583333333334,414.0238095238095,382.1666666666667,464.9166666666667,18.70892857142857,17.929166666666667,19.341666666666665,0.0
OkCheon,Strawberry,1,2,2021-04-28,2,32.51028775146422,11.63712757830405,9.121517697988285,7.169060351413293,16.72393684746626,19.4645632798574,1.0,7,18.645833333333332,15.370833333333332,20.7375,0.0,0.0,0.0,20.24404761904762,18.941666666666666,21.183333333333334,70.65119047619048,54.925000000000004,95.74583333333334,414.0238095238095,382.1666666666667,464.9166666666667,18.70892857142857,17.929166666666667,19.341666666666665,0.0
OkCheon,Strawberry,1,2,2021-04-28,3,32.51028775146422,11.63712757830405,9.121517697988285,7.169060351413293,16.72393684746626,19.4645632798574,3.5,7,18.645833333333332,15.370833333333332,20.7375,0.0,0.0,0.0,20.24404761904762,18.941666666666666,21.183333333333334,70.65119047619048,54.925000000000004,95.74583333333334,414.0238095238095,382.1666666666667,464.9166666666667,18.70892857142857,17.929166666666667,19.341666666666665,0.0
OkCheon,Strawberry,1,2,2021-04-28,4,32.51028775146422,11.63712757830405,9.121517697988285,7.169060351413293,16.72393684746626,19.4645632798574,1.0,7,18.645833333333332,15.370833333333332,20.7375,0.0,0.0,0.0,20.24404761904762,18.941666666666666,21.183333333333334,70.65119047619048,54.925000000000004,95.74583333333334,414.0238095238095,382.1666666666667,464.9166666666667,18.70892857142857,17.929166666666667,19.341666666666665,0.0
OkCheon,Strawberry,1,2,2021-05-03,1,32.51028775146422,11.63712757830405,9.121517697988285,7.169060351413293,16.72393684746626,19.4645632798574,3.0,7,15.001190476190477,10.7125,20.7375,0.0,0.0,0.0,18.041666666666668,14.370833333333332,21.183333333333334,79.09642857142858,67.22083333333333,95.74583333333334,382.9166666666667,371.5833333333333,405.9166666666667,17.53273809523809,15.208333333333334,19.341666666666665,0.0
OkCheon,Strawberry,1,2,2021-05-03,3,32.51028775146422,11.63712757830405,9.121517697988285,7.169060351413293,16.72393684746626,19.4645632798574,4.0,7,15.001190476190477,10.7125,20.7375,0.0,0.0,0.0,18.041666666666668,14.370833333333332,21.183333333333334,79.09642857142858,67.22083333333333,95.74583333333334,382.9166666666667,371.5833333333333,405.9166666666667,17.53273809523809,15.208333333333334,19.341666666666665,0.0
OkCheon,Strawberry,1,2,2021-05-03,4,32.51028775146422,11.63712757830405,9.121517697988285,7.169060351413293,16.72393684746626,19.4645632798574,2.0,7,15.001190476190477,10.7125,20.7375,0.0,0.0,0.0,18.041666666666668,14.370833333333332,21.183333333333334,79.09642857142858,67.22083333333333,95.74583333333334,382.9166666666667,371.5833333333333,405.9166666666667,17.53273809523809,15.208333333333334,19.341666666666665,0.0
OkCheon,Strawberry,1,2,2021-05-10,1,19.7,15.0,8.0,7.4,15.1,17.56,3.0,7,14.117261904761904,12.541666666666666,15.529166666666667,0.0,0.0,0.0,18.327976190476193,17.466666666666665,20.458333333333332,77.81607142857142,70.97500000000001,88.85000000000001,399.5892857142857,375.4166666666667,456.8333333333333,17.008333333333333,16.029166666666665,18.545833333333334,0.0
OkCheon,Strawberry,1,2,2021-05-10,3,32.51028775146422,11.63712757830405,9.121517697988285,7.169060351413293,16.72393684746626,19.4645632798574,4.0,7,14.117261904761904,12.541666666666666,15.529166666666667,0.0,0.0,0.0,18.327976190476193,17.466666666666665,20.458333333333332,77.81607142857142,70.97500000000001,88.85000000000001,399.5892857142857,375.4166666666667,456.8333333333333,17.008333333333333,16.029166666666665,18.545833333333334,0.0
OkCheon,Strawberry,1,2,2021-05-10,4,32.51028775146422,11.63712757830405,9.121517697988285,7.169060351413293,16.72393684746626,19.4645632798574,4.0,7,14.117261904761904,12.541666666666666,15.529166666666667,0.0,0.0,0.0,18.327976190476193,17.466666666666665,20.458333333333332,77.81607142857142,70.97500000000001,88.85000000000001,399.5892857142857,375.4166666666667,456.8333333333333,17.008333333333333,16.029166666666665,18.545833333333334,0.0
OkCheon,Strawberry,1,2,2021-05-18,1,32.51028775146422,11.63712757830405,9.121517697988285,7.169060351413293,16.72393684746626,19.4645632798574,2.0,7,20.166071428571428,13.791666666666666,23.6125,0.0,0.0,0.0,20.754761904761903,16.429166666666667,23.15416666666667,88.04464285714286,71.53333333333333,98.64583333333333,388.18452380952385,372.625,410.375,18.99404761904762,15.154166666666667,22.170833333333334,0.0
OkCheon,Strawberry,1,2,2021-05-18,3,32.51028775146422,11.63712757830405,9.121517697988285,7.169060351413293,16.72393684746626,19.4645632798574,4.5,7,20.166071428571428,13.791666666666666,23.6125,0.0,0.0,0.0,20.754761904761903,16.429166666666667,23.15416666666667,88.04464285714286,71.53333333333333,98.64583333333333,388.18452380952385,372.625,410.375,18.99404761904762,15.154166666666667,22.170833333333334,0.0
OkCheon,Strawberry,1,2,2021-05-18,4,32.51028775146422,11.63712757830405,9.121517697988285,7.169060351413293,16.72393684746626,19.4645632798574,3.0,7,20.166071428571428,13.791666666666666,23.6125,0.0,0.0,0.0,20.754761904761903,16.429166666666667,23.15416666666667,88.04464285714286,71.53333333333333,98.64583333333333,388.18452380952385,372.625,410.375,18.99404761904762,15.154166666666667,22.170833333333334,0.0
OkCheon,Strawberry,1,2,2021-05-25,1,32.51028775146422,11.63712757830405,9.121517697988285,7.169060351413293,16.72393684746626,19.4645632798574,1.5,7,18.144642857142856,14.137500000000001,19.82916666666667,0.0,0.0,0.0,19.893452380952386,16.679166666666667,21.912499999999998,89.07916666666667,81.8,97.29166666666667,392.3511904761905,375.7083333333333,407.875,18.586904761904766,17.170833333333334,20.033333333333335,0.0
OkCheon,Strawberry,1,2,2021-05-25,3,32.51028775146422,11.63712757830405,9.121517697988285,7.169060351413293,16.72393684746626,19.4645632798574,5.0,7,18.144642857142856,14.137500000000001,19.82916666666667,0.0,0.0,0.0,19.893452380952386,16.679166666666667,21.912499999999998,89.07916666666667,81.8,97.29166666666667,392.3511904761905,375.7083333333333,407.875,18.586904761904766,17.170833333333334,20.033333333333335,0.0
OkCheon,Strawberry,1,2,2021-05-25,4,32.51028775146422,11.63712757830405,9.121517697988285,7.169060351413293,16.72393684746626,19.4645632798574,3.0,7,18.144642857142856,14.137500000000001,19.82916666666667,0.0,0.0,0.0,19.893452380952386,16.679166666666667,21.912499999999998,89.07916666666667,81.8,97.29166666666667,392.3511904761905,375.7083333333333,407.875,18.586904761904766,17.170833333333334,20.033333333333335,0.0
OkCheon,Strawberry,1,2,2021-06-01,1,32.51028775146422,11.63712757830405,9.121517697988285,7.169060351413293,16.72393684746626,19.4645632798574,4.0,7,17.27202380952381,14.408333333333333,20.25,0.0,0.0,0.0,19.736309523809524,17.129166666666666,22.974999999999998,85.97083333333333,81.14583333333333,91.70833333333333,377.4642857142857,364.375,383.8333333333333,18.261904761904763,16.666666666666668,21.033333333333335,0.0
OkCheon,Strawberry,1,2,2021-06-01,3,32.51028775146422,11.63712757830405,9.121517697988285,7.169060351413293,16.72393684746626,19.4645632798574,6.0,7,17.27202380952381,14.408333333333333,20.25,0.0,0.0,0.0,19.736309523809524,17.129166666666666,22.974999999999998,85.97083333333333,81.14583333333333,91.70833333333333,377.4642857142857,364.375,383.8333333333333,18.261904761904763,16.666666666666668,21.033333333333335,0.0
OkCheon,Strawberry,1,2,2021-06-01,4,32.51028775146422,11.63712757830405,9.121517697988285,7.169060351413293,16.72393684746626,19.4645632798574,2.5,7,17.27202380952381,14.408333333333333,20.25,0.0,0.0,0.0,19.736309523809524,17.129166666666666,22.974999999999998,85.97083333333333,81.14583333333333,91.70833333333333,377.4642857142857,364.375,383.8333333333333,18.261904761904763,16.666666666666668,21.033333333333335,0.0
OkCheon,Strawberry,1,2,2021-06-08,1,32.51028775146422,11.63712757830405,9.121517697988285,7.169060351413293,16.72393684746626,19.4645632798574,6.0,7,20.948214285714283,17.645833333333332,23.241666666666664,169.86904761904765,0.0,315.4166666666667,23.29107142857143,19.679166666666667,25.645833333333332,84.85535714285713,80.625,97.37916666666666,390.9940476190476,371.6666666666667,399.4583333333333,20.882738095238096,19.479166666666668,22.28333333333333,1189.0833333333335
OkCheon,Strawberry,1,2,2021-06-08,3,32.51028775146422,11.63712757830405,9.121517697988285,7.169060351413293,16.72393684746626,19.4645632798574,5.0,7,20.948214285714283,17.645833333333332,23.241666666666664,169.86904761904765,0.0,315.4166666666667,23.29107142857143,19.679166666666667,25.645833333333332,84.85535714285713,80.625,97.37916666666666,390.9940476190476,371.6666666666667,399.4583333333333,20.882738095238096,19.479166666666668,22.28333333333333,1189.0833333333335
OkCheon,Strawberry,1,2,2021-06-08,4,32.51028775146422,11.63712757830405,9.121517697988285,7.169060351413293,16.72393684746626,19.4645632798574,5.0,7,20.948214285714283,17.645833333333332,23.241666666666664,169.86904761904765,0.0,315.4166666666667,23.29107142857143,19.679166666666667,25.645833333333332,84.85535714285713,80.625,97.37916666666666,390.9940476190476,371.6666666666667,399.4583333333333,20.882738095238096,19.479166666666668,22.28333333333333,1189.0833333333335
SanCheong,Strawberry,1,52,2020-10-21,4,21.0,5.0,9.2,6.8,10.5,13.82,0.0,7,12.510119047619046,11.5875,13.783333333333333,142.94642857142858,60.416666666666664,185.70833333333334,18.476785714285715,16.908333333333335,19.375,83.39880952380952,77.87916666666666,89.96666666666665,419.23214285714283,355.7083333333333,451.125,19.63809523809524,17.683333333333334,20.883333333333333,1000.625
SanCheong,Strawberry,1,52,2020-10-28,1,20.6,5.0,10.0,10.0,7.3,16.05,2.0,7,12.69702380952381,11.299999999999999,15.258333333333333,132.84523809523807,54.833333333333336,167.45833333333334,18.473809523809525,17.383333333333333,19.9375,87.13571428571429,83.04166666666667,94.89166666666667,418.2976190476191,380.8333333333333,452.9583333333333,19.5375,18.1125,20.308333333333334,929.9166666666665
SanCheong,Strawberry,1,52,2020-10-28,2,21.6,6.0,9.1,8.1,10.4,16.07,0.0,7,12.69702380952381,11.299999999999999,15.258333333333333,132.84523809523807,54.833333333333336,167.45833333333334,18.473809523809525,17.383333333333333,19.9375,87.13571428571429,83.04166666666667,94.89166666666667,418.2976190476191,380.8333333333333,452.9583333333333,19.5375,18.1125,20.308333333333334,929.9166666666665
SanCheong,Strawberry,1,52,2020-10-28,3,16.4,4.0,9.4,7.5,6.5,14.53,0.0,7,12.69702380952381,11.299999999999999,15.258333333333333,132.84523809523807,54.833333333333336,167.45833333333334,18.473809523809525,17.383333333333333,19.9375,87.13571428571429,83.04166666666667,94.89166666666667,418.2976190476191,380.8333333333333,452.9583333333333,19.5375,18.1125,20.308333333333334,929.9166666666665
SanCheong,Strawberry,1,52,2020-10-28,4,22.0,6.0,9.1,6.9,11.4,14.15,3.0,7,12.69702380952381,11.299999999999999,15.258333333333333,132.84523809523807,54.833333333333336,167.45833333333334,18.473809523809525,17.383333333333333,19.9375,87.13571428571429,83.04166666666667,94.89166666666667,418.2976190476191,380.8333333333333,452.9583333333333,19.5375,18.1125,20.308333333333334,929.9166666666665
SanCheong,Strawberry,1,52,2020-11-05,1,25.2,9.0,10.4,8.0,11.6,16.64,6.0,7,9.702548654244307,6.533333333333334,12.424000000000001,120.77428571428572,26.0,152.83333333333334,16.292581780538303,14.8125,17.783333333333335,88.65754037267082,86.49166666666667,96.73478260869565,474.5032712215321,409.7916666666667,670.8695652173913,17.818187370600416,16.043478260869566,19.354166666666668,845.4200000000001
SanCheong,Strawberry,1,52,2020-11-05,2,26.2,7.0,9.7,7.6,10.5,16.47,6.0,7,9.702548654244307,6.533333333333334,12.424000000000001,120.77428571428572,26.0,152.83333333333334,16.292581780538303,14.8125,17.783333333333335,88.65754037267082,86.49166666666667,96.73478260869565,474.5032712215321,409.7916666666667,670.8695652173913,17.818187370600416,16.043478260869566,19.354166666666668,845.4200000000001
SanCheong,Strawberry,1,52,2020-11-05,3,16.0,5.0,7.5,5.9,3.3,12.48,3.0,7,9.702548654244307,6.533333333333334,12.424000000000001,120.77428571428572,26.0,152.83333333333334,16.292581780538303,14.8125,17.783333333333335,88.65754037267082,86.49166666666667,96.73478260869565,474.5032712215321,409.7916666666667,670.8695652173913,17.818187370600416,16.043478260869566,19.354166666666668,845.4200000000001
SanCheong,Strawberry,1,52,2020-11-05,4,22.4,7.0,8.2,6.7,10.2,10.97,9.0,7,9.702548654244307,6.533333333333334,12.424000000000001,120.77428571428572,26.0,152.83333333333334,16.292581780538303,14.8125,17.783333333333335,88.65754037267082,86.49166666666667,96.73478260869565,474.5032712215321,409.7916666666667,670.8695652173913,17.818187370600416,16.043478260869566,19.354166666666668,845.4200000000001
SanCheong,Strawberry,1,52,2020-11-11,1,28.5,9.0,10.8,8.1,11.5,16.44,8.0,7,9.04404761904762,6.533333333333334,13.458333333333334,111.96428571428571,24.958333333333332,147.875,15.358333333333334,14.395833333333334,15.950000000000001,90.55892857142858,88.27083333333333,96.60416666666667,518.1904761904763,410.7083333333333,820.75,16.83511904761905,15.495833333333332,17.954166666666666,783.75
SanCheong,Strawberry,1,52,2020-11-11,2,27.5,8.0,10.2,8.9,14.2,16.92,5.0,7,9.04404761904762,6.533333333333334,13.458333333333334,111.96428571428571,24.958333333333332,147.875,15.358333333333334,14.395833333333334,15.950000000000001,90.55892857142858,88.27083333333333,96.60416666666667,518.1904761904763,410.7083333333333,820.75,16.83511904761905,15.495833333333332,17.954166666666666,783.75
SanCheong,Strawberry,1,52,2020-11-11,3,16.3,6.0,4.6,3.6,2.9,12.61,7.0,7,9.04404761904762,6.533333333333334,13.458333333333334,111.96428571428571,24.958333333333332,147.875,15.358333333333334,14.395833333333334,15.950000000000001,90.55892857142858,88.27083333333333,96.60416666666667,518.1904761904763,410.7083333333333,820.75,16.83511904761905,15.495833333333332,17.954166666666666,783.75
SanCheong,Strawberry,1,52,2020-11-11,4,22.2,7.0,7.9,6.9,11.0,11.78,5.0,7,9.04404761904762,6.533333333333334,13.458333333333334,111.96428571428571,24.958333333333332,147.875,15.358333333333334,14.395833333333334,15.950000000000001,90.55892857142858,88.27083333333333,96.60416666666667,518.1904761904763,410.7083333333333,820.75,16.83511904761905,15.495833333333332,17.954166666666666,783.75
SanCheong,Strawberry,1,52,2020-11-18,1,29.6,9.0,10.9,7.8,12.0,16.77,6.0,7,9.38154761904762,6.258333333333333,14.358333333333334,99.39285714285712,55.666666666666664,118.125,15.024404761904764,14.362499999999999,16.741666666666667,90.80952380952382,89.54166666666667,93.12083333333334,497.654761904762,470.9583333333333,531.75,16.820833333333333,16.420833333333334,17.0,695.7499999999999
SanCheong,Strawberry,1,52,2020-11-18,2,27.7,8.0,10.6,9.0,14.7,17.25,5.0,7,9.38154761904762,6.258333333333333,14.358333333333334,99.39285714285712,55.666666666666664,118.125,15.024404761904764,14.362499999999999,16.741666666666667,90.80952380952382,89.54166666666667,93.12083333333334,497.654761904762,470.9583333333333,531.75,16.820833333333333,16.420833333333334,17.0,695.7499999999999
SanCheong,Strawberry,1,52,2020-11-18,3,17.0,6.0,6.8,5.6,3.5,14.13,8.0,7,9.38154761904762,6.258333333333333,14.358333333333334,99.39285714285712,55.666666666666664,118.125,15.024404761904764,14.362499999999999,16.741666666666667,90.80952380952382,89.54166666666667,93.12083333333334,497.654761904762,470.9583333333333,531.75,16.820833333333333,16.420833333333334,17.0,695.7499999999999
SanCheong,Strawberry,1,52,2020-11-18,4,22.5,7.0,9.0,7.9,10.6,14.68,5.0,7,9.38154761904762,6.258333333333333,14.358333333333334,99.39285714285712,55.666666666666664,118.125,15.024404761904764,14.362499999999999,16.741666666666667,90.80952380952382,89.54166666666667,93.12083333333334,497.654761904762,470.9583333333333,531.75,16.820833333333333,16.420833333333334,17.0,695.7499999999999
SanCheong,Strawberry,1,52,2020-12-23,1,29.9,11.0,8.4,6.6,13.5,16.54,1.0,7,-0.37726510540420316,-2.538888888888889,0.32857142857142857,84.19606496714212,44.42857142857143,104.375,11.92907636350428,11.538888888888888,12.4,84.68146936723515,82.21666666666667,89.78571428571429,576.2819717867038,530.9090909090909,660.047619047619,15.185641594339698,14.99,15.434782608695652,589.3724547699949
SanCheong,Strawberry,1,52,2020-12-23,2,28.0,11.0,9.5,7.8,13.0,17.48,0.0,7,-0.37726510540420316,-2.538888888888889,0.32857142857142857,84.19606496714212,44.42857142857143,104.375,11.92907636350428,11.538888888888888,12.4,84.68146936723515,82.21666666666667,89.78571428571429,576.2819717867038,530.9090909090909,660.047619047619,15.185641594339698,14.99,15.434782608695652,589.3724547699949
SanCheong,Strawberry,1,52,2020-12-23,3,24.2,8.0,8.2,7.0,14.0,12.43,1.5,7,-0.37726510540420316,-2.538888888888889,0.32857142857142857,84.19606496714212,44.42857142857143,104.375,11.92907636350428,11.538888888888888,12.4,84.68146936723515,82.21666666666667,89.78571428571429,576.2819717867038,530.9090909090909,660.047619047619,15.185641594339698,14.99,15.434782608695652,589.3724547699949
SanCheong,Strawberry,1,52,2020-12-23,4,21.3,8.0,9.5,8.0,9.2,12.36,1.5,7,-0.37726510540420316,-2.538888888888889,0.32857142857142857,84.19606496714212,44.42857142857143,104.375,11.92907636350428,11.538888888888888,12.4,84.68146936723515,82.21666666666667,89.78571428571429,576.2819717867038,530.9090909090909,660.047619047619,15.185641594339698,14.99,15.434782608695652,589.3724547699949
SanCheong,Strawberry,1,52,2020-12-30,1,29.5,12.0,9.4,7.5,14.8,16.52,2.0,7,2.3428884711779445,0.22105263157894728,3.716666666666667,75.6174130979623,34.30434782608695,94.625,13.283386455268609,12.205263157894738,14.204166666666666,87.87460226653592,83.99583333333334,93.01739130434783,645.2790263702735,455.1666666666667,889.0869565217391,16.222308488612835,15.6,16.895833333333332,529.3218916857361
SanCheong,Strawberry,1,52,2020-12-30,2,26.9,13.0,8.6,8.0,14.2,17.53,1.0,7,2.3428884711779445,0.22105263157894728,3.716666666666667,75.6174130979623,34.30434782608695,94.625,13.283386455268609,12.205263157894738,14.204166666666666,87.87460226653592,83.99583333333334,93.01739130434783,645.2790263702735,455.1666666666667,889.0869565217391,16.222308488612835,15.6,16.895833333333332,529.3218916857361
SanCheong,Strawberry,1,52,2020-12-30,3,24.0,9.0,8.3,7.0,13.5,14.25,3.0,7,2.3428884711779445,0.22105263157894728,3.716666666666667,75.6174130979623,34.30434782608695,94.625,13.283386455268609,12.205263157894738,14.204166666666666,87.87460226653592,83.99583333333334,93.01739130434783,645.2790263702735,455.1666666666667,889.0869565217391,16.222308488612835,15.6,16.895833333333332,529.3218916857361
SanCheong,Strawberry,1,52,2020-12-30,4,22.8,10.0,8.5,6.7,10.5,13.7,3.0,7,2.3428884711779445,0.22105263157894728,3.716666666666667,75.6174130979623,34.30434782608695,94.625,13.283386455268609,12.205263157894738,14.204166666666666,87.87460226653592,83.99583333333334,93.01739130434783,645.2790263702735,455.1666666666667,889.0869565217391,16.222308488612835,15.6,16.895833333333332,529.3218916857361
SanCheong,Strawberry,1,52,2021-01-25,1,30.3,12.0,7.0,5.7,13.0,15.99,0.5,7,3.4555299911032997,-4.355555555555556,10.172727272727274,57.91611781076067,0.0,140.61904761904762,13.941156652453644,8.955555555555556,16.152380952380952,92.24806970076705,87.27619047619048,97.93636363636364,916.6754486324033,674.375,1182.4,17.044745576061363,13.422222222222222,19.175,405.41282467532466
SanCheong,Strawberry,1,52,2021-01-25,2,29.2,11.0,6.7,5.3,12.0,17.54,5.0,7,3.4555299911032997,-4.355555555555556,10.172727272727274,57.91611781076067,0.0,140.61904761904762,13.941156652453644,8.955555555555556,16.152380952380952,92.24806970076705,87.27619047619048,97.93636363636364,916.6754486324033,674.375,1182.4,17.044745576061363,13.422222222222222,19.175,405.41282467532466
SanCheong,Strawberry,1,52,2021-01-25,3,24.5,7.0,4.8,4.0,8.3,13.7,0.0,7,3.4555299911032997,-4.355555555555556,10.172727272727274,57.91611781076067,0.0,140.61904761904762,13.941156652453644,8.955555555555556,16.152380952380952,92.24806970076705,87.27619047619048,97.93636363636364,916.6754486324033,674.375,1182.4,17.044745576061363,13.422222222222222,19.175,405.41282467532466
SanCheong,Strawberry,1,52,2021-01-25,4,23.2,8.0,8.2,6.1,9.5,14.62,0.5,7,3.4555299911032997,-4.355555555555556,10.172727272727274,57.91611781076067,0.0,140.61904761904762,13.941156652453644,8.955555555555556,16.152380952380952,92.24806970076705,87.27619047619048,97.93636363636364,916.6754486324033,674.375,1182.4,17.044745576061363,13.422222222222222,19.175,405.41282467532466
SanCheong,Strawberry,1,52,2021-02-02,1,29.0,11.0,7.0,6.0,12.8,16.99,3.0,7,3.0459343705584305,-2.7636363636363637,7.5285714285714285,86.98109179876097,4.25,151.38888888888889,14.600489589775304,12.408333333333333,16.88888888888889,85.56522475018714,78.37777777777778,94.14999999999999,728.5757277392615,525.8636363636364,1084.25,18.35512699497662,16.25,19.716666666666665,608.8676425913268
SanCheong,Strawberry,1,52,2021-02-02,2,29.6,11.0,6.7,5.0,12.0,17.66,2.0,7,3.0459343705584305,-2.7636363636363637,7.5285714285714285,86.98109179876097,4.25,151.38888888888889,14.600489589775304,12.408333333333333,16.88888888888889,85.56522475018714,78.37777777777778,94.14999999999999,728.5757277392615,525.8636363636364,1084.25,18.35512699497662,16.25,19.716666666666665,608.8676425913268
SanCheong,Strawberry,1,52,2021-02-02,3,23.5,7.0,5.4,3.2,9.0,14.27,0.0,7,3.0459343705584305,-2.7636363636363637,7.5285714285714285,86.98109179876097,4.25,151.38888888888889,14.600489589775304,12.408333333333333,16.88888888888889,85.56522475018714,78.37777777777778,94.14999999999999,728.5757277392615,525.8636363636364,1084.25,18.35512699497662,16.25,19.716666666666665,608.8676425913268
SanCheong,Strawberry,1,52,2021-02-02,4,23.4,8.0,5.5,4.2,14.0,15.45,2.0,7,3.0459343705584305,-2.7636363636363637,7.5285714285714285,86.98109179876097,4.25,151.38888888888889,14.600489589775304,12.408333333333333,16.88888888888889,85.56522475018714,78.37777777777778,94.14999999999999,728.5757277392615,525.8636363636364,1084.25,18.35512699497662,16.25,19.716666666666665,608.8676425913268
SanCheong,Strawberry,1,52,2021-02-09,1,25.0,12.0,7.0,5.5,14.5,18.95,6.0,7,2.5580329246323035,0.03043478260869566,6.468181818181819,132.58318141485844,93.38095238095238,155.79166666666666,15.44450008066468,15.0875,16.072727272727274,81.86323962786696,79.48181818181818,85.05238095238094,674.7795851146783,595.7916666666666,774.4285714285714,18.850191444166597,18.51904761904762,19.222727272727273,928.0822699040091
SanCheong,Strawberry,1,52,2021-02-09,2,27.3,7.0,6.7,5.5,13.2,16.58,1.0,7,2.5580329246323035,0.03043478260869566,6.468181818181819,132.58318141485844,93.38095238095238,155.79166666666666,15.44450008066468,15.0875,16.072727272727274,81.86323962786696,79.48181818181818,85.05238095238094,674.7795851146783,595.7916666666666,774.4285714285714,18.850191444166597,18.51904761904762,19.222727272727273,928.0822699040091
SanCheong,Strawberry,1,52,2021-02-09,3,24.5,8.0,4.2,3.2,8.7,14.25,2.0,7,2.5580329246323035,0.03043478260869566,6.468181818181819,132.58318141485844,93.38095238095238,155.79166666666666,15.44450008066468,15.0875,16.072727272727274,81.86323962786696,79.48181818181818,85.05238095238094,674.7795851146783,595.7916666666666,774.4285714285714,18.850191444166597,18.51904761904762,19.222727272727273,928.0822699040091
SanCheong,Strawberry,1,52,2021-02-09,4,23.0,8.0,5.7,4.0,10.5,15.66,6.0,7,2.5580329246323035,0.03043478260869566,6.468181818181819,132.58318141485844,93.38095238095238,155.79166666666666,15.44450008066468,15.0875,16.072727272727274,81.86323962786696,79.48181818181818,85.05238095238094,674.7795851146783,595.7916666666666,774.4285714285714,18.850191444166597,18.51904761904762,19.222727272727273,928.0822699040091
SanCheong,Strawberry,1,52,2021-02-16,1,29.7,13.0,6.7,4.9,15.4,18.9,5.5,7,5.222920666290231,1.5434782608695652,8.382608695652175,123.61012610577828,70.17391304347827,158.70833333333334,14.889608977978542,13.57391304347826,16.2375,80.95376246941464,74.58749999999999,87.52608695652174,638.5901797477885,616.9130434782609,653.2272727272727,17.769367588932806,16.917391304347827,19.041666666666668,865.270882740448
SanCheong,Strawberry,1,52,2021-02-16,2,27.7,8.0,7.6,5.6,14.0,17.13,6.0,7,5.222920666290231,1.5434782608695652,8.382608695652175,123.61012610577828,70.17391304347827,158.70833333333334,14.889608977978542,13.57391304347826,16.2375,80.95376246941464,74.58749999999999,87.52608695652174,638.5901797477885,616.9130434782609,653.2272727272727,17.769367588932806,16.917391304347827,19.041666666666668,865.270882740448
SanCheong,Strawberry,1,52,2021-02-16,3,24.6,9.0,5.2,3.5,11.4,14.36,4.0,7,5.222920666290231,1.5434782608695652,8.382608695652175,123.61012610577828,70.17391304347827,158.70833333333334,14.889608977978542,13.57391304347826,16.2375,80.95376246941464,74.58749999999999,87.52608695652174,638.5901797477885,616.9130434782609,653.2272727272727,17.769367588932806,16.917391304347827,19.041666666666668,865.270882740448
SanCheong,Strawberry,1,52,2021-02-16,4,24.0,8.0,5.6,4.0,12.0,15.69,6.0,7,5.222920666290231,1.5434782608695652,8.382608695652175,123.61012610577828,70.17391304347827,158.70833333333334,14.889608977978542,13.57391304347826,16.2375,80.95376246941464,74.58749999999999,87.52608695652174,638.5901797477885,616.9130434782609,653.2272727272727,17.769367588932806,16.917391304347827,19.041666666666668,865.270882740448
SanCheong,Strawberry,1,52,2021-02-26,1,32.5,13.0,8.2,7.5,20.4,19.0,2.0,7,6.536930641821946,1.5739130434782609,12.266666666666666,126.73558897243107,20.31578947368421,168.69565217391303,14.876250408630272,10.831578947368422,17.470833333333335,84.32451781627984,75.1304347826087,97.8625,574.4003350768224,388.3333333333333,696.8947368421053,18.383372834259564,15.352631578947367,19.754166666666666,887.1491228070175
SanCheong,Strawberry,1,52,2021-02-26,2,28.5,9.0,5.5,5.6,13.8,17.32,2.0,7,6.536930641821946,1.5739130434782609,12.266666666666666,126.73558897243107,20.31578947368421,168.69565217391303,14.876250408630272,10.831578947368422,17.470833333333335,84.32451781627984,75.1304347826087,97.8625,574.4003350768224,388.3333333333333,696.8947368421053,18.383372834259564,15.352631578947367,19.754166666666666,887.1491228070175
SanCheong,Strawberry,1,52,2021-02-26,3,23.9,7.0,7.7,6.1,12.4,14.52,3.0,7,6.536930641821946,1.5739130434782609,12.266666666666666,126.73558897243107,20.31578947368421,168.69565217391303,14.876250408630272,10.831578947368422,17.470833333333335,84.32451781627984,75.1304347826087,97.8625,574.4003350768224,388.3333333333333,696.8947368421053,18.383372834259564,15.352631578947367,19.754166666666666,887.1491228070175
SanCheong,Strawberry,1,52,2021-02-26,4,24.1,6.0,8.0,7.0,14.8,15.9,0.5,7,6.536930641821946,1.5739130434782609,12.266666666666666,126.73558897243107,20.31578947368421,168.69565217391303,14.876250408630272,10.831578947368422,17.470833333333335,84.32451781627984,75.1304347826087,97.8625,574.4003350768224,388.3333333333333,696.8947368421053,18.383372834259564,15.352631578947367,19.754166666666666,887.1491228070175
SanCheong,Strawberry,1,52,2021-03-05,1,33.0,13.0,8.5,7.5,21.4,19.33,1.5,7,6.802860571105913,4.014285714285714,10.759090909090908,88.1967982845312,12.818181818181818,163.04761904761904,14.455620983571295,11.680952380952382,15.545833333333334,86.20720974160416,78.64761904761905,95.96818181818183,611.3817959990321,551.8571428571429,685.3636363636364,17.734086875857063,15.976190476190476,19.243478260869566,617.3775879917184
SanCheong,Strawberry,1,52,2021-03-05,2,29.2,9.0,9.1,7.9,18.5,17.82,1.0,7,6.802860571105913,4.014285714285714,10.759090909090908,88.1967982845312,12.818181818181818,163.04761904761904,14.455620983571295,11.680952380952382,15.545833333333334,86.20720974160416,78.64761904761905,95.96818181818183,611.3817959990321,551.8571428571429,685.3636363636364,17.734086875857063,15.976190476190476,19.243478260869566,617.3775879917184
SanCheong,Strawberry,1,52,2021-03-05,3,24.5,7.0,8.6,7.0,15.2,14.6,3.0,7,6.802860571105913,4.014285714285714,10.759090909090908,88.1967982845312,12.818181818181818,163.04761904761904,14.455620983571295,11.680952380952382,15.545833333333334,86.20720974160416,78.64761904761905,95.96818181818183,611.3817959990321,551.8571428571429,685.3636363636364,17.734086875857063,15.976190476190476,19.243478260869566,617.3775879917184
SanCheong,Strawberry,1,52,2021-03-05,4,24.6,6.0,8.5,6.7,15.0,15.23,1.5,7,6.802860571105913,4.014285714285714,10.759090909090908,88.1967982845312,12.818181818181818,163.04761904761904,14.455620983571295,11.680952380952382,15.545833333333334,86.20720974160416,78.64761904761905,95.96818181818183,611.3817959990321,551.8571428571429,685.3636363636364,17.734086875857063,15.976190476190476,19.243478260869566,617.3775879917184
SanCheong,Strawberry,1,52,2021-03-10,1,33.1,14.0,9.1,7.6,20.5,19.83,1.5,7,7.171679976338361,4.014285714285714,10.256521739130434,136.2834960070985,17.19047619047619,187.91304347826087,15.413620230700976,11.680952380952382,17.279166666666665,82.24663191363503,77.29166666666667,93.26666666666667,585.3588805087251,533.4347826086956,640.4285714285714,18.51616385684709,15.976190476190476,19.220833333333335,953.9844720496895
SanCheong,Strawberry,1,52,2021-03-10,2,29.7,9.0,8.3,7.3,12.5,18.96,2.0,7,7.171679976338361,4.014285714285714,10.256521739130434,136.2834960070985,17.19047619047619,187.91304347826087,15.413620230700976,11.680952380952382,17.279166666666665,82.24663191363503,77.29166666666667,93.26666666666667,585.3588805087251,533.4347826086956,640.4285714285714,18.51616385684709,15.976190476190476,19.220833333333335,953.9844720496895
SanCheong,Strawberry,1,52,2021-03-10,3,24.9,6.0,8.8,7.3,15.3,14.41,3.0,7,7.171679976338361,4.014285714285714,10.256521739130434,136.2834960070985,17.19047619047619,187.91304347826087,15.413620230700976,11.680952380952382,17.279166666666665,82.24663191363503,77.29166666666667,93.26666666666667,585.3588805087251,533.4347826086956,640.4285714285714,18.51616385684709,15.976190476190476,19.220833333333335,953.9844720496895
SanCheong,Strawberry,1,52,2021-03-10,4,25.6,6.0,8.6,6.8,15.4,15.63,4.0,7,7.171679976338361,4.014285714285714,10.256521739130434,136.2834960070985,17.19047619047619,187.91304347826087,15.413620230700976,11.680952380952382,17.279166666666665,82.24663191363503,77.29166666666667,93.26666666666667,585.3588805087251,533.4347826086956,640.4285714285714,18.51616385684709,15.976190476190476,19.220833333333335,953.9844720496895
SanCheong,Strawberry,1,52,2021-03-17,1,31.1,10.0,8.3,7.5,20.5,19.25,2.5,7,10.194047619047618,8.5625,14.966666666666667,166.65476190476193,33.541666666666664,204.41666666666666,15.234523809523811,13.229166666666666,17.904166666666665,77.30535714285715,69.52499999999999,94.09583333333335,468.9761904761904,382.25,534.5,17.510119047619046,15.645833333333334,19.341666666666665,1166.5833333333335
SanCheong,Strawberry,1,52,2021-03-17,2,23.8,5.0,8.1,7.5,13.5,19.32,1.5,7,10.194047619047618,8.5625,14.966666666666667,166.65476190476193,33.541666666666664,204.41666666666666,15.234523809523811,13.229166666666666,17.904166666666665,77.30535714285715,69.52499999999999,94.09583333333335,468.9761904761904,382.25,534.5,17.510119047619046,15.645833333333334,19.341666666666665,1166.5833333333335
SanCheong,Strawberry,1,52,2021-03-17,3,23.4,6.0,9.0,7.4,13.8,15.16,0.0,7,10.194047619047618,8.5625,14.966666666666667,166.65476190476193,33.541666666666664,204.41666666666666,15.234523809523811,13.229166666666666,17.904166666666665,77.30535714285715,69.52499999999999,94.09583333333335,468.9761904761904,382.25,534.5,17.510119047619046,15.645833333333334,19.341666666666665,1166.5833333333335
SanCheong,Strawberry,1,52,2021-03-17,4,25.2,5.0,8.8,6.9,15.7,14.76,3.0,7,10.194047619047618,8.5625,14.966666666666667,166.65476190476193,33.541666666666664,204.41666666666666,15.234523809523811,13.229166666666666,17.904166666666665,77.30535714285715,69.52499999999999,94.09583333333335,468.9761904761904,382.25,534.5,17.510119047619046,15.645833333333334,19.341666666666665,1166.5833333333335
SanCheong,Strawberry,1,52,2021-03-24,1,33.4,13.0,7.7,6.7,12.3,19.84,2.5,7,9.719047619047618,7.516666666666667,12.508333333333333,188.70238095238096,44.958333333333336,240.79166666666666,15.217857142857142,14.529166666666667,16.516666666666666,73.56547619047619,67.57916666666667,88.92916666666667,375.2738095238095,338.4583333333333,440.25,17.877380952380953,16.904166666666665,19.337500000000002,1320.9166666666667
SanCheong,Strawberry,1,52,2021-03-24,2,24.0,6.0,8.2,7.4,13.3,19.41,3.0,7,9.719047619047618,7.516666666666667,12.508333333333333,188.70238095238096,44.958333333333336,240.79166666666666,15.217857142857142,14.529166666666667,16.516666666666666,73.56547619047619,67.57916666666667,88.92916666666667,375.2738095238095,338.4583333333333,440.25,17.877380952380953,16.904166666666665,19.337500000000002,1320.9166666666667
SanCheong,Strawberry,1,52,2021-03-24,4,26.6,6.0,7.2,6.0,12.2,14.8,3.0,7,9.719047619047618,7.516666666666667,12.508333333333333,188.70238095238096,44.958333333333336,240.79166666666666,15.217857142857142,14.529166666666667,16.516666666666666,73.56547619047619,67.57916666666667,88.92916666666667,375.2738095238095,338.4583333333333,440.25,17.877380952380953,16.904166666666665,19.337500000000002,1320.9166666666667
SanCheong,Strawberry,1,52,2021-03-31,1,33.6,13.0,10.2,7.7,15.3,19.96,2.0,7,12.080357142857142,8.508333333333333,14.6625,176.86904761904765,37.875,232.25,15.939285714285713,14.091666666666667,17.287499999999998,76.72738095238095,68.77916666666667,89.53750000000001,394.7857142857143,362.7083333333333,434.7083333333333,17.607738095238094,15.4625,19.383333333333333,1238.0833333333335
SanCheong,Strawberry,1,52,2021-03-31,2,25.2,9.0,9.8,6.6,8.6,19.71,3.0,7,12.080357142857142,8.508333333333333,14.6625,176.86904761904765,37.875,232.25,15.939285714285713,14.091666666666667,17.287499999999998,76.72738095238095,68.77916666666667,89.53750000000001,394.7857142857143,362.7083333333333,434.7083333333333,17.607738095238094,15.4625,19.383333333333333,1238.0833333333335
SanCheong,Strawberry,1,52,2021-03-31,3,26.3,6.0,9.2,7.6,14.5,15.99,0.0,7,12.080357142857142,8.508333333333333,14.6625,176.86904761904765,37.875,232.25,15.939285714285713,14.091666666666667,17.287499999999998,76.72738095238095,68.77916666666667,89.53750000000001,394.7857142857143,362.7083333333333,434.7083333333333,17.607738095238094,15.4625,19.383333333333333,1238.0833333333335
SanCheong,Strawberry,1,52,2021-03-31,4,26.8,6.0,7.5,6.0,12.2,14.85,2.0,7,12.080357142857142,8.508333333333333,14.6625,176.86904761904765,37.875,232.25,15.939285714285713,14.091666666666667,17.287499999999998,76.72738095238095,68.77916666666667,89.53750000000001,394.7857142857143,362.7083333333333,434.7083333333333,17.607738095238094,15.4625,19.383333333333333,1238.0833333333335
SanCheong,Strawberry,1,52,2021-04-07,1,33.7,14.0,10.0,7.5,14.5,20.06,1.5,7,12.9,9.791666666666666,16.349999999999998,172.91071428571428,36.083333333333336,264.6666666666667,15.858928571428574,13.591666666666667,18.758333333333333,75.08154761904761,66.2625,91.22916666666667,346.80952380952385,324.125,368.125,17.401785714285715,16.104166666666668,18.645833333333332,1210.375
SanCheong,Strawberry,1,52,2021-04-07,2,25.5,11.0,8.9,7.2,10.0,20.36,2.0,7,12.9,9.791666666666666,16.349999999999998,172.91071428571428,36.083333333333336,264.6666666666667,15.858928571428574,13.591666666666667,18.758333333333333,75.08154761904761,66.2625,91.22916666666667,346.80952380952385,324.125,368.125,17.401785714285715,16.104166666666668,18.645833333333332,1210.375
SanCheong,Strawberry,1,52,2021-04-07,3,27.5,7.0,8.0,6.7,11.8,16.07,6.0,7,12.9,9.791666666666666,16.349999999999998,172.91071428571428,36.083333333333336,264.6666666666667,15.858928571428574,13.591666666666667,18.758333333333333,75.08154761904761,66.2625,91.22916666666667,346.80952380952385,324.125,368.125,17.401785714285715,16.104166666666668,18.645833333333332,1210.375
SanCheong,Strawberry,1,52,2021-04-07,4,29.3,7.0,7.4,6.0,10.6,15.05,1.0,7,12.9,9.791666666666666,16.349999999999998,172.91071428571428,36.083333333333336,264.6666666666667,15.858928571428574,13.591666666666667,18.758333333333333,75.08154761904761,66.2625,91.22916666666667,346.80952380952385,324.125,368.125,17.401785714285715,16.104166666666668,18.645833333333332,1210.375
SanCheong,Strawberry,1,52,2021-04-12,1,33.9,17.0,9.0,7.5,14.5,20.94,1.5,7,11.683333333333334,9.791666666666666,15.3375,232.53571428571428,147.375,265.9166666666667,14.705357142857142,13.237499999999999,17.041666666666668,68.53809523809524,61.862500000000004,73.05,335.4047619047619,323.625,351.3333333333333,16.538690476190478,15.375,17.595833333333335,1627.75
SanCheong,Strawberry,1,52,2021-04-12,2,27.5,11.0,9.2,7.5,10.2,20.56,0.0,7,11.683333333333334,9.791666666666666,15.3375,232.53571428571428,147.375,265.9166666666667,14.705357142857142,13.237499999999999,17.041666666666668,68.53809523809524,61.862500000000004,73.05,335.4047619047619,323.625,351.3333333333333,16.538690476190478,15.375,17.595833333333335,1627.75
SanCheong,Strawberry,1,52,2021-04-12,3,28.5,9.0,8.4,7.0,12.0,16.26,3.0,7,11.683333333333334,9.791666666666666,15.3375,232.53571428571428,147.375,265.9166666666667,14.705357142857142,13.237499999999999,17.041666666666668,68.53809523809524,61.862500000000004,73.05,335.4047619047619,323.625,351.3333333333333,16.538690476190478,15.375,17.595833333333335,1627.75
SanCheong,Strawberry,1,52,2021-04-12,4,28.0,6.0,7.8,6.0,15.3,15.27,1.0,7,11.683333333333334,9.791666666666666,15.3375,232.53571428571428,147.375,265.9166666666667,14.705357142857142,13.237499999999999,17.041666666666668,68.53809523809524,61.862500000000004,73.05,335.4047619047619,323.625,351.3333333333333,16.538690476190478,15.375,17.595833333333335,1627.75
SanCheong,Strawberry,1,52,2021-04-21,1,32.5,19.0,9.5,8.4,17.4,20.52,3.0,7,12.236309523809524,9.858333333333333,16.304166666666667,239.9702380952381,171.125,285.25,16.308333333333337,14.179166666666667,18.991666666666667,94.9875,80.4375,98.71249999999999,387.7083333333333,356.0,417.8333333333333,17.79345238095238,16.016666666666666,19.545833333333334,1679.7916666666667
SanCheong,Strawberry,1,52,2021-04-21,2,24.9,13.0,9.1,7.2,12.4,21.2,0.0,7,12.236309523809524,9.858333333333333,16.304166666666667,239.9702380952381,171.125,285.25,16.308333333333337,14.179166666666667,18.991666666666667,94.9875,80.4375,98.71249999999999,387.7083333333333,356.0,417.8333333333333,17.79345238095238,16.016666666666666,19.545833333333334,1679.7916666666667
SanCheong,Strawberry,1,52,2021-04-21,3,22.7,8.0,9.7,7.4,11.1,16.94,3.0,7,12.236309523809524,9.858333333333333,16.304166666666667,239.9702380952381,171.125,285.25,16.308333333333337,14.179166666666667,18.991666666666667,94.9875,80.4375,98.71249999999999,387.7083333333333,356.0,417.8333333333333,17.79345238095238,16.016666666666666,19.545833333333334,1679.7916666666667
SanCheong,Strawberry,1,52,2021-04-21,4,25.2,7.0,8.6,7.3,8.7,15.25,3.0,7,12.236309523809524,9.858333333333333,16.304166666666667,239.9702380952381,171.125,285.25,16.308333333333337,14.179166666666667,18.991666666666667,94.9875,80.4375,98.71249999999999,387.7083333333333,356.0,417.8333333333333,17.79345238095238,16.016666666666666,19.545833333333334,1679.7916666666667
SanCheong,Strawberry,1,52,2021-04-28,1,32.6,21.0,11.1,7.5,17.6,20.54,3.0,7,15.67797619047619,12.066666666666668,17.883333333333333,218.61904761904762,129.375,289.875,17.79940476190476,13.954166666666666,19.3625,68.50297619047619,61.19583333333333,77.29166666666667,351.63095238095235,328.0416666666667,378.875,18.622619047619047,15.308333333333332,19.683333333333334,1530.3333333333333
SanCheong,Strawberry,1,52,2021-04-28,2,25.0,15.0,10.5,7.5,14.0,21.48,1.3333333333333333,7,15.67797619047619,12.066666666666668,17.883333333333333,218.61904761904762,129.375,289.875,17.79940476190476,13.954166666666666,19.3625,68.50297619047619,61.19583333333333,77.29166666666667,351.63095238095235,328.0416666666667,378.875,18.622619047619047,15.308333333333332,19.683333333333334,1530.3333333333333
SanCheong,Strawberry,1,52,2021-04-28,3,23.2,8.0,9.8,7.6,11.4,16.97,1.0,7,15.67797619047619,12.066666666666668,17.883333333333333,218.61904761904762,129.375,289.875,17.79940476190476,13.954166666666666,19.3625,68.50297619047619,61.19583333333333,77.29166666666667,351.63095238095235,328.0416666666667,378.875,18.622619047619047,15.308333333333332,19.683333333333334,1530.3333333333333
SanCheong,Strawberry,1,52,2021-04-28,4,25.6,9.0,8.5,6.8,10.1,15.27,3.0,7,15.67797619047619,12.066666666666668,17.883333333333333,218.61904761904762,129.375,289.875,17.79940476190476,13.954166666666666,19.3625,68.50297619047619,61.19583333333333,77.29166666666667,351.63095238095235,328.0416666666667,378.875,18.622619047619047,15.308333333333332,19.683333333333334,1530.3333333333333
SanCheong,Strawberry,1,52,2021-05-07,1,32.7,29.0,10.5,6.5,17.8,20.65,2.0,7,14.233333333333334,11.299999999999999,17.650000000000002,234.12229437229436,46.75,305.75,16.846590909090907,14.7875,19.645833333333332,72.0249458874459,60.12916666666666,91.96249999999999,333.17586580086584,315.5,342.625,17.766883116883115,16.068181818181817,20.045833333333334,1638.8560606060605
SanCheong,Strawberry,1,52,2021-05-07,2,26.8,18.0,10.6,7.7,14.8,21.5,3.0,7,14.233333333333334,11.299999999999999,17.650000000000002,234.12229437229436,46.75,305.75,16.846590909090907,14.7875,19.645833333333332,72.0249458874459,60.12916666666666,91.96249999999999,333.17586580086584,315.5,342.625,17.766883116883115,16.068181818181817,20.045833333333334,1638.8560606060605
SanCheong,Strawberry,1,52,2021-05-07,3,23.5,9.0,9.5,8.1,13.0,17.04,1.5,7,14.233333333333334,11.299999999999999,17.650000000000002,234.12229437229436,46.75,305.75,16.846590909090907,14.7875,19.645833333333332,72.0249458874459,60.12916666666666,91.96249999999999,333.17586580086584,315.5,342.625,17.766883116883115,16.068181818181817,20.045833333333334,1638.8560606060605
SanCheong,Strawberry,1,52,2021-05-07,4,26.0,13.0,9.0,5.9,12.0,15.25,2.0,7,14.233333333333334,11.299999999999999,17.650000000000002,234.12229437229436,46.75,305.75,16.846590909090907,14.7875,19.645833333333332,72.0249458874459,60.12916666666666,91.96249999999999,333.17586580086584,315.5,342.625,17.766883116883115,16.068181818181817,20.045833333333334,1638.8560606060605
SanCheong,Strawberry,1,52,2021-05-12,1,33.0,28.0,11.0,7.5,17.0,20.72,0.0,7,15.608333333333334,13.75,17.966666666666665,241.22348484848484,115.625,314.2083333333333,17.77397186147186,15.863636363636363,19.645833333333332,70.58387445887446,59.09166666666667,79.89583333333333,345.45562770562765,334.27272727272725,383.2083333333333,18.312121212121212,16.068181818181817,19.941666666666666,1688.564393939394
SanCheong,Strawberry,1,52,2021-05-12,2,27.0,20.0,11.7,7.4,14.4,21.68,4.0,7,15.608333333333334,13.75,17.966666666666665,241.22348484848484,115.625,314.2083333333333,17.77397186147186,15.863636363636363,19.645833333333332,70.58387445887446,59.09166666666667,79.89583333333333,345.45562770562765,334.27272727272725,383.2083333333333,18.312121212121212,16.068181818181817,19.941666666666666,1688.564393939394
SanCheong,Strawberry,1,52,2021-05-12,3,24.0,10.0,9.3,6.3,14.3,17.13,3.0,7,15.608333333333334,13.75,17.966666666666665,241.22348484848484,115.625,314.2083333333333,17.77397186147186,15.863636363636363,19.645833333333332,70.58387445887446,59.09166666666667,79.89583333333333,345.45562770562765,334.27272727272725,383.2083333333333,18.312121212121212,16.068181818181817,19.941666666666666,1688.564393939394
SanCheong,Strawberry,1,52,2021-05-12,4,26.3,15.0,9.1,6.0,12.0,12.28,0.0,7,15.608333333333334,13.75,17.966666666666665,241.22348484848484,115.625,314.2083333333333,17.77397186147186,15.863636363636363,19.645833333333332,70.58387445887446,59.09166666666667,79.89583333333333,345.45562770562765,334.27272727272725,383.2083333333333,18.312121212121212,16.068181818181817,19.941666666666666,1688.564393939394
SanCheong,Strawberry,1,52,2021-05-20,1,34.7,32.0,10.5,6.8,21.7,20.92,5.0,7,20.058928571428574,18.095833333333335,21.175,168.13095238095238,43.291666666666664,306.9166666666667,21.676785714285717,20.245833333333334,23.554166666666664,87.35238095238094,73.41666666666667,97.77083333333333,371.48809523809524,350.125,388.75,21.60297619047619,20.4,22.72083333333333,1176.9166666666667
SanCheong,Strawberry,1,52,2021-05-20,2,29.1,23.0,11.7,7.4,14.5,21.85,4.0,7,20.058928571428574,18.095833333333335,21.175,168.13095238095238,43.291666666666664,306.9166666666667,21.676785714285717,20.245833333333334,23.554166666666664,87.35238095238094,73.41666666666667,97.77083333333333,371.48809523809524,350.125,388.75,21.60297619047619,20.4,22.72083333333333,1176.9166666666667
SanCheong,Strawberry,1,52,2021-05-20,3,26.3,10.0,8.9,6.8,15.5,17.21,3.0,7,20.058928571428574,18.095833333333335,21.175,168.13095238095238,43.291666666666664,306.9166666666667,21.676785714285717,20.245833333333334,23.554166666666664,87.35238095238094,73.41666666666667,97.77083333333333,371.48809523809524,350.125,388.75,21.60297619047619,20.4,22.72083333333333,1176.9166666666667
SanCheong,Strawberry,1,52,2021-05-20,4,25.3,17.0,9.5,7.5,13.3,12.36,4.0,7,20.058928571428574,18.095833333333335,21.175,168.13095238095238,43.291666666666664,306.9166666666667,21.676785714285717,20.245833333333334,23.554166666666664,87.35238095238094,73.41666666666667,97.77083333333333,371.48809523809524,350.125,388.75,21.60297619047619,20.4,22.72083333333333,1176.9166666666667
SanCheong,Strawberry,1,52,2021-05-26,1,35.0,36.0,7.8,4.7,18.4,21.0,5.0,7,19.319642857142856,15.966666666666667,21.554166666666664,242.65476190476193,52.666666666666664,316.1666666666667,21.399999999999995,18.245833333333334,23.554166666666664,75.60654761904763,67.34166666666667,93.75833333333333,371.7083333333333,347.625,400.25,21.50357142857143,19.716666666666665,23.1375,1698.5833333333335
SanCheong,Strawberry,1,52,2021-05-26,2,30.1,24.0,10.5,7.5,17.4,22.03,3.25,7,19.319642857142856,15.966666666666667,21.554166666666664,242.65476190476193,52.666666666666664,316.1666666666667,21.399999999999995,18.245833333333334,23.554166666666664,75.60654761904763,67.34166666666667,93.75833333333333,371.7083333333333,347.625,400.25,21.50357142857143,19.716666666666665,23.1375,1698.5833333333335
SanCheong,Strawberry,1,52,2021-05-26,3,28.2,11.0,8.7,6.7,15.0,17.43,0.0,7,19.319642857142856,15.966666666666667,21.554166666666664,242.65476190476193,52.666666666666664,316.1666666666667,21.399999999999995,18.245833333333334,23.554166666666664,75.60654761904763,67.34166666666667,93.75833333333333,371.7083333333333,347.625,400.25,21.50357142857143,19.716666666666665,23.1375,1698.5833333333335
SanCheong,Strawberry,1,52,2021-05-26,4,24.3,19.0,9.1,6.3,14.2,12.68,6.0,7,19.319642857142856,15.966666666666667,21.554166666666664,242.65476190476193,52.666666666666664,316.1666666666667,21.399999999999995,18.245833333333334,23.554166666666664,75.60654761904763,67.34166666666667,93.75833333333333,371.7083333333333,347.625,400.25,21.50357142857143,19.716666666666665,23.1375,1698.5833333333335
